08:56:19.693 [MainThread] INFO     ================================================================================
08:56:19.698 [MainThread] INFO     Viewer Debug Logger initialized - 2026-09-10 08:56:19.697484
08:56:19.698 [MainThread] INFO     ================================================================================
08:56:19.716 [MainThread] DEBUG    >>> Crash hooks enabled | 
08:56:19.716 [MainThread] DEBUG    >>> Application starting | 
08:56:20.541 [MainThread] DEBUG    >>> _abort_hq | old_token=0, active_hq=0
08:56:21.074 [MainThread] DEBUG    >>> Application window shown, entering event loop | 
08:56:31.425 [MainThread] DEBUG    >>> _load_current_image | current=FRE0740_H4F065HDF09_F6570_FVJ6801009_R_62.251694_1147.551266_0270003_0068403_20260828_135543.jpg, previous=None
08:56:31.425 [MainThread] DEBUG        [_load_current_image] action=load, path=FRE0740_H4F065HDF09_F6570_FVJ6801009_R_62.251694_1147.551266_0270003_0068403_20260828_135543.jpg
08:56:31.425 [MainThread] DEBUG    >>> _abort_hq | old_token=1, active_hq=0
08:56:31.426 [MainThread] DEBUG    >>> load_image | token=2, path=FRE0740_H4F065HDF09_F6570_FVJ6801009_R_62.251694_1147.551266_0270003_0068403_20260828_135543.jpg, has_image=False, active_threads=0, hq_threads=0
08:56:31.430 [Dummy-1   ] DEBUG        [Thread-2] ImageLoad.start | path=FRE0740_H4F065HDF09_F6570_FVJ6801009_R_62.251694_1147.551266_0270003_0068403_20260828_135543.jpg
08:56:31.534 [Dummy-1   ] DEBUG        [Thread-2] ImageLoad.success | size=2447x2047
08:56:31.548 [MainThread] DEBUG    >>> _handle_image_loaded | token=2, current_token=2, path=FRE0740_H4F065HDF09_F6570_FVJ6801009_R_62.251694_1147.551266_0270003_0068403_20260828_135543.jpg, has_error=False, image_valid=True
08:56:31.549 [MainThread] DEBUG    >>> _abort_hq | old_token=2, active_hq=0
08:56:31.549 [MainThread] DEBUG        [_handle_image_loaded] action=create_pixmap, size=2447x2047
08:56:31.550 [MainThread] DEBUG        [_handle_image_loaded] action=fit_to_window
08:56:31.550 [MainThread] DEBUG    >>> _abort_hq | old_token=3, active_hq=0
08:56:31.703 [MainThread] DEBUG    >>> _start_hq_resize | token=5, target=1056x883, source=2447x2047
08:56:31.705 [Dummy-2   ] DEBUG        [Thread-5] HqResize.start | target=1056x883
08:56:32.005 [Dummy-2   ] DEBUG        [Thread-5] HqResize.success | scale=0.432
08:56:32.005 [Dummy-2   ] DEBUG    >>> _cleanup_hq_thread_early | token=5
08:56:32.006 [MainThread] DEBUG    >>> _handle_hq_resized | token=5, current_token=5, has_error=False, image_valid=True, has_image=True
08:56:32.006 [MainThread] DEBUG        [_handle_hq_resized] action=swap_pixmap, scale=0.4315, size=1056x883
08:56:32.008 [MainThread] DEBUG    >>> _swap_pixmap_preserving_view | old_scale=1.0000, new_scale=0.4315, pixmap_size=1056x883
08:56:32.009 [MainThread] DEBUG        [_swap_pixmap] anchor=(1221.7, 1024.7)
08:56:32.009 [MainThread] DEBUG        [_swap_pixmap] status=success
08:56:38.215 [MainThread] DEBUG    >>> wheelEvent.zoom | factor=1.25
08:56:38.215 [MainThread] DEBUG    >>> _abort_hq | old_token=5, active_hq=0
08:56:38.215 [MainThread] DEBUG    >>> _swap_pixmap_preserving_view | old_scale=0.4315, new_scale=1.0000, pixmap_size=2447x2047
08:56:38.215 [MainThread] DEBUG        [_swap_pixmap] anchor=(1221.7, 1024.7)
08:56:38.216 [MainThread] DEBUG        [_swap_pixmap] status=success
08:56:38.229 [MainThread] DEBUG    >>> wheelEvent.zoom | factor=1.25
08:56:38.229 [MainThread] DEBUG    >>> _abort_hq | old_token=6, active_hq=0
08:56:38.253 [MainThread] DEBUG    >>> wheelEvent.zoom | factor=1.25
08:56:38.253 [MainThread] DEBUG    >>> _abort_hq | old_token=7, active_hq=0
08:56:38.277 [MainThread] DEBUG    >>> wheelEvent.zoom | factor=1.25
08:56:38.277 [MainThread] DEBUG    >>> _abort_hq | old_token=8, active_hq=0
08:56:38.509 [MainThread] DEBUG    >>> wheelEvent.zoom | factor=1.25
08:56:38.509 [MainThread] DEBUG    >>> _abort_hq | old_token=9, active_hq=0
08:56:38.533 [MainThread] DEBUG    >>> wheelEvent.zoom | factor=1.25
08:56:38.533 [MainThread] DEBUG    >>> _abort_hq | old_token=10, active_hq=0
08:56:38.557 [MainThread] DEBUG    >>> wheelEvent.zoom | factor=1.25
08:56:38.558 [MainThread] DEBUG    >>> _abort_hq | old_token=11, active_hq=0
08:56:38.942 [MainThread] DEBUG    >>> next_image | current=0, requested=1, total=4
08:56:38.942 [MainThread] DEBUG    >>> _load_current_image | current=FRE0820_H4F067HDF11_F6570_FFE6714731_T_-696.552668_-376.301480_0194923_0245744_20260826_072052.jpg, previous=FRE0740_H4F065HDF09_F6570_FVJ6801009_R_62.251694_1147.551266_0270003_0068403_20260828_135543.jpg
08:56:38.942 [MainThread] DEBUG        [_load_current_image] action=load, path=FRE0820_H4F067HDF11_F6570_FFE6714731_T_-696.552668_-376.301480_0194923_0245744_20260826_072052.jpg
08:56:38.943 [MainThread] DEBUG    >>> _abort_hq | old_token=12, active_hq=0
08:56:38.943 [MainThread] DEBUG    >>> load_image | token=3, path=FRE0820_H4F067HDF11_F6570_FFE6714731_T_-696.552668_-376.301480_0194923_0245744_20260826_072052.jpg, has_image=True, active_threads=0, hq_threads=0
08:56:38.944 [Dummy-3   ] DEBUG        [Thread-3] ImageLoad.start | path=FRE0820_H4F067HDF11_F6570_FFE6714731_T_-696.552668_-376.301480_0194923_0245744_20260826_072052.jpg
08:56:39.022 [Dummy-3   ] DEBUG        [Thread-3] ImageLoad.success | size=2447x2047
08:56:39.030 [MainThread] DEBUG    >>> _handle_image_loaded | token=3, current_token=3, path=FRE0820_H4F067HDF11_F6570_FFE6714731_T_-696.552668_-376.301480_0194923_0245744_20260826_072052.jpg, has_error=False, image_valid=True
08:56:39.030 [MainThread] DEBUG    >>> _abort_hq | old_token=13, active_hq=0
08:56:39.030 [MainThread] DEBUG        [_handle_image_loaded] action=create_pixmap, size=2447x2047
08:56:39.032 [MainThread] DEBUG        [_handle_image_loaded] action=fit_to_window
08:56:39.033 [MainThread] DEBUG    >>> _abort_hq | old_token=14, active_hq=0
08:56:39.039 [MainThread] DEBUG    >>> _abort_hq | old_token=15, active_hq=0
08:56:39.187 [MainThread] DEBUG    >>> _start_hq_resize | token=17, target=1056x883, source=2447x2047
08:56:39.188 [Dummy-4   ] DEBUG        [Thread-17] HqResize.start | target=1056x883
08:56:39.356 [Dummy-4   ] DEBUG        [Thread-17] HqResize.success | scale=0.432
08:56:39.356 [Dummy-4   ] DEBUG    >>> _cleanup_hq_thread_early | token=17
08:56:39.356 [MainThread] DEBUG    >>> _handle_hq_resized | token=17, current_token=17, has_error=False, image_valid=True, has_image=True
08:56:39.356 [MainThread] DEBUG        [_handle_hq_resized] action=swap_pixmap, scale=0.4315, size=1056x883
08:56:39.360 [MainThread] DEBUG    >>> _swap_pixmap_preserving_view | old_scale=1.0000, new_scale=0.4315, pixmap_size=1056x883
08:56:39.360 [MainThread] DEBUG        [_swap_pixmap] anchor=(1221.7, 1024.7)
08:56:39.361 [MainThread] DEBUG        [_swap_pixmap] status=success
08:56:40.005 [MainThread] DEBUG    >>> wheelEvent.navigation | delta=120, direction=prev
08:56:40.006 [MainThread] DEBUG    >>> _abort_hq | old_token=17, active_hq=0
08:56:40.006 [MainThread] DEBUG    >>> _load_current_image | current=FRE0740_H4F065HDF09_F6570_FVJ6801009_R_62.251694_1147.551266_0270003_0068403_20260828_135543.jpg, previous=FRE0820_H4F067HDF11_F6570_FFE6714731_T_-696.552668_-376.301480_0194923_0245744_20260826_072052.jpg
08:56:40.006 [MainThread] DEBUG        [_load_current_image] action=load, path=FRE0740_H4F065HDF09_F6570_FVJ6801009_R_62.251694_1147.551266_0270003_0068403_20260828_135543.jpg
08:56:40.006 [MainThread] DEBUG    >>> _abort_hq | old_token=18, active_hq=0
08:56:40.006 [MainThread] DEBUG    >>> load_image | token=4, path=FRE0740_H4F065HDF09_F6570_FVJ6801009_R_62.251694_1147.551266_0270003_0068403_20260828_135543.jpg, has_image=True, active_threads=0, hq_threads=0
08:56:40.008 [Dummy-5   ] DEBUG        [Thread-4] ImageLoad.start | path=FRE0740_H4F065HDF09_F6570_FVJ6801009_R_62.251694_1147.551266_0270003_0068403_20260828_135543.jpg
08:56:40.083 [MainThread] DEBUG    >>> wheelEvent.zoom | factor=1.25
08:56:40.083 [Dummy-5   ] DEBUG        [Thread-4] ImageLoad.success | size=2447x2047
08:56:40.083 [MainThread] DEBUG    >>> _abort_hq | old_token=19, active_hq=0
08:56:40.089 [MainThread] DEBUG    >>> _swap_pixmap_preserving_view | old_scale=0.4315, new_scale=1.0000, pixmap_size=2447x2047
08:56:40.089 [MainThread] DEBUG        [_swap_pixmap] anchor=(1221.7, 1024.7)
08:56:40.090 [MainThread] DEBUG        [_swap_pixmap] status=success
08:56:40.092 [MainThread] DEBUG    >>> _handle_image_loaded | token=4, current_token=4, path=FRE0740_H4F065HDF09_F6570_FVJ6801009_R_62.251694_1147.551266_0270003_0068403_20260828_135543.jpg, has_error=False, image_valid=True
08:56:40.092 [MainThread] DEBUG    >>> _abort_hq | old_token=20, active_hq=0
08:56:40.092 [MainThread] DEBUG        [_handle_image_loaded] action=create_pixmap, size=2447x2047
08:56:40.094 [MainThread] DEBUG        [_handle_image_loaded] action=fit_to_window
08:56:40.094 [MainThread] DEBUG    >>> _abort_hq | old_token=21, active_hq=0
08:56:40.101 [MainThread] DEBUG    >>> wheelEvent.zoom | factor=1.25
08:56:40.101 [MainThread] DEBUG    >>> _abort_hq | old_token=22, active_hq=0
08:56:40.250 [MainThread] DEBUG    >>> _start_hq_resize | token=24, target=1319x1104, source=2447x2047
08:56:40.251 [Dummy-6   ] DEBUG        [Thread-24] HqResize.start | target=1319x1104
08:56:40.269 [MainThread] DEBUG    >>> wheelEvent.zoom | factor=1.25
08:56:40.270 [MainThread] DEBUG    >>> _abort_hq | old_token=24, active_hq=1
08:56:40.281 [MainThread] DEBUG    >>> wheelEvent.zoom | factor=1.25
08:56:40.282 [MainThread] DEBUG    >>> _abort_hq | old_token=25, active_hq=1
08:56:40.301 [MainThread] DEBUG    >>> wheelEvent.zoom | factor=1.25
08:56:40.302 [MainThread] DEBUG    >>> _abort_hq | old_token=26, active_hq=1
08:56:40.341 [MainThread] DEBUG    >>> wheelEvent.zoom | factor=1.25
08:56:40.341 [MainThread] DEBUG    >>> _abort_hq | old_token=27, active_hq=1
08:56:40.466 [Dummy-6   ] DEBUG        [Thread-24] HqResize.cancelled_late | 
08:56:40.467 [MainThread] DEBUG    >>> _handle_hq_resized | token=24, current_token=28, has_error=True, image_valid=False, has_image=True
08:56:40.467 [MainThread] DEBUG        [_handle_hq_resized] action=ignore, reason=token_mismatch
08:56:40.478 [MainThread] WARNING  ⚠️  Found deleted C++ QObject in _hq_threads (cleaned up) | token=24
08:56:41.173 [MainThread] DEBUG    >>> next_image | current=0, requested=1, total=4
08:56:41.173 [MainThread] DEBUG    >>> _load_current_image | current=FRE0820_H4F067HDF11_F6570_FFE6714731_T_-696.552668_-376.301480_0194923_0245744_20260826_072052.jpg, previous=FRE0740_H4F065HDF09_F6570_FVJ6801009_R_62.251694_1147.551266_0270003_0068403_20260828_135543.jpg
08:56:41.173 [MainThread] DEBUG        [_load_current_image] action=load, path=FRE0820_H4F067HDF11_F6570_FFE6714731_T_-696.552668_-376.301480_0194923_0245744_20260826_072052.jpg
08:56:41.174 [MainThread] DEBUG    >>> _abort_hq | old_token=28, active_hq=0
08:56:41.174 [MainThread] DEBUG    >>> load_image | token=5, path=FRE0820_H4F067HDF11_F6570_FFE6714731_T_-696.552668_-376.301480_0194923_0245744_20260826_072052.jpg, has_image=True, active_threads=0, hq_threads=0
08:56:41.175 [Dummy-7   ] DEBUG        [Thread-5] ImageLoad.start | path=FRE0820_H4F067HDF11_F6570_FFE6714731_T_-696.552668_-376.301480_0194923_0245744_20260826_072052.jpg
08:56:41.251 [Dummy-7   ] DEBUG        [Thread-5] ImageLoad.success | size=2447x2047
08:56:41.257 [MainThread] DEBUG    >>> _handle_image_loaded | token=5, current_token=5, path=FRE0820_H4F067HDF11_F6570_FFE6714731_T_-696.552668_-376.301480_0194923_0245744_20260826_072052.jpg, has_error=False, image_valid=True
08:56:41.257 [MainThread] DEBUG    >>> _abort_hq | old_token=29, active_hq=0
08:56:41.258 [MainThread] DEBUG        [_handle_image_loaded] action=create_pixmap, size=2447x2047
08:56:41.260 [MainThread] DEBUG        [_handle_image_loaded] action=fit_to_window
08:56:41.260 [MainThread] DEBUG    >>> _abort_hq | old_token=30, active_hq=0
08:56:41.266 [MainThread] DEBUG    >>> _abort_hq | old_token=31, active_hq=0
08:56:41.389 [MainThread] DEBUG    >>> next_image | current=1, requested=2, total=4
08:56:41.390 [MainThread] DEBUG    >>> _load_current_image | current=SAP1120_H4F065HDF09_F6570_FVJ6802723_T_-544.066061_-704.249980_0189957_0068403_20260828_193813.jpg, previous=FRE0820_H4F067HDF11_F6570_FFE6714731_T_-696.552668_-376.301480_0194923_0245744_20260826_072052.jpg
08:56:41.390 [MainThread] DEBUG        [_load_current_image] action=load, path=SAP1120_H4F065HDF09_F6570_FVJ6802723_T_-544.066061_-704.249980_0189957_0068403_20260828_193813.jpg
08:56:41.390 [MainThread] DEBUG    >>> _abort_hq | old_token=32, active_hq=0
08:56:41.390 [MainThread] DEBUG    >>> load_image | token=6, path=SAP1120_H4F065HDF09_F6570_FVJ6802723_T_-544.066061_-704.249980_0189957_0068403_20260828_193813.jpg, has_image=True, active_threads=0, hq_threads=0
08:56:41.392 [Dummy-8   ] DEBUG        [Thread-6] ImageLoad.start | path=SAP1120_H4F065HDF09_F6570_FVJ6802723_T_-544.066061_-704.249980_0189957_0068403_20260828_193813.jpg
08:56:41.468 [Dummy-8   ] DEBUG        [Thread-6] ImageLoad.success | size=2447x2047
08:56:41.476 [MainThread] DEBUG    >>> _handle_image_loaded | token=6, current_token=6, path=SAP1120_H4F065HDF09_F6570_FVJ6802723_T_-544.066061_-704.249980_0189957_0068403_20260828_193813.jpg, has_error=False, image_valid=True
08:56:41.476 [MainThread] DEBUG    >>> _abort_hq | old_token=33, active_hq=0
08:56:41.476 [MainThread] DEBUG        [_handle_image_loaded] action=create_pixmap, size=2447x2047
08:56:41.479 [MainThread] DEBUG        [_handle_image_loaded] action=fit_to_window
08:56:41.479 [MainThread] DEBUG    >>> _abort_hq | old_token=34, active_hq=0
08:56:41.581 [MainThread] DEBUG    >>> next_image | current=2, requested=3, total=4
08:56:41.582 [MainThread] DEBUG    >>> _load_current_image | current=SAP1330_H4F066HDF07_F6570_FTJ6700830_T_-965.504678_1270.456361_0189957_0213203_20260831_183829.jpg, previous=SAP1120_H4F065HDF09_F6570_FVJ6802723_T_-544.066061_-704.249980_0189957_0068403_20260828_193813.jpg
08:56:41.582 [MainThread] DEBUG        [_load_current_image] action=load, path=SAP1330_H4F066HDF07_F6570_FTJ6700830_T_-965.504678_1270.456361_0189957_0213203_20260831_183829.jpg
08:56:41.582 [MainThread] DEBUG    >>> _abort_hq | old_token=35, active_hq=0
08:56:41.582 [MainThread] DEBUG    >>> load_image | token=7, path=SAP1330_H4F066HDF07_F6570_FTJ6700830_T_-965.504678_1270.456361_0189957_0213203_20260831_183829.jpg, has_image=True, active_threads=0, hq_threads=0
08:56:41.584 [Dummy-9   ] DEBUG        [Thread-7] ImageLoad.start | path=SAP1330_H4F066HDF07_F6570_FTJ6700830_T_-965.504678_1270.456361_0189957_0213203_20260831_183829.jpg
08:56:41.664 [Dummy-9   ] DEBUG        [Thread-7] ImageLoad.success | size=2447x2047
08:56:41.670 [MainThread] DEBUG    >>> _handle_image_loaded | token=7, current_token=7, path=SAP1330_H4F066HDF07_F6570_FTJ6700830_T_-965.504678_1270.456361_0189957_0213203_20260831_183829.jpg, has_error=False, image_valid=True
08:56:41.670 [MainThread] DEBUG    >>> _abort_hq | old_token=36, active_hq=0
08:56:41.670 [MainThread] DEBUG        [_handle_image_loaded] action=create_pixmap, size=2447x2047
08:56:41.673 [MainThread] DEBUG        [_handle_image_loaded] action=fit_to_window
08:56:41.674 [MainThread] DEBUG    >>> _abort_hq | old_token=37, active_hq=0
08:56:41.757 [MainThread] DEBUG    >>> next_image | current=3, requested=3, total=4
08:56:41.758 [MainThread] DEBUG    >>> _load_current_image | current=SAP1330_H4F066HDF07_F6570_FTJ6700830_T_-965.504678_1270.456361_0189957_0213203_20260831_183829.jpg, previous=SAP1330_H4F066HDF07_F6570_FTJ6700830_T_-965.504678_1270.456361_0189957_0213203_20260831_183829.jpg
08:56:41.758 [MainThread] DEBUG        [_load_current_image] action=skip, reason=already_loaded
08:56:41.806 [MainThread] DEBUG    >>> _start_hq_resize | token=39, target=1056x883, source=2447x2047
08:56:41.807 [Dummy-10  ] DEBUG        [Thread-39] HqResize.start | target=1056x883
08:56:41.957 [MainThread] DEBUG    >>> next_image | current=3, requested=3, total=4
08:56:41.958 [MainThread] DEBUG    >>> _load_current_image | current=SAP1330_H4F066HDF07_F6570_FTJ6700830_T_-965.504678_1270.456361_0189957_0213203_20260831_183829.jpg, previous=SAP1330_H4F066HDF07_F6570_FTJ6700830_T_-965.504678_1270.456361_0189957_0213203_20260831_183829.jpg
08:56:41.958 [MainThread] DEBUG        [_load_current_image] action=skip, reason=already_loaded
08:56:41.981 [Dummy-10  ] DEBUG        [Thread-39] HqResize.success | scale=0.432
08:56:41.982 [MainThread] DEBUG    >>> _handle_hq_resized | token=39, current_token=39, has_error=False, image_valid=True, has_image=True
08:56:41.982 [Dummy-10  ] DEBUG    >>> _cleanup_hq_thread_early | token=39
08:56:41.982 [MainThread] DEBUG        [_handle_hq_resized] action=swap_pixmap, scale=0.4315, size=1056x883
08:56:41.984 [MainThread] DEBUG    >>> _swap_pixmap_preserving_view | old_scale=1.0000, new_scale=0.4315, pixmap_size=1056x883
08:56:41.984 [MainThread] DEBUG        [_swap_pixmap] anchor=(1221.7, 1024.7)
08:56:41.985 [MainThread] DEBUG        [_swap_pixmap] status=success
08:56:42.358 [MainThread] DEBUG    >>> _load_current_image | current=SAP1120_H4F065HDF09_F6570_FVJ6802723_T_-544.066061_-704.249980_0189957_0068403_20260828_193813.jpg, previous=SAP1330_H4F066HDF07_F6570_FTJ6700830_T_-965.504678_1270.456361_0189957_0213203_20260831_183829.jpg
08:56:42.358 [MainThread] DEBUG        [_load_current_image] action=load, path=SAP1120_H4F065HDF09_F6570_FVJ6802723_T_-544.066061_-704.249980_0189957_0068403_20260828_193813.jpg
08:56:42.358 [MainThread] DEBUG    >>> _abort_hq | old_token=39, active_hq=0
08:56:42.359 [MainThread] DEBUG    >>> load_image | token=8, path=SAP1120_H4F065HDF09_F6570_FVJ6802723_T_-544.066061_-704.249980_0189957_0068403_20260828_193813.jpg, has_image=True, active_threads=0, hq_threads=0
08:56:42.360 [Dummy-11  ] DEBUG        [Thread-8] ImageLoad.start | path=SAP1120_H4F065HDF09_F6570_FVJ6802723_T_-544.066061_-704.249980_0189957_0068403_20260828_193813.jpg
08:56:42.442 [Dummy-11  ] DEBUG        [Thread-8] ImageLoad.success | size=2447x2047
08:56:42.448 [MainThread] DEBUG    >>> _handle_image_loaded | token=8, current_token=8, path=SAP1120_H4F065HDF09_F6570_FVJ6802723_T_-544.066061_-704.249980_0189957_0068403_20260828_193813.jpg, has_error=False, image_valid=True
08:56:42.451 [MainThread] DEBUG    >>> _abort_hq | old_token=40, active_hq=0
08:56:42.451 [MainThread] DEBUG        [_handle_image_loaded] action=create_pixmap, size=2447x2047
08:56:42.452 [MainThread] DEBUG        [_handle_image_loaded] action=fit_to_window
08:56:42.452 [MainThread] DEBUG    >>> _abort_hq | old_token=41, active_hq=0
08:56:42.603 [MainThread] DEBUG    >>> _start_hq_resize | token=43, target=1056x883, source=2447x2047
08:56:42.604 [MainThread] DEBUG    >>> _load_current_image | current=FRE0820_H4F067HDF11_F6570_FFE6714731_T_-696.552668_-376.301480_0194923_0245744_20260826_072052.jpg, previous=SAP1120_H4F065HDF09_F6570_FVJ6802723_T_-544.066061_-704.249980_0189957_0068403_20260828_193813.jpg
08:56:42.605 [MainThread] DEBUG        [_load_current_image] action=load, path=FRE0820_H4F067HDF11_F6570_FFE6714731_T_-696.552668_-376.301480_0194923_0245744_20260826_072052.jpg
08:56:42.605 [Dummy-12  ] DEBUG        [Thread-43] HqResize.start | target=1056x883
08:56:42.605 [MainThread] DEBUG    >>> _abort_hq | old_token=43, active_hq=1
08:56:42.617 [MainThread] DEBUG    >>> load_image | token=9, path=FRE0820_H4F067HDF11_F6570_FFE6714731_T_-696.552668_-376.301480_0194923_0245744_20260826_072052.jpg, has_image=True, active_threads=0, hq_threads=1
08:56:42.620 [Dummy-13  ] DEBUG        [Thread-9] ImageLoad.start | path=FRE0820_H4F067HDF11_F6570_FFE6714731_T_-696.552668_-376.301480_0194923_0245744_20260826_072052.jpg
08:56:42.720 [Dummy-13  ] DEBUG        [Thread-9] ImageLoad.success | size=2447x2047
08:56:42.730 [MainThread] DEBUG    >>> _handle_image_loaded | token=9, current_token=9, path=FRE0820_H4F067HDF11_F6570_FFE6714731_T_-696.552668_-376.301480_0194923_0245744_20260826_072052.jpg, has_error=False, image_valid=True
08:56:42.731 [MainThread] DEBUG    >>> _abort_hq | old_token=44, active_hq=1
08:56:42.731 [MainThread] DEBUG        [_handle_image_loaded] action=create_pixmap, size=2447x2047
08:56:42.734 [MainThread] DEBUG        [_handle_image_loaded] action=fit_to_window
08:56:42.734 [MainThread] DEBUG    >>> _abort_hq | old_token=45, active_hq=1
08:56:42.790 [MainThread] DEBUG    >>> _load_current_image | current=FRE0740_H4F065HDF09_F6570_FVJ6801009_R_62.251694_1147.551266_0270003_0068403_20260828_135543.jpg, previous=FRE0820_H4F067HDF11_F6570_FFE6714731_T_-696.552668_-376.301480_0194923_0245744_20260826_072052.jpg
08:56:42.790 [MainThread] DEBUG        [_load_current_image] action=load, path=FRE0740_H4F065HDF09_F6570_FVJ6801009_R_62.251694_1147.551266_0270003_0068403_20260828_135543.jpg
08:56:42.790 [MainThread] DEBUG    >>> _abort_hq | old_token=46, active_hq=1
08:56:42.790 [MainThread] DEBUG    >>> load_image | token=10, path=FRE0740_H4F065HDF09_F6570_FVJ6801009_R_62.251694_1147.551266_0270003_0068403_20260828_135543.jpg, has_image=True, active_threads=0, hq_threads=1
08:56:42.793 [Dummy-14  ] DEBUG        [Thread-10] ImageLoad.start | path=FRE0740_H4F065HDF09_F6570_FVJ6801009_R_62.251694_1147.551266_0270003_0068403_20260828_135543.jpg
08:56:42.907 [Dummy-14  ] DEBUG        [Thread-10] ImageLoad.success | size=2447x2047
08:56:42.916 [MainThread] DEBUG    >>> _handle_image_loaded | token=10, current_token=10, path=FRE0740_H4F065HDF09_F6570_FVJ6801009_R_62.251694_1147.551266_0270003_0068403_20260828_135543.jpg, has_error=False, image_valid=True
08:56:42.916 [MainThread] DEBUG    >>> _abort_hq | old_token=47, active_hq=1
08:56:42.916 [MainThread] DEBUG        [_handle_image_loaded] action=create_pixmap, size=2447x2047
08:56:42.919 [MainThread] DEBUG        [_handle_image_loaded] action=fit_to_window
08:56:42.919 [MainThread] DEBUG    >>> _abort_hq | old_token=48, active_hq=1
08:56:42.975 [Dummy-12  ] DEBUG        [Thread-43] HqResize.cancelled_late | 
08:56:42.976 [MainThread] DEBUG    >>> _handle_hq_resized | token=43, current_token=49, has_error=True, image_valid=False, has_image=True
08:56:42.976 [MainThread] DEBUG        [_handle_hq_resized] action=ignore, reason=token_mismatch
08:56:43.051 [MainThread] WARNING  ⚠️  Found deleted C++ QObject in _hq_threads (cleaned up) | token=43
08:56:43.059 [MainThread] DEBUG    >>> _start_hq_resize | token=50, target=1056x883, source=2447x2047
08:56:43.061 [Dummy-15  ] DEBUG        [Thread-50] HqResize.start | target=1056x883
08:56:43.174 [MainThread] DEBUG    >>> _load_current_image | current=FRE0740_H4F065HDF09_F6570_FVJ6801009_R_62.251694_1147.551266_0270003_0068403_20260828_135543.jpg, previous=FRE0740_H4F065HDF09_F6570_FVJ6801009_R_62.251694_1147.551266_0270003_0068403_20260828_135543.jpg
08:56:43.174 [MainThread] DEBUG        [_load_current_image] action=skip, reason=already_loaded
08:56:43.289 [Dummy-15  ] DEBUG        [Thread-50] HqResize.success | scale=0.432
08:56:43.290 [MainThread] DEBUG    >>> _handle_hq_resized | token=50, current_token=50, has_error=False, image_valid=True, has_image=True
08:56:43.290 [Dummy-15  ] DEBUG    >>> _cleanup_hq_thread_early | token=50
08:56:43.290 [MainThread] DEBUG        [_handle_hq_resized] action=swap_pixmap, scale=0.4315, size=1056x883
08:56:43.292 [MainThread] DEBUG    >>> _swap_pixmap_preserving_view | old_scale=1.0000, new_scale=0.4315, pixmap_size=1056x883
08:56:43.293 [MainThread] DEBUG        [_swap_pixmap] anchor=(1221.7, 1024.7)
08:56:43.293 [MainThread] DEBUG        [_swap_pixmap] status=success
08:56:43.382 [MainThread] DEBUG    >>> _load_current_image | current=FRE0740_H4F065HDF09_F6570_FVJ6801009_R_62.251694_1147.551266_0270003_0068403_20260828_135543.jpg, previous=FRE0740_H4F065HDF09_F6570_FVJ6801009_R_62.251694_1147.551266_0270003_0068403_20260828_135543.jpg
08:56:43.382 [MainThread] DEBUG        [_load_current_image] action=skip, reason=already_loaded
08:56:43.550 [MainThread] DEBUG    >>> _load_current_image | current=FRE0740_H4F065HDF09_F6570_FVJ6801009_R_62.251694_1147.551266_0270003_0068403_20260828_135543.jpg, previous=FRE0740_H4F065HDF09_F6570_FVJ6801009_R_62.251694_1147.551266_0270003_0068403_20260828_135543.jpg
08:56:43.550 [MainThread] DEBUG        [_load_current_image] action=skip, reason=already_loaded
08:56:44.214 [MainThread] DEBUG    >>> wheelEvent.zoom | factor=1.25
08:56:44.214 [MainThread] DEBUG    >>> _abort_hq | old_token=50, active_hq=0
08:56:44.214 [MainThread] DEBUG    >>> _swap_pixmap_preserving_view | old_scale=0.4315, new_scale=1.0000, pixmap_size=2447x2047
08:56:44.214 [MainThread] DEBUG        [_swap_pixmap] anchor=(1221.7, 1024.7)
08:56:44.215 [MainThread] DEBUG        [_swap_pixmap] status=success
08:56:44.237 [MainThread] DEBUG    >>> wheelEvent.zoom | factor=1.25
08:56:44.237 [MainThread] DEBUG    >>> _abort_hq | old_token=51, active_hq=0
08:56:44.269 [MainThread] DEBUG    >>> wheelEvent.zoom | factor=1.25
08:56:44.269 [MainThread] DEBUG    >>> _abort_hq | old_token=52, active_hq=0
08:56:44.317 [MainThread] DEBUG    >>> wheelEvent.zoom | factor=1.25
08:56:44.317 [MainThread] DEBUG    >>> _abort_hq | old_token=53, active_hq=0
08:56:44.565 [MainThread] DEBUG    >>> wheelEvent.zoom | factor=1.25
08:56:44.565 [MainThread] DEBUG    >>> _abort_hq | old_token=54, active_hq=0
08:56:46.477 [MainThread] DEBUG    >>> wheelEvent.zoom | factor=0.8
08:56:46.477 [MainThread] DEBUG    >>> _abort_hq | old_token=55, active_hq=0
08:56:46.533 [MainThread] DEBUG    >>> wheelEvent.zoom | factor=0.8
08:56:46.533 [MainThread] DEBUG    >>> _abort_hq | old_token=56, active_hq=0
08:56:46.589 [MainThread] DEBUG    >>> wheelEvent.zoom | factor=0.8
08:56:46.589 [MainThread] DEBUG    >>> _abort_hq | old_token=57, active_hq=0
08:56:46.742 [MainThread] DEBUG    >>> _start_hq_resize | token=59, target=1649x1380, source=2447x2047
08:56:46.744 [Dummy-16  ] DEBUG        [Thread-59] HqResize.start | target=1649x1380
08:56:47.023 [Dummy-16  ] DEBUG        [Thread-59] HqResize.success | scale=0.674
08:56:47.023 [Dummy-16  ] DEBUG    >>> _cleanup_hq_thread_early | token=59
08:56:47.024 [MainThread] DEBUG    >>> _handle_hq_resized | token=59, current_token=59, has_error=False, image_valid=True, has_image=True
08:56:47.024 [MainThread] DEBUG        [_handle_hq_resized] action=swap_pixmap, scale=0.6739, size=1649x1380
08:56:47.030 [MainThread] DEBUG    >>> _swap_pixmap_preserving_view | old_scale=1.0000, new_scale=0.6739, pixmap_size=1649x1380
08:56:47.030 [MainThread] DEBUG        [_swap_pixmap] anchor=(1011.9, 1124.6)
08:56:47.033 [MainThread] DEBUG        [_swap_pixmap] status=success
08:56:47.734 [MainThread] DEBUG    >>> classify | key=m, enforce_focus=True, move_in_progress=False, has_session=True
08:56:47.734 [MainThread] DEBUG        [classify] action=start_move, current_image=FRE0740_H4F065HDF09_F6570_FVJ6801009_R_62.251694_1147.551266_0270003_0068403_20260828_135543.jpg
08:56:47.744 [MainThread] DEBUG    >>> _handle_classify_finished | has_record=True, has_error=False, record_key=m, record_category=TM
08:56:47.745 [MainThread] DEBUG        [_handle_classify_finished] action=sync_after_session_change
08:56:47.746 [MainThread] DEBUG    >>> _load_current_image | current=FRE0820_H4F067HDF11_F6570_FFE6714731_T_-696.552668_-376.301480_0194923_0245744_20260826_072052.jpg, previous=FRE0740_H4F065HDF09_F6570_FVJ6801009_R_62.251694_1147.551266_0270003_0068403_20260828_135543.jpg
08:56:47.746 [MainThread] DEBUG        [_load_current_image] action=load, path=FRE0820_H4F067HDF11_F6570_FFE6714731_T_-696.552668_-376.301480_0194923_0245744_20260826_072052.jpg
08:56:47.746 [MainThread] DEBUG    >>> _abort_hq | old_token=59, active_hq=0
08:56:47.747 [MainThread] DEBUG    >>> load_image | token=11, path=FRE0820_H4F067HDF11_F6570_FFE6714731_T_-696.552668_-376.301480_0194923_0245744_20260826_072052.jpg, has_image=True, active_threads=0, hq_threads=0
08:56:47.749 [Dummy-17  ] DEBUG        [Thread-11] ImageLoad.start | path=FRE0820_H4F067HDF11_F6570_FFE6714731_T_-696.552668_-376.301480_0194923_0245744_20260826_072052.jpg
08:56:47.866 [Dummy-17  ] DEBUG        [Thread-11] ImageLoad.success | size=2447x2047
08:56:47.880 [MainThread] DEBUG    >>> _handle_image_loaded | token=11, current_token=11, path=FRE0820_H4F067HDF11_F6570_FFE6714731_T_-696.552668_-376.301480_0194923_0245744_20260826_072052.jpg, has_error=False, image_valid=True
08:56:47.882 [MainThread] DEBUG    >>> _abort_hq | old_token=60, active_hq=0
08:56:47.883 [MainThread] DEBUG        [_handle_image_loaded] action=create_pixmap, size=2447x2047
08:56:47.884 [MainThread] DEBUG        [_handle_image_loaded] action=fit_to_window
08:56:47.884 [MainThread] DEBUG    >>> _abort_hq | old_token=61, active_hq=0
08:56:47.902 [MainThread] DEBUG    >>> _abort_hq | old_token=62, active_hq=0
08:56:48.045 [MainThread] DEBUG    >>> _start_hq_resize | token=64, target=1056x883, source=2447x2047
08:56:48.047 [Dummy-18  ] DEBUG        [Thread-64] HqResize.start | target=1056x883
08:56:48.253 [Dummy-18  ] DEBUG        [Thread-64] HqResize.success | scale=0.432
08:56:48.253 [Dummy-18  ] DEBUG    >>> _cleanup_hq_thread_early | token=64
08:56:48.253 [MainThread] DEBUG    >>> _handle_hq_resized | token=64, current_token=64, has_error=False, image_valid=True, has_image=True
08:56:48.253 [MainThread] DEBUG        [_handle_hq_resized] action=swap_pixmap, scale=0.4315, size=1056x883
08:56:48.256 [MainThread] DEBUG    >>> _swap_pixmap_preserving_view | old_scale=1.0000, new_scale=0.4315, pixmap_size=1056x883
08:56:48.256 [MainThread] DEBUG        [_swap_pixmap] anchor=(1221.7, 1024.7)
08:56:48.256 [MainThread] DEBUG        [_swap_pixmap] status=success
08:56:48.669 [MainThread] DEBUG    >>> wheelEvent.zoom | factor=1.25
08:56:48.670 [MainThread] DEBUG    >>> _abort_hq | old_token=64, active_hq=0
08:56:48.670 [MainThread] DEBUG    >>> _swap_pixmap_preserving_view | old_scale=0.4315, new_scale=1.0000, pixmap_size=2447x2047
08:56:48.670 [MainThread] DEBUG        [_swap_pixmap] anchor=(1221.7, 1024.7)
08:56:48.671 [MainThread] DEBUG        [_swap_pixmap] status=success
08:56:48.711 [MainThread] DEBUG    >>> wheelEvent.zoom | factor=1.25
08:56:48.711 [MainThread] DEBUG    >>> _abort_hq | old_token=65, active_hq=0
08:56:48.766 [MainThread] DEBUG    >>> wheelEvent.zoom | factor=1.25
08:56:48.766 [MainThread] DEBUG    >>> _abort_hq | old_token=66, active_hq=0
08:56:48.816 [MainThread] DEBUG    >>> wheelEvent.zoom | factor=1.25
08:56:48.816 [MainThread] DEBUG    >>> _abort_hq | old_token=67, active_hq=0
08:56:50.101 [MainThread] DEBUG    >>> _load_current_image | current=FRE0820_H4F067HDF11_F6570_FFE6714731_T_-696.552668_-376.301480_0194923_0245744_20260826_072052.jpg, previous=FRE0820_H4F067HDF11_F6570_FFE6714731_T_-696.552668_-376.301480_0194923_0245744_20260826_072052.jpg
08:56:50.102 [MainThread] DEBUG        [_load_current_image] action=skip, reason=already_loaded
08:56:50.711 [MainThread] DEBUG    >>> _load_current_image | current=FRE0820_H4F067HDF11_F6570_FFE6714731_T_-696.552668_-376.301480_0194923_0245744_20260826_072052.jpg, previous=FRE0820_H4F067HDF11_F6570_FFE6714731_T_-696.552668_-376.301480_0194923_0245744_20260826_072052.jpg
08:56:50.711 [MainThread] DEBUG        [_load_current_image] action=skip, reason=already_loaded
08:56:50.975 [MainThread] DEBUG    >>> next_image | current=0, requested=1, total=3
08:56:50.976 [MainThread] DEBUG    >>> _load_current_image | current=SAP1120_H4F065HDF09_F6570_FVJ6802723_T_-544.066061_-704.249980_0189957_0068403_20260828_193813.jpg, previous=FRE0820_H4F067HDF11_F6570_FFE6714731_T_-696.552668_-376.301480_0194923_0245744_20260826_072052.jpg
08:56:50.976 [MainThread] DEBUG        [_load_current_image] action=load, path=SAP1120_H4F065HDF09_F6570_FVJ6802723_T_-544.066061_-704.249980_0189957_0068403_20260828_193813.jpg
08:56:50.976 [MainThread] DEBUG    >>> _abort_hq | old_token=68, active_hq=0
08:56:50.976 [MainThread] DEBUG    >>> load_image | token=12, path=SAP1120_H4F065HDF09_F6570_FVJ6802723_T_-544.066061_-704.249980_0189957_0068403_20260828_193813.jpg, has_image=True, active_threads=0, hq_threads=0
08:56:50.978 [Dummy-19  ] DEBUG        [Thread-12] ImageLoad.start | path=SAP1120_H4F065HDF09_F6570_FVJ6802723_T_-544.066061_-704.249980_0189957_0068403_20260828_193813.jpg
08:56:51.081 [Dummy-19  ] DEBUG        [Thread-12] ImageLoad.success | size=2447x2047
08:56:51.088 [MainThread] DEBUG    >>> _handle_image_loaded | token=12, current_token=12, path=SAP1120_H4F065HDF09_F6570_FVJ6802723_T_-544.066061_-704.249980_0189957_0068403_20260828_193813.jpg, has_error=False, image_valid=True
08:56:51.089 [MainThread] DEBUG    >>> _abort_hq | old_token=69, active_hq=0
08:56:51.089 [MainThread] DEBUG        [_handle_image_loaded] action=create_pixmap, size=2447x2047
08:56:51.092 [MainThread] DEBUG        [_handle_image_loaded] action=fit_to_window
08:56:51.092 [MainThread] DEBUG    >>> _abort_hq | old_token=70, active_hq=0
08:56:51.100 [MainThread] DEBUG    >>> _abort_hq | old_token=71, active_hq=0
08:56:51.165 [MainThread] DEBUG    >>> next_image | current=1, requested=2, total=3
08:56:51.166 [MainThread] DEBUG    >>> _load_current_image | current=SAP1330_H4F066HDF07_F6570_FTJ6700830_T_-965.504678_1270.456361_0189957_0213203_20260831_183829.jpg, previous=SAP1120_H4F065HDF09_F6570_FVJ6802723_T_-544.066061_-704.249980_0189957_0068403_20260828_193813.jpg
08:56:51.166 [MainThread] DEBUG        [_load_current_image] action=load, path=SAP1330_H4F066HDF07_F6570_FTJ6700830_T_-965.504678_1270.456361_0189957_0213203_20260831_183829.jpg
08:56:51.166 [MainThread] DEBUG    >>> _abort_hq | old_token=72, active_hq=0
08:56:51.166 [MainThread] DEBUG    >>> load_image | token=13, path=SAP1330_H4F066HDF07_F6570_FTJ6700830_T_-965.504678_1270.456361_0189957_0213203_20260831_183829.jpg, has_image=True, active_threads=0, hq_threads=0
08:56:51.168 [Dummy-20  ] DEBUG        [Thread-13] ImageLoad.start | path=SAP1330_H4F066HDF07_F6570_FTJ6700830_T_-965.504678_1270.456361_0189957_0213203_20260831_183829.jpg
08:56:51.268 [Dummy-20  ] DEBUG        [Thread-13] ImageLoad.success | size=2447x2047
08:56:51.278 [MainThread] DEBUG    >>> _handle_image_loaded | token=13, current_token=13, path=SAP1330_H4F066HDF07_F6570_FTJ6700830_T_-965.504678_1270.456361_0189957_0213203_20260831_183829.jpg, has_error=False, image_valid=True
08:56:51.278 [MainThread] DEBUG    >>> _abort_hq | old_token=73, active_hq=0
08:56:51.278 [MainThread] DEBUG        [_handle_image_loaded] action=create_pixmap, size=2447x2047
08:56:51.281 [MainThread] DEBUG        [_handle_image_loaded] action=fit_to_window
08:56:51.281 [MainThread] DEBUG    >>> _abort_hq | old_token=74, active_hq=0
08:56:51.333 [MainThread] DEBUG    >>> next_image | current=2, requested=2, total=3
08:56:51.334 [MainThread] DEBUG    >>> _load_current_image | current=SAP1330_H4F066HDF07_F6570_FTJ6700830_T_-965.504678_1270.456361_0189957_0213203_20260831_183829.jpg, previous=SAP1330_H4F066HDF07_F6570_FTJ6700830_T_-965.504678_1270.456361_0189957_0213203_20260831_183829.jpg
08:56:51.334 [MainThread] DEBUG        [_load_current_image] action=skip, reason=already_loaded
08:56:51.422 [MainThread] DEBUG    >>> _start_hq_resize | token=76, target=1056x883, source=2447x2047
08:56:51.425 [Dummy-21  ] DEBUG        [Thread-76] HqResize.start | target=1056x883
08:56:51.510 [MainThread] DEBUG    >>> next_image | current=2, requested=2, total=3
08:56:51.510 [MainThread] DEBUG    >>> _load_current_image | current=SAP1330_H4F066HDF07_F6570_FTJ6700830_T_-965.504678_1270.456361_0189957_0213203_20260831_183829.jpg, previous=SAP1330_H4F066HDF07_F6570_FTJ6700830_T_-965.504678_1270.456361_0189957_0213203_20260831_183829.jpg
08:56:51.510 [MainThread] DEBUG        [_load_current_image] action=skip, reason=already_loaded
08:56:51.634 [Dummy-21  ] DEBUG        [Thread-76] HqResize.success | scale=0.432
08:56:51.635 [Dummy-21  ] DEBUG    >>> _cleanup_hq_thread_early | token=76
08:56:51.635 [MainThread] DEBUG    >>> _handle_hq_resized | token=76, current_token=76, has_error=False, image_valid=True, has_image=True
08:56:51.635 [MainThread] DEBUG        [_handle_hq_resized] action=swap_pixmap, scale=0.4315, size=1056x883
08:56:51.637 [MainThread] DEBUG    >>> _swap_pixmap_preserving_view | old_scale=1.0000, new_scale=0.4315, pixmap_size=1056x883
08:56:51.638 [MainThread] DEBUG        [_swap_pixmap] anchor=(1221.7, 1024.7)
08:56:51.638 [MainThread] DEBUG        [_swap_pixmap] status=success
08:56:51.894 [MainThread] DEBUG    >>> next_image | current=2, requested=2, total=3
08:56:51.895 [MainThread] DEBUG    >>> _load_current_image | current=SAP1330_H4F066HDF07_F6570_FTJ6700830_T_-965.504678_1270.456361_0189957_0213203_20260831_183829.jpg, previous=SAP1330_H4F066HDF07_F6570_FTJ6700830_T_-965.504678_1270.456361_0189957_0213203_20260831_183829.jpg
08:56:51.895 [MainThread] DEBUG        [_load_current_image] action=skip, reason=already_loaded
08:56:52.119 [MainThread] DEBUG    >>> _load_current_image | current=SAP1120_H4F065HDF09_F6570_FVJ6802723_T_-544.066061_-704.249980_0189957_0068403_20260828_193813.jpg, previous=SAP1330_H4F066HDF07_F6570_FTJ6700830_T_-965.504678_1270.456361_0189957_0213203_20260831_183829.jpg
08:56:52.119 [MainThread] DEBUG        [_load_current_image] action=load, path=SAP1120_H4F065HDF09_F6570_FVJ6802723_T_-544.066061_-704.249980_0189957_0068403_20260828_193813.jpg
08:56:52.119 [MainThread] DEBUG    >>> _abort_hq | old_token=76, active_hq=0
08:56:52.119 [MainThread] DEBUG    >>> load_image | token=14, path=SAP1120_H4F065HDF09_F6570_FVJ6802723_T_-544.066061_-704.249980_0189957_0068403_20260828_193813.jpg, has_image=True, active_threads=0, hq_threads=0
08:56:52.121 [Dummy-22  ] DEBUG        [Thread-14] ImageLoad.start | path=SAP1120_H4F065HDF09_F6570_FVJ6802723_T_-544.066061_-704.249980_0189957_0068403_20260828_193813.jpg
08:56:52.219 [Dummy-22  ] DEBUG        [Thread-14] ImageLoad.success | size=2447x2047
08:56:52.226 [MainThread] DEBUG    >>> _handle_image_loaded | token=14, current_token=14, path=SAP1120_H4F065HDF09_F6570_FVJ6802723_T_-544.066061_-704.249980_0189957_0068403_20260828_193813.jpg, has_error=False, image_valid=True
08:56:52.229 [MainThread] DEBUG    >>> _abort_hq | old_token=77, active_hq=0
08:56:52.229 [MainThread] DEBUG        [_handle_image_loaded] action=create_pixmap, size=2447x2047
08:56:52.229 [MainThread] DEBUG        [_handle_image_loaded] action=fit_to_window
08:56:52.230 [MainThread] DEBUG    >>> _abort_hq | old_token=78, active_hq=0
08:56:52.335 [MainThread] DEBUG    >>> _load_current_image | current=FRE0820_H4F067HDF11_F6570_FFE6714731_T_-696.552668_-376.301480_0194923_0245744_20260826_072052.jpg, previous=SAP1120_H4F065HDF09_F6570_FVJ6802723_T_-544.066061_-704.249980_0189957_0068403_20260828_193813.jpg
08:56:52.335 [MainThread] DEBUG        [_load_current_image] action=load, path=FRE0820_H4F067HDF11_F6570_FFE6714731_T_-696.552668_-376.301480_0194923_0245744_20260826_072052.jpg
08:56:52.335 [MainThread] DEBUG    >>> _abort_hq | old_token=79, active_hq=0
08:56:52.335 [MainThread] DEBUG    >>> load_image | token=15, path=FRE0820_H4F067HDF11_F6570_FFE6714731_T_-696.552668_-376.301480_0194923_0245744_20260826_072052.jpg, has_image=True, active_threads=0, hq_threads=0
08:56:52.337 [Dummy-23  ] DEBUG        [Thread-15] ImageLoad.start | path=FRE0820_H4F067HDF11_F6570_FFE6714731_T_-696.552668_-376.301480_0194923_0245744_20260826_072052.jpg
08:56:52.432 [Dummy-23  ] DEBUG        [Thread-15] ImageLoad.success | size=2447x2047
08:56:52.441 [MainThread] DEBUG    >>> _handle_image_loaded | token=15, current_token=15, path=FRE0820_H4F067HDF11_F6570_FFE6714731_T_-696.552668_-376.301480_0194923_0245744_20260826_072052.jpg, has_error=False, image_valid=True
08:56:52.442 [MainThread] DEBUG    >>> _abort_hq | old_token=80, active_hq=0
08:56:52.442 [MainThread] DEBUG        [_handle_image_loaded] action=create_pixmap, size=2447x2047
08:56:52.445 [MainThread] DEBUG        [_handle_image_loaded] action=fit_to_window
08:56:52.445 [MainThread] DEBUG    >>> _abort_hq | old_token=81, active_hq=0
08:56:52.590 [MainThread] DEBUG    >>> _start_hq_resize | token=83, target=1056x883, source=2447x2047
08:56:52.592 [Dummy-24  ] DEBUG        [Thread-83] HqResize.start | target=1056x883
08:56:52.638 [MainThread] DEBUG    >>> _load_current_image | current=FRE0820_H4F067HDF11_F6570_FFE6714731_T_-696.552668_-376.301480_0194923_0245744_20260826_072052.jpg, previous=FRE0820_H4F067HDF11_F6570_FFE6714731_T_-696.552668_-376.301480_0194923_0245744_20260826_072052.jpg
08:56:52.639 [MainThread] DEBUG        [_load_current_image] action=skip, reason=already_loaded
08:56:52.800 [Dummy-24  ] DEBUG        [Thread-83] HqResize.success | scale=0.432
08:56:52.800 [MainThread] DEBUG    >>> _handle_hq_resized | token=83, current_token=83, has_error=False, image_valid=True, has_image=True
08:56:52.801 [Dummy-24  ] DEBUG    >>> _cleanup_hq_thread_early | token=83
08:56:52.801 [MainThread] DEBUG        [_handle_hq_resized] action=swap_pixmap, scale=0.4315, size=1056x883
08:56:52.804 [MainThread] DEBUG    >>> _swap_pixmap_preserving_view | old_scale=1.0000, new_scale=0.4315, pixmap_size=1056x883
08:56:52.804 [MainThread] DEBUG        [_swap_pixmap] anchor=(1221.7, 1024.7)
08:56:52.804 [MainThread] DEBUG        [_swap_pixmap] status=success
08:56:53.374 [MainThread] DEBUG    >>> wheelEvent.zoom | factor=1.25
08:56:53.374 [MainThread] DEBUG    >>> _abort_hq | old_token=83, active_hq=0
08:56:53.374 [MainThread] DEBUG    >>> _swap_pixmap_preserving_view | old_scale=0.4315, new_scale=1.0000, pixmap_size=2447x2047
08:56:53.374 [MainThread] DEBUG        [_swap_pixmap] anchor=(1221.7, 1024.7)
08:56:53.375 [MainThread] DEBUG        [_swap_pixmap] status=success
08:56:53.390 [MainThread] DEBUG    >>> wheelEvent.zoom | factor=1.25
08:56:53.390 [MainThread] DEBUG    >>> _abort_hq | old_token=84, active_hq=0
08:56:53.405 [MainThread] DEBUG    >>> wheelEvent.zoom | factor=1.25
08:56:53.406 [MainThread] DEBUG    >>> _abort_hq | old_token=85, active_hq=0
08:56:53.437 [MainThread] DEBUG    >>> wheelEvent.zoom | factor=1.25
08:56:53.438 [MainThread] DEBUG    >>> _abort_hq | old_token=86, active_hq=0
08:56:53.661 [MainThread] DEBUG    >>> wheelEvent.zoom | factor=1.25
08:56:53.662 [MainThread] DEBUG    >>> _abort_hq | old_token=87, active_hq=0
08:56:54.310 [MainThread] DEBUG    >>> next_image | current=0, requested=1, total=3
08:56:54.310 [MainThread] DEBUG    >>> _load_current_image | current=SAP1120_H4F065HDF09_F6570_FVJ6802723_T_-544.066061_-704.249980_0189957_0068403_20260828_193813.jpg, previous=FRE0820_H4F067HDF11_F6570_FFE6714731_T_-696.552668_-376.301480_0194923_0245744_20260826_072052.jpg
08:56:54.310 [MainThread] DEBUG        [_load_current_image] action=load, path=SAP1120_H4F065HDF09_F6570_FVJ6802723_T_-544.066061_-704.249980_0189957_0068403_20260828_193813.jpg
08:56:54.311 [MainThread] DEBUG    >>> _abort_hq | old_token=88, active_hq=0
08:56:54.311 [MainThread] DEBUG    >>> load_image | token=16, path=SAP1120_H4F065HDF09_F6570_FVJ6802723_T_-544.066061_-704.249980_0189957_0068403_20260828_193813.jpg, has_image=True, active_threads=0, hq_threads=0
08:56:54.312 [Dummy-25  ] DEBUG        [Thread-16] ImageLoad.start | path=SAP1120_H4F065HDF09_F6570_FVJ6802723_T_-544.066061_-704.249980_0189957_0068403_20260828_193813.jpg
08:56:54.414 [Dummy-25  ] DEBUG        [Thread-16] ImageLoad.success | size=2447x2047
08:56:54.423 [MainThread] DEBUG    >>> _handle_image_loaded | token=16, current_token=16, path=SAP1120_H4F065HDF09_F6570_FVJ6802723_T_-544.066061_-704.249980_0189957_0068403_20260828_193813.jpg, has_error=False, image_valid=True
08:56:54.423 [MainThread] DEBUG    >>> _abort_hq | old_token=89, active_hq=0
08:56:54.424 [MainThread] DEBUG        [_handle_image_loaded] action=create_pixmap, size=2447x2047
08:56:54.426 [MainThread] DEBUG        [_handle_image_loaded] action=fit_to_window
08:56:54.426 [MainThread] DEBUG    >>> _abort_hq | old_token=90, active_hq=0
08:56:54.433 [MainThread] DEBUG    >>> _abort_hq | old_token=91, active_hq=0
08:56:54.579 [MainThread] DEBUG    >>> _start_hq_resize | token=93, target=1056x883, source=2447x2047
08:56:54.581 [Dummy-26  ] DEBUG        [Thread-93] HqResize.start | target=1056x883
08:56:54.781 [Dummy-26  ] DEBUG        [Thread-93] HqResize.success | scale=0.432
08:56:54.782 [Dummy-26  ] DEBUG    >>> _cleanup_hq_thread_early | token=93
08:56:54.782 [MainThread] DEBUG    >>> _handle_hq_resized | token=93, current_token=93, has_error=False, image_valid=True, has_image=True
08:56:54.782 [MainThread] DEBUG        [_handle_hq_resized] action=swap_pixmap, scale=0.4315, size=1056x883
08:56:54.785 [MainThread] DEBUG    >>> _swap_pixmap_preserving_view | old_scale=1.0000, new_scale=0.4315, pixmap_size=1056x883
08:56:54.785 [MainThread] DEBUG        [_swap_pixmap] anchor=(1221.7, 1024.7)
08:56:54.786 [MainThread] DEBUG        [_swap_pixmap] status=success
08:56:55.134 [MainThread] DEBUG    >>> next_image | current=1, requested=2, total=3
08:56:55.134 [MainThread] DEBUG    >>> _load_current_image | current=SAP1330_H4F066HDF07_F6570_FTJ6700830_T_-965.504678_1270.456361_0189957_0213203_20260831_183829.jpg, previous=SAP1120_H4F065HDF09_F6570_FVJ6802723_T_-544.066061_-704.249980_0189957_0068403_20260828_193813.jpg
08:56:55.135 [MainThread] DEBUG        [_load_current_image] action=load, path=SAP1330_H4F066HDF07_F6570_FTJ6700830_T_-965.504678_1270.456361_0189957_0213203_20260831_183829.jpg
08:56:55.135 [MainThread] DEBUG    >>> _abort_hq | old_token=93, active_hq=0
08:56:55.135 [MainThread] DEBUG    >>> load_image | token=17, path=SAP1330_H4F066HDF07_F6570_FTJ6700830_T_-965.504678_1270.456361_0189957_0213203_20260831_183829.jpg, has_image=True, active_threads=0, hq_threads=0
08:56:55.137 [Dummy-27  ] DEBUG        [Thread-17] ImageLoad.start | path=SAP1330_H4F066HDF07_F6570_FTJ6700830_T_-965.504678_1270.456361_0189957_0213203_20260831_183829.jpg
08:56:55.229 [Dummy-27  ] DEBUG        [Thread-17] ImageLoad.success | size=2447x2047
08:56:55.236 [MainThread] DEBUG    >>> _handle_image_loaded | token=17, current_token=17, path=SAP1330_H4F066HDF07_F6570_FTJ6700830_T_-965.504678_1270.456361_0189957_0213203_20260831_183829.jpg, has_error=False, image_valid=True
08:56:55.238 [MainThread] DEBUG    >>> _abort_hq | old_token=94, active_hq=0
08:56:55.238 [MainThread] DEBUG        [_handle_image_loaded] action=create_pixmap, size=2447x2047
08:56:55.239 [MainThread] DEBUG        [_handle_image_loaded] action=fit_to_window
08:56:55.239 [MainThread] DEBUG    >>> _abort_hq | old_token=95, active_hq=0
08:56:55.390 [MainThread] DEBUG    >>> _start_hq_resize | token=97, target=1056x883, source=2447x2047
08:56:55.391 [Dummy-28  ] DEBUG        [Thread-97] HqResize.start | target=1056x883
08:56:55.588 [Dummy-28  ] DEBUG        [Thread-97] HqResize.success | scale=0.432
08:56:55.589 [Dummy-28  ] DEBUG    >>> _cleanup_hq_thread_early | token=97
08:56:55.589 [MainThread] DEBUG    >>> _handle_hq_resized | token=97, current_token=97, has_error=False, image_valid=True, has_image=True
08:56:55.589 [MainThread] DEBUG        [_handle_hq_resized] action=swap_pixmap, scale=0.4315, size=1056x883
08:56:55.593 [MainThread] DEBUG    >>> _swap_pixmap_preserving_view | old_scale=1.0000, new_scale=0.4315, pixmap_size=1056x883
08:56:55.593 [MainThread] DEBUG        [_swap_pixmap] anchor=(1221.7, 1024.7)
08:56:55.593 [MainThread] DEBUG        [_swap_pixmap] status=success
08:56:55.678 [MainThread] DEBUG    >>> next_image | current=2, requested=2, total=3
08:56:55.679 [MainThread] DEBUG    >>> _load_current_image | current=SAP1330_H4F066HDF07_F6570_FTJ6700830_T_-965.504678_1270.456361_0189957_0213203_20260831_183829.jpg, previous=SAP1330_H4F066HDF07_F6570_FTJ6700830_T_-965.504678_1270.456361_0189957_0213203_20260831_183829.jpg
08:56:55.679 [MainThread] DEBUG        [_load_current_image] action=skip, reason=already_loaded
08:56:56.088 [MainThread] DEBUG    >>> _load_current_image | current=SAP1120_H4F065HDF09_F6570_FVJ6802723_T_-544.066061_-704.249980_0189957_0068403_20260828_193813.jpg, previous=SAP1330_H4F066HDF07_F6570_FTJ6700830_T_-965.504678_1270.456361_0189957_0213203_20260831_183829.jpg
08:56:56.088 [MainThread] DEBUG        [_load_current_image] action=load, path=SAP1120_H4F065HDF09_F6570_FVJ6802723_T_-544.066061_-704.249980_0189957_0068403_20260828_193813.jpg
08:56:56.088 [MainThread] DEBUG    >>> _abort_hq | old_token=97, active_hq=0
08:56:56.088 [MainThread] DEBUG    >>> load_image | token=18, path=SAP1120_H4F065HDF09_F6570_FVJ6802723_T_-544.066061_-704.249980_0189957_0068403_20260828_193813.jpg, has_image=True, active_threads=0, hq_threads=0
08:56:56.091 [Dummy-29  ] DEBUG        [Thread-18] ImageLoad.start | path=SAP1120_H4F065HDF09_F6570_FVJ6802723_T_-544.066061_-704.249980_0189957_0068403_20260828_193813.jpg
08:56:56.192 [Dummy-29  ] DEBUG        [Thread-18] ImageLoad.success | size=2447x2047
08:56:56.199 [MainThread] DEBUG    >>> _handle_image_loaded | token=18, current_token=18, path=SAP1120_H4F065HDF09_F6570_FVJ6802723_T_-544.066061_-704.249980_0189957_0068403_20260828_193813.jpg, has_error=False, image_valid=True
08:56:56.202 [MainThread] DEBUG    >>> _abort_hq | old_token=98, active_hq=0
08:56:56.202 [MainThread] DEBUG        [_handle_image_loaded] action=create_pixmap, size=2447x2047
08:56:56.202 [MainThread] DEBUG        [_handle_image_loaded] action=fit_to_window
08:56:56.203 [MainThread] DEBUG    >>> _abort_hq | old_token=99, active_hq=0
08:56:56.343 [MainThread] DEBUG    >>> _start_hq_resize | token=101, target=1056x883, source=2447x2047
08:56:56.345 [Dummy-30  ] DEBUG        [Thread-101] HqResize.start | target=1056x883
08:56:56.573 [Dummy-30  ] DEBUG        [Thread-101] HqResize.success | scale=0.432
08:56:56.574 [Dummy-30  ] DEBUG    >>> _cleanup_hq_thread_early | token=101
08:56:56.574 [MainThread] DEBUG    >>> _handle_hq_resized | token=101, current_token=101, has_error=False, image_valid=True, has_image=True
08:56:56.574 [MainThread] DEBUG        [_handle_hq_resized] action=swap_pixmap, scale=0.4315, size=1056x883
08:56:56.579 [MainThread] DEBUG    >>> _swap_pixmap_preserving_view | old_scale=1.0000, new_scale=0.4315, pixmap_size=1056x883
08:56:56.579 [MainThread] DEBUG        [_swap_pixmap] anchor=(1221.7, 1024.7)
08:56:56.579 [MainThread] DEBUG        [_swap_pixmap] status=success
08:57:02.015 [MainThread] DEBUG    >>> _load_current_image | current=FRE0740_H4F065HDF09_F6570_FVJ6801009_R_62.251694_1147.551266_0270003_0068403_20260828_135543.jpg, previous=SAP1120_H4F065HDF09_F6570_FVJ6802723_T_-544.066061_-704.249980_0189957_0068403_20260828_193813.jpg
08:57:02.015 [MainThread] DEBUG        [_load_current_image] action=load, path=FRE0740_H4F065HDF09_F6570_FVJ6801009_R_62.251694_1147.551266_0270003_0068403_20260828_135543.jpg
08:57:02.016 [MainThread] DEBUG    >>> _abort_hq | old_token=101, active_hq=0
08:57:02.016 [MainThread] DEBUG    >>> load_image | token=19, path=FRE0740_H4F065HDF09_F6570_FVJ6801009_R_62.251694_1147.551266_0270003_0068403_20260828_135543.jpg, has_image=True, active_threads=0, hq_threads=0
08:57:02.018 [Dummy-31  ] DEBUG        [Thread-19] ImageLoad.start | path=FRE0740_H4F065HDF09_F6570_FVJ6801009_R_62.251694_1147.551266_0270003_0068403_20260828_135543.jpg
08:57:02.105 [Dummy-31  ] DEBUG        [Thread-19] ImageLoad.success | size=2447x2047
08:57:02.118 [MainThread] DEBUG    >>> _handle_image_loaded | token=19, current_token=19, path=FRE0740_H4F065HDF09_F6570_FVJ6801009_R_62.251694_1147.551266_0270003_0068403_20260828_135543.jpg, has_error=False, image_valid=True
08:57:02.121 [MainThread] DEBUG    >>> _abort_hq | old_token=102, active_hq=0
08:57:02.121 [MainThread] DEBUG        [_handle_image_loaded] action=create_pixmap, size=2447x2047
08:57:02.122 [MainThread] DEBUG        [_handle_image_loaded] action=fit_to_window
08:57:02.122 [MainThread] DEBUG    >>> _abort_hq | old_token=103, active_hq=0
08:57:02.266 [MainThread] DEBUG    >>> _start_hq_resize | token=105, target=1056x883, source=2447x2047
08:57:02.267 [Dummy-32  ] DEBUG        [Thread-105] HqResize.start | target=1056x883
08:57:02.437 [Dummy-32  ] DEBUG        [Thread-105] HqResize.success | scale=0.432
08:57:02.437 [Dummy-32  ] DEBUG    >>> _cleanup_hq_thread_early | token=105
08:57:02.437 [MainThread] DEBUG    >>> _handle_hq_resized | token=105, current_token=105, has_error=False, image_valid=True, has_image=True
08:57:02.437 [MainThread] DEBUG        [_handle_hq_resized] action=swap_pixmap, scale=0.4315, size=1056x883
08:57:02.439 [MainThread] DEBUG    >>> _swap_pixmap_preserving_view | old_scale=1.0000, new_scale=0.4315, pixmap_size=1056x883
08:57:02.439 [MainThread] DEBUG        [_swap_pixmap] anchor=(1221.7, 1024.7)
08:57:02.440 [MainThread] DEBUG        [_swap_pixmap] status=success
08:59:49.330 [MainThread] DEBUG    >>> classify | key=m, enforce_focus=True, move_in_progress=False, has_session=True
08:59:49.330 [MainThread] DEBUG        [classify] action=start_move, current_image=FRE0740_H4F065HDF09_F6570_FVJ6801009_R_62.251694_1147.551266_0270003_0068403_20260828_135543.jpg
08:59:49.345 [MainThread] DEBUG    >>> _handle_classify_finished | has_record=True, has_error=False, record_key=m, record_category=TM
08:59:49.345 [MainThread] DEBUG        [_handle_classify_finished] action=sync_after_session_change
08:59:49.346 [MainThread] DEBUG    >>> _load_current_image | current=SAP1120_H4F065HDF09_F6570_FVJ6802723_T_-544.066061_-704.249980_0189957_0068403_20260828_193813.jpg, previous=FRE0740_H4F065HDF09_F6570_FVJ6801009_R_62.251694_1147.551266_0270003_0068403_20260828_135543.jpg
08:59:49.346 [MainThread] DEBUG        [_load_current_image] action=load, path=SAP1120_H4F065HDF09_F6570_FVJ6802723_T_-544.066061_-704.249980_0189957_0068403_20260828_193813.jpg
08:59:49.347 [MainThread] DEBUG    >>> _abort_hq | old_token=105, active_hq=0
08:59:49.347 [MainThread] DEBUG    >>> load_image | token=20, path=SAP1120_H4F065HDF09_F6570_FVJ6802723_T_-544.066061_-704.249980_0189957_0068403_20260828_193813.jpg, has_image=True, active_threads=0, hq_threads=0
08:59:49.349 [Dummy-33  ] DEBUG        [Thread-20] ImageLoad.start | path=SAP1120_H4F065HDF09_F6570_FVJ6802723_T_-544.066061_-704.249980_0189957_0068403_20260828_193813.jpg
08:59:49.428 [Dummy-33  ] DEBUG        [Thread-20] ImageLoad.success | size=2447x2047
08:59:49.433 [MainThread] DEBUG    >>> _handle_image_loaded | token=20, current_token=20, path=SAP1120_H4F065HDF09_F6570_FVJ6802723_T_-544.066061_-704.249980_0189957_0068403_20260828_193813.jpg, has_error=False, image_valid=True
08:59:49.436 [MainThread] DEBUG    >>> _abort_hq | old_token=106, active_hq=0
08:59:49.436 [MainThread] DEBUG        [_handle_image_loaded] action=create_pixmap, size=2447x2047
08:59:49.436 [MainThread] DEBUG        [_handle_image_loaded] action=fit_to_window
08:59:49.436 [MainThread] DEBUG    >>> _abort_hq | old_token=107, active_hq=0
08:59:49.579 [MainThread] DEBUG    >>> _start_hq_resize | token=109, target=1056x883, source=2447x2047
08:59:49.580 [Dummy-34  ] DEBUG        [Thread-109] HqResize.start | target=1056x883
08:59:49.743 [Dummy-34  ] DEBUG        [Thread-109] HqResize.success | scale=0.432
08:59:49.743 [Dummy-34  ] DEBUG    >>> _cleanup_hq_thread_early | token=109
08:59:49.743 [MainThread] DEBUG    >>> _handle_hq_resized | token=109, current_token=109, has_error=False, image_valid=True, has_image=True
08:59:49.743 [MainThread] DEBUG        [_handle_hq_resized] action=swap_pixmap, scale=0.4315, size=1056x883
08:59:49.745 [MainThread] DEBUG    >>> _swap_pixmap_preserving_view | old_scale=1.0000, new_scale=0.4315, pixmap_size=1056x883
08:59:49.745 [MainThread] DEBUG        [_swap_pixmap] anchor=(1221.7, 1024.7)
08:59:49.745 [MainThread] DEBUG        [_swap_pixmap] status=success
08:59:52.193 [MainThread] DEBUG    >>> wheelEvent.zoom | factor=1.25
08:59:52.193 [MainThread] DEBUG    >>> _abort_hq | old_token=109, active_hq=0
08:59:52.193 [MainThread] DEBUG    >>> _swap_pixmap_preserving_view | old_scale=0.4315, new_scale=1.0000, pixmap_size=2447x2047
08:59:52.193 [MainThread] DEBUG        [_swap_pixmap] anchor=(1221.7, 1024.7)
08:59:52.194 [MainThread] DEBUG        [_swap_pixmap] status=success
08:59:52.289 [MainThread] DEBUG    >>> wheelEvent.zoom | factor=1.25
08:59:52.289 [MainThread] DEBUG    >>> _abort_hq | old_token=110, active_hq=0
08:59:52.361 [MainThread] DEBUG    >>> wheelEvent.zoom | factor=1.25
08:59:52.361 [MainThread] DEBUG    >>> _abort_hq | old_token=111, active_hq=0
08:59:52.441 [MainThread] DEBUG    >>> wheelEvent.zoom | factor=1.25
08:59:52.441 [MainThread] DEBUG    >>> _abort_hq | old_token=112, active_hq=0
08:59:56.339 [MainThread] DEBUG    >>> classify | key=g, enforce_focus=True, move_in_progress=False, has_session=True
08:59:56.339 [MainThread] DEBUG        [classify] action=start_move, current_image=SAP1120_H4F065HDF09_F6570_FVJ6802723_T_-544.066061_-704.249980_0189957_0068403_20260828_193813.jpg
08:59:56.350 [MainThread] DEBUG    >>> _handle_classify_finished | has_record=True, has_error=False, record_key=g, record_category=GE
08:59:56.350 [MainThread] DEBUG        [_handle_classify_finished] action=sync_after_session_change
08:59:56.351 [MainThread] DEBUG    >>> _load_current_image | current=SAP1330_H4F066HDF07_F6570_FTJ6700830_T_-965.504678_1270.456361_0189957_0213203_20260831_183829.jpg, previous=SAP1120_H4F065HDF09_F6570_FVJ6802723_T_-544.066061_-704.249980_0189957_0068403_20260828_193813.jpg
08:59:56.352 [MainThread] DEBUG        [_load_current_image] action=load, path=SAP1330_H4F066HDF07_F6570_FTJ6700830_T_-965.504678_1270.456361_0189957_0213203_20260831_183829.jpg
08:59:56.352 [MainThread] DEBUG    >>> _abort_hq | old_token=113, active_hq=0
08:59:56.352 [MainThread] DEBUG    >>> load_image | token=21, path=SAP1330_H4F066HDF07_F6570_FTJ6700830_T_-965.504678_1270.456361_0189957_0213203_20260831_183829.jpg, has_image=True, active_threads=0, hq_threads=0
08:59:56.357 [Dummy-35  ] DEBUG        [Thread-21] ImageLoad.start | path=SAP1330_H4F066HDF07_F6570_FTJ6700830_T_-965.504678_1270.456361_0189957_0213203_20260831_183829.jpg
08:59:56.478 [Dummy-35  ] DEBUG        [Thread-21] ImageLoad.success | size=2447x2047
08:59:56.491 [MainThread] DEBUG    >>> _handle_image_loaded | token=21, current_token=21, path=SAP1330_H4F066HDF07_F6570_FTJ6700830_T_-965.504678_1270.456361_0189957_0213203_20260831_183829.jpg, has_error=False, image_valid=True
08:59:56.491 [MainThread] DEBUG    >>> _abort_hq | old_token=114, active_hq=0
08:59:56.491 [MainThread] DEBUG        [_handle_image_loaded] action=create_pixmap, size=2447x2047
08:59:56.494 [MainThread] DEBUG        [_handle_image_loaded] action=fit_to_window
08:59:56.494 [MainThread] DEBUG    >>> _abort_hq | old_token=115, active_hq=0
08:59:56.503 [MainThread] DEBUG    >>> _abort_hq | old_token=116, active_hq=0
08:59:56.648 [MainThread] DEBUG    >>> _start_hq_resize | token=118, target=1056x883, source=2447x2047
08:59:56.651 [Dummy-36  ] DEBUG        [Thread-118] HqResize.start | target=1056x883
08:59:56.904 [Dummy-36  ] DEBUG        [Thread-118] HqResize.success | scale=0.432
08:59:56.904 [Dummy-36  ] DEBUG    >>> _cleanup_hq_thread_early | token=118
08:59:56.904 [MainThread] DEBUG    >>> _handle_hq_resized | token=118, current_token=118, has_error=False, image_valid=True, has_image=True
08:59:56.904 [MainThread] DEBUG        [_handle_hq_resized] action=swap_pixmap, scale=0.4315, size=1056x883
08:59:56.908 [MainThread] DEBUG    >>> _swap_pixmap_preserving_view | old_scale=1.0000, new_scale=0.4315, pixmap_size=1056x883
08:59:56.908 [MainThread] DEBUG        [_swap_pixmap] anchor=(1221.7, 1024.7)
08:59:56.908 [MainThread] DEBUG        [_swap_pixmap] status=success
08:59:57.714 [MainThread] DEBUG    >>> wheelEvent.zoom | factor=1.25
08:59:57.715 [MainThread] DEBUG    >>> _abort_hq | old_token=118, active_hq=0
08:59:57.715 [MainThread] DEBUG    >>> _swap_pixmap_preserving_view | old_scale=0.4315, new_scale=1.0000, pixmap_size=2447x2047
08:59:57.715 [MainThread] DEBUG        [_swap_pixmap] anchor=(1221.7, 1024.7)
08:59:57.716 [MainThread] DEBUG        [_swap_pixmap] status=success
08:59:57.769 [MainThread] DEBUG    >>> wheelEvent.zoom | factor=1.25
08:59:57.770 [MainThread] DEBUG    >>> _abort_hq | old_token=119, active_hq=0
08:59:57.833 [MainThread] DEBUG    >>> wheelEvent.zoom | factor=1.25
08:59:57.834 [MainThread] DEBUG    >>> _abort_hq | old_token=120, active_hq=0
08:59:57.865 [MainThread] DEBUG    >>> wheelEvent.zoom | factor=1.25
08:59:57.865 [MainThread] DEBUG    >>> _abort_hq | old_token=121, active_hq=0
08:59:57.906 [MainThread] DEBUG    >>> wheelEvent.zoom | factor=1.25
08:59:57.906 [MainThread] DEBUG    >>> _abort_hq | old_token=122, active_hq=0
08:59:58.217 [MainThread] DEBUG    >>> wheelEvent.zoom | factor=1.25
08:59:58.217 [MainThread] DEBUG    >>> _abort_hq | old_token=123, active_hq=0
08:59:58.257 [MainThread] DEBUG    >>> wheelEvent.zoom | factor=1.25
08:59:58.257 [MainThread] DEBUG    >>> _abort_hq | old_token=124, active_hq=0
08:59:59.410 [MainThread] DEBUG    >>> wheelEvent.zoom | factor=0.8
08:59:59.410 [MainThread] DEBUG    >>> _abort_hq | old_token=125, active_hq=0
08:59:59.449 [MainThread] DEBUG    >>> wheelEvent.zoom | factor=0.8
08:59:59.450 [MainThread] DEBUG    >>> _abort_hq | old_token=126, active_hq=0
08:59:59.481 [MainThread] DEBUG    >>> wheelEvent.zoom | factor=0.8
08:59:59.482 [MainThread] DEBUG    >>> _abort_hq | old_token=127, active_hq=0
08:59:59.538 [MainThread] DEBUG    >>> wheelEvent.zoom | factor=0.8
08:59:59.538 [MainThread] DEBUG    >>> _abort_hq | old_token=128, active_hq=0
08:59:59.690 [MainThread] DEBUG    >>> _start_hq_resize | token=130, target=2062x1725, source=2447x2047
08:59:59.691 [Dummy-37  ] DEBUG        [Thread-130] HqResize.start | target=2062x1725
09:00:00.027 [Dummy-37  ] DEBUG        [Thread-130] HqResize.success | scale=0.843
09:00:00.027 [Dummy-37  ] DEBUG    >>> _cleanup_hq_thread_early | token=130
09:00:00.027 [MainThread] DEBUG    >>> _handle_hq_resized | token=130, current_token=130, has_error=False, image_valid=True, has_image=True
09:00:00.027 [MainThread] DEBUG        [_handle_hq_resized] action=swap_pixmap, scale=0.8427, size=2062x1725
09:00:00.039 [MainThread] DEBUG    >>> _swap_pixmap_preserving_view | old_scale=1.0000, new_scale=0.8427, pixmap_size=2062x1725
09:00:00.040 [MainThread] DEBUG        [_swap_pixmap] anchor=(1046.9, 762.0)
09:00:00.043 [MainThread] DEBUG        [_swap_pixmap] status=success
09:00:00.570 [MainThread] DEBUG    >>> wheelEvent.zoom | factor=1.25
09:00:00.570 [MainThread] DEBUG    >>> _abort_hq | old_token=130, active_hq=0
09:00:00.570 [MainThread] DEBUG    >>> _swap_pixmap_preserving_view | old_scale=0.8427, new_scale=1.0000, pixmap_size=2447x2047
09:00:00.570 [MainThread] DEBUG        [_swap_pixmap] anchor=(1046.9, 760.8)
09:00:00.574 [MainThread] DEBUG        [_swap_pixmap] status=success
09:00:01.442 [MainThread] DEBUG    >>> classify | key=G, enforce_focus=True, move_in_progress=False, has_session=True
09:00:01.442 [MainThread] DEBUG        [classify] action=start_move, current_image=SAP1330_H4F066HDF07_F6570_FTJ6700830_T_-965.504678_1270.456361_0189957_0213203_20260831_183829.jpg
09:00:01.453 [MainThread] DEBUG    >>> _handle_classify_finished | has_record=True, has_error=False, record_key=G, record_category=TP_GE
09:00:01.454 [MainThread] DEBUG        [_handle_classify_finished] action=sync_after_session_change
09:00:01.456 [MainThread] DEBUG    >>> _load_current_image | current=FRE0820_H4F067HDF11_F6570_FFE6714731_T_-696.552668_-376.301480_0194923_0245744_20260826_072052.jpg, previous=SAP1330_H4F066HDF07_F6570_FTJ6700830_T_-965.504678_1270.456361_0189957_0213203_20260831_183829.jpg
09:00:01.456 [MainThread] DEBUG        [_load_current_image] action=load, path=FRE0820_H4F067HDF11_F6570_FFE6714731_T_-696.552668_-376.301480_0194923_0245744_20260826_072052.jpg
09:00:01.456 [MainThread] DEBUG    >>> _abort_hq | old_token=131, active_hq=0
09:00:01.456 [MainThread] DEBUG    >>> load_image | token=22, path=FRE0820_H4F067HDF11_F6570_FFE6714731_T_-696.552668_-376.301480_0194923_0245744_20260826_072052.jpg, has_image=True, active_threads=0, hq_threads=0
09:00:01.459 [Dummy-38  ] DEBUG        [Thread-22] ImageLoad.start | path=FRE0820_H4F067HDF11_F6570_FFE6714731_T_-696.552668_-376.301480_0194923_0245744_20260826_072052.jpg
09:00:01.582 [Dummy-38  ] DEBUG        [Thread-22] ImageLoad.success | size=2447x2047
09:00:01.593 [MainThread] DEBUG    >>> _handle_image_loaded | token=22, current_token=22, path=FRE0820_H4F067HDF11_F6570_FFE6714731_T_-696.552668_-376.301480_0194923_0245744_20260826_072052.jpg, has_error=False, image_valid=True
09:00:01.593 [MainThread] DEBUG    >>> _abort_hq | old_token=132, active_hq=0
09:00:01.593 [MainThread] DEBUG        [_handle_image_loaded] action=create_pixmap, size=2447x2047
09:00:01.596 [MainThread] DEBUG        [_handle_image_loaded] action=fit_to_window
09:00:01.596 [MainThread] DEBUG    >>> _abort_hq | old_token=133, active_hq=0
09:00:01.604 [MainThread] DEBUG    >>> _abort_hq | old_token=134, active_hq=0
09:00:01.756 [MainThread] DEBUG    >>> _start_hq_resize | token=136, target=1056x883, source=2447x2047
09:00:01.758 [Dummy-39  ] DEBUG        [Thread-136] HqResize.start | target=1056x883
09:00:01.992 [Dummy-39  ] DEBUG        [Thread-136] HqResize.success | scale=0.432
09:00:01.993 [Dummy-39  ] DEBUG    >>> _cleanup_hq_thread_early | token=136
09:00:01.993 [MainThread] DEBUG    >>> _handle_hq_resized | token=136, current_token=136, has_error=False, image_valid=True, has_image=True
09:00:01.993 [MainThread] DEBUG        [_handle_hq_resized] action=swap_pixmap, scale=0.4315, size=1056x883
09:00:01.997 [MainThread] DEBUG    >>> _swap_pixmap_preserving_view | old_scale=1.0000, new_scale=0.4315, pixmap_size=1056x883
09:00:01.997 [MainThread] DEBUG        [_swap_pixmap] anchor=(1221.7, 1024.7)
09:00:01.998 [MainThread] DEBUG        [_swap_pixmap] status=success
09:00:02.666 [MainThread] DEBUG    >>> wheelEvent.zoom | factor=1.25
09:00:02.666 [MainThread] DEBUG    >>> _abort_hq | old_token=136, active_hq=0
09:00:02.666 [MainThread] DEBUG    >>> _swap_pixmap_preserving_view | old_scale=0.4315, new_scale=1.0000, pixmap_size=2447x2047
09:00:02.666 [MainThread] DEBUG        [_swap_pixmap] anchor=(1221.7, 1024.7)
09:00:02.667 [MainThread] DEBUG        [_swap_pixmap] status=success
09:00:02.684 [MainThread] DEBUG    >>> wheelEvent.zoom | factor=1.25
09:00:02.684 [MainThread] DEBUG    >>> _abort_hq | old_token=137, active_hq=0
09:00:02.706 [MainThread] DEBUG    >>> wheelEvent.zoom | factor=1.25
09:00:02.707 [MainThread] DEBUG    >>> _abort_hq | old_token=138, active_hq=0
09:00:02.739 [MainThread] DEBUG    >>> wheelEvent.zoom | factor=1.25
09:00:02.739 [MainThread] DEBUG    >>> _abort_hq | old_token=139, active_hq=0
09:00:02.970 [MainThread] DEBUG    >>> wheelEvent.zoom | factor=1.25
09:00:02.970 [MainThread] DEBUG    >>> _abort_hq | old_token=140, active_hq=0
09:00:02.986 [MainThread] DEBUG    >>> wheelEvent.zoom | factor=1.25
09:00:02.986 [MainThread] DEBUG    >>> _abort_hq | old_token=141, active_hq=0
09:00:03.009 [MainThread] DEBUG    >>> wheelEvent.zoom | factor=1.25
09:00:03.010 [MainThread] DEBUG    >>> _abort_hq | old_token=142, active_hq=0
09:00:03.906 [MainThread] DEBUG    >>> wheelEvent.zoom | factor=0.8
09:00:03.906 [MainThread] DEBUG    >>> _abort_hq | old_token=143, active_hq=0
09:00:03.956 [MainThread] DEBUG    >>> wheelEvent.zoom | factor=0.8
09:00:03.956 [MainThread] DEBUG    >>> _abort_hq | old_token=144, active_hq=0
09:00:03.978 [MainThread] DEBUG    >>> wheelEvent.zoom | factor=0.8
09:00:03.978 [MainThread] DEBUG    >>> _abort_hq | old_token=145, active_hq=0
09:00:04.018 [MainThread] DEBUG    >>> wheelEvent.zoom | factor=0.8
09:00:04.018 [MainThread] DEBUG    >>> _abort_hq | old_token=146, active_hq=0
09:00:04.082 [MainThread] DEBUG    >>> wheelEvent.zoom | factor=0.8
09:00:04.082 [MainThread] DEBUG    >>> _abort_hq | old_token=147, active_hq=0
09:00:04.220 [MainThread] DEBUG    >>> _start_hq_resize | token=149, target=1649x1380, source=2447x2047
09:00:04.221 [Dummy-40  ] DEBUG        [Thread-149] HqResize.start | target=1649x1380
09:00:04.476 [Dummy-40  ] DEBUG        [Thread-149] HqResize.success | scale=0.674
09:00:04.476 [Dummy-40  ] DEBUG    >>> _cleanup_hq_thread_early | token=149
09:00:04.476 [MainThread] DEBUG    >>> _handle_hq_resized | token=149, current_token=149, has_error=False, image_valid=True, has_image=True
09:00:04.477 [MainThread] DEBUG        [_handle_hq_resized] action=swap_pixmap, scale=0.6739, size=1649x1380
09:00:04.481 [MainThread] DEBUG    >>> _swap_pixmap_preserving_view | old_scale=1.0000, new_scale=0.6739, pixmap_size=1649x1380
09:00:04.482 [MainThread] DEBUG        [_swap_pixmap] anchor=(1185.5, 1016.3)
09:00:04.484 [MainThread] DEBUG        [_swap_pixmap] status=success
09:00:08.569 [MainThread] DEBUG    >>> wheelEvent.zoom | factor=1.25
09:00:08.569 [MainThread] DEBUG    >>> _abort_hq | old_token=149, active_hq=0
09:00:08.569 [MainThread] DEBUG    >>> _swap_pixmap_preserving_view | old_scale=0.6739, new_scale=1.0000, pixmap_size=2447x2047
09:00:08.570 [MainThread] DEBUG        [_swap_pixmap] anchor=(1184.0, 1014.8)
09:00:08.572 [MainThread] DEBUG        [_swap_pixmap] status=success
09:00:08.602 [MainThread] DEBUG    >>> wheelEvent.zoom | factor=1.25
09:00:08.602 [MainThread] DEBUG    >>> _abort_hq | old_token=150, active_hq=0
09:00:08.628 [MainThread] DEBUG    >>> wheelEvent.zoom | factor=1.25
09:00:08.628 [MainThread] DEBUG    >>> _abort_hq | old_token=151, active_hq=0
09:00:08.665 [MainThread] DEBUG    >>> wheelEvent.zoom | factor=1.25
09:00:08.666 [MainThread] DEBUG    >>> _abort_hq | old_token=152, active_hq=0
09:00:19.019 [MainThread] DEBUG    >>> classify | key=c, enforce_focus=True, move_in_progress=False, has_session=True
09:00:19.019 [MainThread] DEBUG        [classify] action=start_move, current_image=FRE0820_H4F067HDF11_F6570_FFE6714731_T_-696.552668_-376.301480_0194923_0245744_20260826_072052.jpg
09:00:19.037 [MainThread] DEBUG    >>> _handle_classify_finished | has_record=True, has_error=False, record_key=c, record_category=BC
09:00:19.037 [MainThread] DEBUG        [_handle_classify_finished] action=sync_after_session_change
09:00:19.037 [MainThread] DEBUG    >>> _load_current_image | current=None, previous=FRE0820_H4F067HDF11_F6570_FFE6714731_T_-696.552668_-376.301480_0194923_0245744_20260826_072052.jpg
09:00:19.038 [MainThread] DEBUG    >>> _abort_hq | old_token=153, active_hq=0
09:00:24.617 [MainThread] DEBUG    >>> _load_current_image | current=FRE0530_H4F065HDF09_F6570_FQA6800909_R_-404.283539_-555.570891_0194923_0160189_20260829_070215.jpg, previous=None
09:00:24.617 [MainThread] DEBUG        [_load_current_image] action=load, path=FRE0530_H4F065HDF09_F6570_FQA6800909_R_-404.283539_-555.570891_0194923_0160189_20260829_070215.jpg
09:00:24.617 [MainThread] DEBUG    >>> _abort_hq | old_token=154, active_hq=0
09:00:24.617 [MainThread] DEBUG    >>> load_image | token=24, path=FRE0530_H4F065HDF09_F6570_FQA6800909_R_-404.283539_-555.570891_0194923_0160189_20260829_070215.jpg, has_image=False, active_threads=0, hq_threads=0
09:00:24.619 [Dummy-41  ] DEBUG        [Thread-24] ImageLoad.start | path=FRE0530_H4F065HDF09_F6570_FQA6800909_R_-404.283539_-555.570891_0194923_0160189_20260829_070215.jpg
09:00:24.698 [Dummy-41  ] DEBUG        [Thread-24] ImageLoad.success | size=2447x2047
09:00:24.715 [MainThread] DEBUG    >>> _handle_image_loaded | token=24, current_token=24, path=FRE0530_H4F065HDF09_F6570_FQA6800909_R_-404.283539_-555.570891_0194923_0160189_20260829_070215.jpg, has_error=False, image_valid=True
09:00:24.716 [MainThread] DEBUG    >>> _abort_hq | old_token=155, active_hq=0
09:00:24.716 [MainThread] DEBUG        [_handle_image_loaded] action=create_pixmap, size=2447x2047
09:00:24.716 [MainThread] DEBUG        [_handle_image_loaded] action=fit_to_window
09:00:24.716 [MainThread] DEBUG    >>> _abort_hq | old_token=156, active_hq=0
09:00:24.731 [MainThread] DEBUG    >>> _abort_hq | old_token=157, active_hq=0
09:00:24.880 [MainThread] DEBUG    >>> _start_hq_resize | token=159, target=1056x883, source=2447x2047
09:00:24.881 [Dummy-42  ] DEBUG        [Thread-159] HqResize.start | target=1056x883
09:00:25.027 [Dummy-42  ] DEBUG        [Thread-159] HqResize.success | scale=0.432
09:00:25.027 [Dummy-42  ] DEBUG    >>> _cleanup_hq_thread_early | token=159
09:00:25.028 [MainThread] DEBUG    >>> _handle_hq_resized | token=159, current_token=159, has_error=False, image_valid=True, has_image=True
09:00:25.028 [MainThread] DEBUG        [_handle_hq_resized] action=swap_pixmap, scale=0.4315, size=1056x883
09:00:25.029 [MainThread] DEBUG    >>> _swap_pixmap_preserving_view | old_scale=1.0000, new_scale=0.4315, pixmap_size=1056x883
09:00:25.030 [MainThread] DEBUG        [_swap_pixmap] anchor=(1221.7, 1024.7)
09:00:25.030 [MainThread] DEBUG        [_swap_pixmap] status=success
09:00:29.402 [MainThread] DEBUG    >>> classify | key=g, enforce_focus=True, move_in_progress=False, has_session=True
09:00:29.402 [MainThread] DEBUG        [classify] action=start_move, current_image=FRE0530_H4F065HDF09_F6570_FQA6800909_R_-404.283539_-555.570891_0194923_0160189_20260829_070215.jpg
09:00:29.409 [MainThread] DEBUG    >>> _handle_classify_finished | has_record=True, has_error=False, record_key=g, record_category=GE
09:00:29.409 [MainThread] DEBUG        [_handle_classify_finished] action=sync_after_session_change
09:00:29.410 [MainThread] DEBUG    >>> _load_current_image | current=FRE0630_H4F067HDF11_F6570_FFE6801512_T_-251.353085_-1089.680959_0068176_0153560_20260826_100251.jpg, previous=FRE0530_H4F065HDF09_F6570_FQA6800909_R_-404.283539_-555.570891_0194923_0160189_20260829_070215.jpg
09:00:29.410 [MainThread] DEBUG        [_load_current_image] action=load, path=FRE0630_H4F067HDF11_F6570_FFE6801512_T_-251.353085_-1089.680959_0068176_0153560_20260826_100251.jpg
09:00:29.410 [MainThread] DEBUG    >>> _abort_hq | old_token=159, active_hq=0
09:00:29.411 [MainThread] DEBUG    >>> load_image | token=25, path=FRE0630_H4F067HDF11_F6570_FFE6801512_T_-251.353085_-1089.680959_0068176_0153560_20260826_100251.jpg, has_image=True, active_threads=0, hq_threads=0
09:00:29.412 [Dummy-43  ] DEBUG        [Thread-25] ImageLoad.start | path=FRE0630_H4F067HDF11_F6570_FFE6801512_T_-251.353085_-1089.680959_0068176_0153560_20260826_100251.jpg
09:00:29.487 [Dummy-43  ] DEBUG        [Thread-25] ImageLoad.success | size=2447x2047
09:00:29.498 [MainThread] DEBUG    >>> _handle_image_loaded | token=25, current_token=25, path=FRE0630_H4F067HDF11_F6570_FFE6801512_T_-251.353085_-1089.680959_0068176_0153560_20260826_100251.jpg, has_error=False, image_valid=True
09:00:29.500 [MainThread] DEBUG    >>> _abort_hq | old_token=160, active_hq=0
09:00:29.500 [MainThread] DEBUG        [_handle_image_loaded] action=create_pixmap, size=2447x2047
09:00:29.501 [MainThread] DEBUG        [_handle_image_loaded] action=fit_to_window
09:00:29.501 [MainThread] DEBUG    >>> _abort_hq | old_token=161, active_hq=0
09:00:29.643 [MainThread] DEBUG    >>> _start_hq_resize | token=163, target=1056x883, source=2447x2047
09:00:29.644 [Dummy-44  ] DEBUG        [Thread-163] HqResize.start | target=1056x883
09:00:29.790 [Dummy-44  ] DEBUG        [Thread-163] HqResize.success | scale=0.432
09:00:29.790 [Dummy-44  ] DEBUG    >>> _cleanup_hq_thread_early | token=163
09:00:29.790 [MainThread] DEBUG    >>> _handle_hq_resized | token=163, current_token=163, has_error=False, image_valid=True, has_image=True
09:00:29.790 [MainThread] DEBUG        [_handle_hq_resized] action=swap_pixmap, scale=0.4315, size=1056x883
09:00:29.793 [MainThread] DEBUG    >>> _swap_pixmap_preserving_view | old_scale=1.0000, new_scale=0.4315, pixmap_size=1056x883
09:00:29.793 [MainThread] DEBUG        [_swap_pixmap] anchor=(1221.7, 1024.7)
09:00:29.793 [MainThread] DEBUG        [_swap_pixmap] status=success
09:00:30.570 [MainThread] DEBUG    >>> classify | key=g, enforce_focus=True, move_in_progress=False, has_session=True
09:00:30.571 [MainThread] DEBUG        [classify] action=start_move, current_image=FRE0630_H4F067HDF11_F6570_FFE6801512_T_-251.353085_-1089.680959_0068176_0153560_20260826_100251.jpg
09:00:30.578 [MainThread] DEBUG    >>> _handle_classify_finished | has_record=True, has_error=False, record_key=g, record_category=GE
09:00:30.578 [MainThread] DEBUG        [_handle_classify_finished] action=sync_after_session_change
09:00:30.579 [MainThread] DEBUG    >>> _load_current_image | current=FRE0630_H4F067HDF11_F6570_FFE6801512_T_-251.354085_-1089.678959_0068176_0153560_20260826_100329.jpg, previous=FRE0630_H4F067HDF11_F6570_FFE6801512_T_-251.353085_-1089.680959_0068176_0153560_20260826_100251.jpg
09:00:30.579 [MainThread] DEBUG        [_load_current_image] action=load, path=FRE0630_H4F067HDF11_F6570_FFE6801512_T_-251.354085_-1089.678959_0068176_0153560_20260826_100329.jpg
09:00:30.579 [MainThread] DEBUG    >>> _abort_hq | old_token=163, active_hq=0
09:00:30.579 [MainThread] DEBUG    >>> load_image | token=26, path=FRE0630_H4F067HDF11_F6570_FFE6801512_T_-251.354085_-1089.678959_0068176_0153560_20260826_100329.jpg, has_image=True, active_threads=0, hq_threads=0
09:00:30.581 [Dummy-45  ] DEBUG        [Thread-26] ImageLoad.start | path=FRE0630_H4F067HDF11_F6570_FFE6801512_T_-251.354085_-1089.678959_0068176_0153560_20260826_100329.jpg
09:00:30.655 [Dummy-45  ] DEBUG        [Thread-26] ImageLoad.success | size=2447x2047
09:00:30.668 [MainThread] DEBUG    >>> _handle_image_loaded | token=26, current_token=26, path=FRE0630_H4F067HDF11_F6570_FFE6801512_T_-251.354085_-1089.678959_0068176_0153560_20260826_100329.jpg, has_error=False, image_valid=True
09:00:30.670 [MainThread] DEBUG    >>> _abort_hq | old_token=164, active_hq=0
09:00:30.670 [MainThread] DEBUG        [_handle_image_loaded] action=create_pixmap, size=2447x2047
09:00:30.671 [MainThread] DEBUG        [_handle_image_loaded] action=fit_to_window
09:00:30.671 [MainThread] DEBUG    >>> _abort_hq | old_token=165, active_hq=0
09:00:30.813 [MainThread] DEBUG    >>> _start_hq_resize | token=167, target=1056x883, source=2447x2047
09:00:30.814 [Dummy-46  ] DEBUG        [Thread-167] HqResize.start | target=1056x883
09:00:30.963 [Dummy-46  ] DEBUG        [Thread-167] HqResize.success | scale=0.432
09:00:30.963 [Dummy-46  ] DEBUG    >>> _cleanup_hq_thread_early | token=167
09:00:30.963 [MainThread] DEBUG    >>> _handle_hq_resized | token=167, current_token=167, has_error=False, image_valid=True, has_image=True
09:00:30.964 [MainThread] DEBUG        [_handle_hq_resized] action=swap_pixmap, scale=0.4315, size=1056x883
09:00:30.966 [MainThread] DEBUG    >>> _swap_pixmap_preserving_view | old_scale=1.0000, new_scale=0.4315, pixmap_size=1056x883
09:00:30.966 [MainThread] DEBUG        [_swap_pixmap] anchor=(1221.7, 1024.7)
09:00:30.966 [MainThread] DEBUG        [_swap_pixmap] status=success
09:00:31.482 [MainThread] DEBUG    >>> classify | key=g, enforce_focus=True, move_in_progress=False, has_session=True
09:00:31.483 [MainThread] DEBUG        [classify] action=start_move, current_image=FRE0630_H4F067HDF11_F6570_FFE6801512_T_-251.354085_-1089.678959_0068176_0153560_20260826_100329.jpg
09:00:31.489 [MainThread] DEBUG    >>> _handle_classify_finished | has_record=True, has_error=False, record_key=g, record_category=GE
09:00:31.489 [MainThread] DEBUG        [_handle_classify_finished] action=sync_after_session_change
09:00:31.490 [MainThread] DEBUG    >>> _load_current_image | current=FRE0710_H4F065HDF13_F6570_FUQ6801840_T_-808.921458_347.293238_0194923_0245744_20260904_075938.jpg, previous=FRE0630_H4F067HDF11_F6570_FFE6801512_T_-251.354085_-1089.678959_0068176_0153560_20260826_100329.jpg
09:00:31.490 [MainThread] DEBUG        [_load_current_image] action=load, path=FRE0710_H4F065HDF13_F6570_FUQ6801840_T_-808.921458_347.293238_0194923_0245744_20260904_075938.jpg
09:00:31.490 [MainThread] DEBUG    >>> _abort_hq | old_token=167, active_hq=0
09:00:31.490 [MainThread] DEBUG    >>> load_image | token=27, path=FRE0710_H4F065HDF13_F6570_FUQ6801840_T_-808.921458_347.293238_0194923_0245744_20260904_075938.jpg, has_image=True, active_threads=0, hq_threads=0
09:00:31.492 [Dummy-47  ] DEBUG        [Thread-27] ImageLoad.start | path=FRE0710_H4F065HDF13_F6570_FUQ6801840_T_-808.921458_347.293238_0194923_0245744_20260904_075938.jpg
09:00:31.565 [Dummy-47  ] DEBUG        [Thread-27] ImageLoad.success | size=2447x2047
09:00:31.575 [MainThread] DEBUG    >>> _handle_image_loaded | token=27, current_token=27, path=FRE0710_H4F065HDF13_F6570_FUQ6801840_T_-808.921458_347.293238_0194923_0245744_20260904_075938.jpg, has_error=False, image_valid=True
09:00:31.577 [MainThread] DEBUG    >>> _abort_hq | old_token=168, active_hq=0
09:00:31.577 [MainThread] DEBUG        [_handle_image_loaded] action=create_pixmap, size=2447x2047
09:00:31.578 [MainThread] DEBUG        [_handle_image_loaded] action=fit_to_window
09:00:31.578 [MainThread] DEBUG    >>> _abort_hq | old_token=169, active_hq=0
09:00:31.726 [MainThread] DEBUG    >>> _start_hq_resize | token=171, target=1056x883, source=2447x2047
09:00:31.729 [Dummy-48  ] DEBUG        [Thread-171] HqResize.start | target=1056x883
09:00:31.908 [Dummy-48  ] DEBUG        [Thread-171] HqResize.success | scale=0.432
09:00:31.908 [Dummy-48  ] DEBUG    >>> _cleanup_hq_thread_early | token=171
09:00:31.908 [MainThread] DEBUG    >>> _handle_hq_resized | token=171, current_token=171, has_error=False, image_valid=True, has_image=True
09:00:31.909 [MainThread] DEBUG        [_handle_hq_resized] action=swap_pixmap, scale=0.4315, size=1056x883
09:00:31.910 [MainThread] DEBUG    >>> _swap_pixmap_preserving_view | old_scale=1.0000, new_scale=0.4315, pixmap_size=1056x883
09:00:31.911 [MainThread] DEBUG        [_swap_pixmap] anchor=(1221.7, 1024.7)
09:00:31.911 [MainThread] DEBUG        [_swap_pixmap] status=success
09:00:36.130 [MainThread] DEBUG    >>> classify | key=T, enforce_focus=True, move_in_progress=False, has_session=True
09:00:36.130 [MainThread] DEBUG        [classify] action=start_move, current_image=FRE0710_H4F065HDF13_F6570_FUQ6801840_T_-808.921458_347.293238_0194923_0245744_20260904_075938.jpg
09:00:36.135 [MainThread] DEBUG    >>> _handle_classify_finished | has_record=True, has_error=False, record_key=T, record_category=DT
09:00:36.135 [MainThread] DEBUG        [_handle_classify_finished] action=sync_after_session_change
09:00:36.137 [MainThread] DEBUG    >>> _load_current_image | current=FRE0730_H4F065HDF09_F6570_FVJ6800644_R_1100.039495_-1212.632046_0270003_0068403_20260828_140418.jpg, previous=FRE0710_H4F065HDF13_F6570_FUQ6801840_T_-808.921458_347.293238_0194923_0245744_20260904_075938.jpg
09:00:36.137 [MainThread] DEBUG        [_load_current_image] action=load, path=FRE0730_H4F065HDF09_F6570_FVJ6800644_R_1100.039495_-1212.632046_0270003_0068403_20260828_140418.jpg
09:00:36.137 [MainThread] DEBUG    >>> _abort_hq | old_token=171, active_hq=0
09:00:36.137 [MainThread] DEBUG    >>> load_image | token=28, path=FRE0730_H4F065HDF09_F6570_FVJ6800644_R_1100.039495_-1212.632046_0270003_0068403_20260828_140418.jpg, has_image=True, active_threads=0, hq_threads=0
09:00:36.138 [Dummy-49  ] DEBUG        [Thread-28] ImageLoad.start | path=FRE0730_H4F065HDF09_F6570_FVJ6800644_R_1100.039495_-1212.632046_0270003_0068403_20260828_140418.jpg
09:00:36.218 [Dummy-49  ] DEBUG        [Thread-28] ImageLoad.success | size=2447x2047
09:00:36.223 [MainThread] DEBUG    >>> _handle_image_loaded | token=28, current_token=28, path=FRE0730_H4F065HDF09_F6570_FVJ6800644_R_1100.039495_-1212.632046_0270003_0068403_20260828_140418.jpg, has_error=False, image_valid=True
09:00:36.225 [MainThread] DEBUG    >>> _abort_hq | old_token=172, active_hq=0
09:00:36.225 [MainThread] DEBUG        [_handle_image_loaded] action=create_pixmap, size=2447x2047
09:00:36.226 [MainThread] DEBUG        [_handle_image_loaded] action=fit_to_window
09:00:36.226 [MainThread] DEBUG    >>> _abort_hq | old_token=173, active_hq=0
09:00:36.369 [MainThread] DEBUG    >>> _start_hq_resize | token=175, target=1056x883, source=2447x2047
09:00:36.372 [Dummy-50  ] DEBUG        [Thread-175] HqResize.start | target=1056x883
09:00:36.542 [Dummy-50  ] DEBUG        [Thread-175] HqResize.success | scale=0.432
09:00:36.542 [Dummy-50  ] DEBUG    >>> _cleanup_hq_thread_early | token=175
09:00:36.542 [MainThread] DEBUG    >>> _handle_hq_resized | token=175, current_token=175, has_error=False, image_valid=True, has_image=True
09:00:36.542 [MainThread] DEBUG        [_handle_hq_resized] action=swap_pixmap, scale=0.4315, size=1056x883
09:00:36.544 [MainThread] DEBUG    >>> _swap_pixmap_preserving_view | old_scale=1.0000, new_scale=0.4315, pixmap_size=1056x883
09:00:36.544 [MainThread] DEBUG        [_swap_pixmap] anchor=(1221.7, 1024.7)
09:00:36.545 [MainThread] DEBUG        [_swap_pixmap] status=success
09:00:43.852 [MainThread] DEBUG    >>> classify | key=g, enforce_focus=True, move_in_progress=False, has_session=True
09:00:43.853 [MainThread] DEBUG        [classify] action=start_move, current_image=FRE0730_H4F065HDF09_F6570_FVJ6800644_R_1100.039495_-1212.632046_0270003_0068403_20260828_140418.jpg
09:00:43.874 [MainThread] DEBUG    >>> _handle_classify_finished | has_record=True, has_error=False, record_key=g, record_category=GE
09:00:43.875 [MainThread] DEBUG        [_handle_classify_finished] action=sync_after_session_change
09:00:43.877 [MainThread] DEBUG    >>> _load_current_image | current=FRE0810_H4F066HDF06_F6570_FUN6803518_T_907.917788_99.834518_0245744_0083300_20260825_073019.jpg, previous=FRE0730_H4F065HDF09_F6570_FVJ6800644_R_1100.039495_-1212.632046_0270003_0068403_20260828_140418.jpg
09:00:43.878 [MainThread] DEBUG        [_load_current_image] action=load, path=FRE0810_H4F066HDF06_F6570_FUN6803518_T_907.917788_99.834518_0245744_0083300_20260825_073019.jpg
09:00:43.878 [MainThread] DEBUG    >>> _abort_hq | old_token=175, active_hq=0
09:00:43.878 [MainThread] DEBUG    >>> load_image | token=29, path=FRE0810_H4F066HDF06_F6570_FUN6803518_T_907.917788_99.834518_0245744_0083300_20260825_073019.jpg, has_image=True, active_threads=0, hq_threads=0
09:00:43.883 [Dummy-51  ] DEBUG        [Thread-29] ImageLoad.start | path=FRE0810_H4F066HDF06_F6570_FUN6803518_T_907.917788_99.834518_0245744_0083300_20260825_073019.jpg
09:00:43.991 [Dummy-51  ] DEBUG        [Thread-29] ImageLoad.success | size=2447x2047
09:00:44.001 [MainThread] DEBUG    >>> _handle_image_loaded | token=29, current_token=29, path=FRE0810_H4F066HDF06_F6570_FUN6803518_T_907.917788_99.834518_0245744_0083300_20260825_073019.jpg, has_error=False, image_valid=True
09:00:44.003 [MainThread] DEBUG    >>> _abort_hq | old_token=176, active_hq=0
09:00:44.003 [MainThread] DEBUG        [_handle_image_loaded] action=create_pixmap, size=2447x2047
09:00:44.003 [MainThread] DEBUG        [_handle_image_loaded] action=fit_to_window
09:00:44.003 [MainThread] DEBUG    >>> _abort_hq | old_token=177, active_hq=0
09:00:44.151 [MainThread] DEBUG    >>> _start_hq_resize | token=179, target=1056x883, source=2447x2047
09:00:44.154 [Dummy-52  ] DEBUG        [Thread-179] HqResize.start | target=1056x883
09:00:44.319 [Dummy-52  ] DEBUG        [Thread-179] HqResize.success | scale=0.432
09:00:44.319 [Dummy-52  ] DEBUG    >>> _cleanup_hq_thread_early | token=179
09:00:44.319 [MainThread] DEBUG    >>> _handle_hq_resized | token=179, current_token=179, has_error=False, image_valid=True, has_image=True
09:00:44.319 [MainThread] DEBUG        [_handle_hq_resized] action=swap_pixmap, scale=0.4315, size=1056x883
09:00:44.321 [MainThread] DEBUG    >>> _swap_pixmap_preserving_view | old_scale=1.0000, new_scale=0.4315, pixmap_size=1056x883
09:00:44.321 [MainThread] DEBUG        [_swap_pixmap] anchor=(1221.7, 1024.7)
09:00:44.321 [MainThread] DEBUG        [_swap_pixmap] status=success
09:00:47.348 [MainThread] DEBUG    >>> classify | key=g, enforce_focus=True, move_in_progress=False, has_session=True
09:00:47.348 [MainThread] DEBUG        [classify] action=start_move, current_image=FRE0810_H4F066HDF06_F6570_FUN6803518_T_907.917788_99.834518_0245744_0083300_20260825_073019.jpg
09:00:47.368 [MainThread] DEBUG    >>> _handle_classify_finished | has_record=True, has_error=False, record_key=g, record_category=GE
09:00:47.369 [MainThread] DEBUG        [_handle_classify_finished] action=sync_after_session_change
09:00:47.372 [MainThread] DEBUG    >>> _load_current_image | current=FRE0810_H4F066HDF06_F6570_FUN6803518_T_907.920788_99.837518_0245744_0083300_20260825_072946.jpg, previous=FRE0810_H4F066HDF06_F6570_FUN6803518_T_907.917788_99.834518_0245744_0083300_20260825_073019.jpg
09:00:47.372 [MainThread] DEBUG        [_load_current_image] action=load, path=FRE0810_H4F066HDF06_F6570_FUN6803518_T_907.920788_99.837518_0245744_0083300_20260825_072946.jpg
09:00:47.373 [MainThread] DEBUG    >>> _abort_hq | old_token=179, active_hq=0
09:00:47.373 [MainThread] DEBUG    >>> load_image | token=30, path=FRE0810_H4F066HDF06_F6570_FUN6803518_T_907.920788_99.837518_0245744_0083300_20260825_072946.jpg, has_image=True, active_threads=0, hq_threads=0
09:00:47.378 [Dummy-53  ] DEBUG        [Thread-30] ImageLoad.start | path=FRE0810_H4F066HDF06_F6570_FUN6803518_T_907.920788_99.837518_0245744_0083300_20260825_072946.jpg
09:00:47.468 [Dummy-53  ] DEBUG        [Thread-30] ImageLoad.success | size=2447x2047
09:00:47.476 [MainThread] DEBUG    >>> _handle_image_loaded | token=30, current_token=30, path=FRE0810_H4F066HDF06_F6570_FUN6803518_T_907.920788_99.837518_0245744_0083300_20260825_072946.jpg, has_error=False, image_valid=True
09:00:47.478 [MainThread] DEBUG    >>> _abort_hq | old_token=180, active_hq=0
09:00:47.478 [MainThread] DEBUG        [_handle_image_loaded] action=create_pixmap, size=2447x2047
09:00:47.478 [MainThread] DEBUG        [_handle_image_loaded] action=fit_to_window
09:00:47.478 [MainThread] DEBUG    >>> _abort_hq | old_token=181, active_hq=0
09:00:47.648 [MainThread] DEBUG    >>> _start_hq_resize | token=183, target=1056x883, source=2447x2047
09:00:47.654 [Dummy-54  ] DEBUG        [Thread-183] HqResize.start | target=1056x883
09:00:47.835 [Dummy-54  ] DEBUG        [Thread-183] HqResize.success | scale=0.432
09:00:47.835 [Dummy-54  ] DEBUG    >>> _cleanup_hq_thread_early | token=183
09:00:47.835 [MainThread] DEBUG    >>> _handle_hq_resized | token=183, current_token=183, has_error=False, image_valid=True, has_image=True
09:00:47.836 [MainThread] DEBUG        [_handle_hq_resized] action=swap_pixmap, scale=0.4315, size=1056x883
09:00:47.838 [MainThread] DEBUG    >>> _swap_pixmap_preserving_view | old_scale=1.0000, new_scale=0.4315, pixmap_size=1056x883
09:00:47.838 [MainThread] DEBUG        [_swap_pixmap] anchor=(1221.7, 1024.7)
09:00:47.839 [MainThread] DEBUG        [_swap_pixmap] status=success
09:00:50.220 [MainThread] DEBUG    >>> classify | key=G, enforce_focus=True, move_in_progress=False, has_session=True
09:00:50.221 [MainThread] DEBUG        [classify] action=start_move, current_image=FRE0810_H4F066HDF06_F6570_FUN6803518_T_907.920788_99.837518_0245744_0083300_20260825_072946.jpg
09:00:50.241 [MainThread] DEBUG    >>> _handle_classify_finished | has_record=True, has_error=False, record_key=G, record_category=TP_GE
09:00:50.241 [MainThread] DEBUG        [_handle_classify_finished] action=sync_after_session_change
09:00:50.244 [MainThread] DEBUG    >>> _load_current_image | current=FRE0810_H4F067HDF11_F6570_FFE6713708_T_-1024.748103_1018.472490_0194923_0245744_20260826_071318.jpg, previous=FRE0810_H4F066HDF06_F6570_FUN6803518_T_907.920788_99.837518_0245744_0083300_20260825_072946.jpg
09:00:50.244 [MainThread] DEBUG        [_load_current_image] action=load, path=FRE0810_H4F067HDF11_F6570_FFE6713708_T_-1024.748103_1018.472490_0194923_0245744_20260826_071318.jpg
09:00:50.245 [MainThread] DEBUG    >>> _abort_hq | old_token=183, active_hq=0
09:00:50.245 [MainThread] DEBUG    >>> load_image | token=31, path=FRE0810_H4F067HDF11_F6570_FFE6713708_T_-1024.748103_1018.472490_0194923_0245744_20260826_071318.jpg, has_image=True, active_threads=0, hq_threads=0
09:00:50.251 [Dummy-55  ] DEBUG        [Thread-31] ImageLoad.start | path=FRE0810_H4F067HDF11_F6570_FFE6713708_T_-1024.748103_1018.472490_0194923_0245744_20260826_071318.jpg
09:00:50.358 [Dummy-55  ] DEBUG        [Thread-31] ImageLoad.success | size=2447x2047
09:00:50.364 [MainThread] DEBUG    >>> _handle_image_loaded | token=31, current_token=31, path=FRE0810_H4F067HDF11_F6570_FFE6713708_T_-1024.748103_1018.472490_0194923_0245744_20260826_071318.jpg, has_error=False, image_valid=True
09:00:50.367 [MainThread] DEBUG    >>> _abort_hq | old_token=184, active_hq=0
09:00:50.367 [MainThread] DEBUG        [_handle_image_loaded] action=create_pixmap, size=2447x2047
09:00:50.367 [MainThread] DEBUG        [_handle_image_loaded] action=fit_to_window
09:00:50.367 [MainThread] DEBUG    >>> _abort_hq | old_token=185, active_hq=0
09:00:50.518 [MainThread] DEBUG    >>> _start_hq_resize | token=187, target=1056x883, source=2447x2047
09:00:50.521 [Dummy-56  ] DEBUG        [Thread-187] HqResize.start | target=1056x883
09:00:50.684 [Dummy-56  ] DEBUG        [Thread-187] HqResize.success | scale=0.432
09:00:50.684 [Dummy-56  ] DEBUG    >>> _cleanup_hq_thread_early | token=187
09:00:50.684 [MainThread] DEBUG    >>> _handle_hq_resized | token=187, current_token=187, has_error=False, image_valid=True, has_image=True
09:00:50.684 [MainThread] DEBUG        [_handle_hq_resized] action=swap_pixmap, scale=0.4315, size=1056x883
09:00:50.686 [MainThread] DEBUG    >>> _swap_pixmap_preserving_view | old_scale=1.0000, new_scale=0.4315, pixmap_size=1056x883
09:00:50.686 [MainThread] DEBUG        [_swap_pixmap] anchor=(1221.7, 1024.7)
09:00:50.687 [MainThread] DEBUG        [_swap_pixmap] status=success
09:00:52.276 [MainThread] DEBUG    >>> classify | key=H, enforce_focus=True, move_in_progress=False, has_session=True
09:00:52.277 [MainThread] DEBUG        [classify] action=start_move, current_image=FRE0810_H4F067HDF11_F6570_FFE6713708_T_-1024.748103_1018.472490_0194923_0245744_20260826_071318.jpg
09:00:52.294 [MainThread] DEBUG    >>> _handle_classify_finished | has_record=True, has_error=False, record_key=H, record_category=TH
09:00:52.294 [MainThread] DEBUG        [_handle_classify_finished] action=sync_after_session_change
09:00:52.297 [MainThread] DEBUG    >>> _load_current_image | current=SAP1320_H4F066HDF06_F6570_FUN6803240_R_219.005528_-764.277194_0083300_0160189_20260824_032944.jpg, previous=FRE0810_H4F067HDF11_F6570_FFE6713708_T_-1024.748103_1018.472490_0194923_0245744_20260826_071318.jpg
09:00:52.297 [MainThread] DEBUG        [_load_current_image] action=load, path=SAP1320_H4F066HDF06_F6570_FUN6803240_R_219.005528_-764.277194_0083300_0160189_20260824_032944.jpg
09:00:52.297 [MainThread] DEBUG    >>> _abort_hq | old_token=187, active_hq=0
09:00:52.297 [MainThread] DEBUG    >>> load_image | token=32, path=SAP1320_H4F066HDF06_F6570_FUN6803240_R_219.005528_-764.277194_0083300_0160189_20260824_032944.jpg, has_image=True, active_threads=0, hq_threads=0
09:00:52.300 [Dummy-57  ] DEBUG        [Thread-32] ImageLoad.start | path=SAP1320_H4F066HDF06_F6570_FUN6803240_R_219.005528_-764.277194_0083300_0160189_20260824_032944.jpg
09:00:52.388 [Dummy-57  ] DEBUG        [Thread-32] ImageLoad.success | size=2447x2047
09:00:52.393 [MainThread] DEBUG    >>> _handle_image_loaded | token=32, current_token=32, path=SAP1320_H4F066HDF06_F6570_FUN6803240_R_219.005528_-764.277194_0083300_0160189_20260824_032944.jpg, has_error=False, image_valid=True
09:00:52.396 [MainThread] DEBUG    >>> _abort_hq | old_token=188, active_hq=0
09:00:52.396 [MainThread] DEBUG        [_handle_image_loaded] action=create_pixmap, size=2447x2047
09:00:52.396 [MainThread] DEBUG        [_handle_image_loaded] action=fit_to_window
09:00:52.397 [MainThread] DEBUG    >>> _abort_hq | old_token=189, active_hq=0
09:00:52.551 [MainThread] DEBUG    >>> _start_hq_resize | token=191, target=1056x883, source=2447x2047
09:00:52.554 [Dummy-58  ] DEBUG        [Thread-191] HqResize.start | target=1056x883
09:00:52.720 [Dummy-58  ] DEBUG        [Thread-191] HqResize.success | scale=0.432
09:00:52.721 [Dummy-58  ] DEBUG    >>> _cleanup_hq_thread_early | token=191
09:00:52.721 [MainThread] DEBUG    >>> _handle_hq_resized | token=191, current_token=191, has_error=False, image_valid=True, has_image=True
09:00:52.721 [MainThread] DEBUG        [_handle_hq_resized] action=swap_pixmap, scale=0.4315, size=1056x883
09:00:52.723 [MainThread] DEBUG    >>> _swap_pixmap_preserving_view | old_scale=1.0000, new_scale=0.4315, pixmap_size=1056x883
09:00:52.723 [MainThread] DEBUG        [_swap_pixmap] anchor=(1221.7, 1024.7)
09:00:52.723 [MainThread] DEBUG        [_swap_pixmap] status=success
09:00:55.837 [MainThread] DEBUG    >>> classify | key=G, enforce_focus=True, move_in_progress=False, has_session=True
09:00:55.838 [MainThread] DEBUG        [classify] action=start_move, current_image=SAP1320_H4F066HDF06_F6570_FUN6803240_R_219.005528_-764.277194_0083300_0160189_20260824_032944.jpg
09:00:55.857 [MainThread] DEBUG    >>> _handle_classify_finished | has_record=True, has_error=False, record_key=G, record_category=TP_GE
09:00:55.858 [MainThread] DEBUG        [_handle_classify_finished] action=sync_after_session_change
09:00:55.860 [MainThread] DEBUG    >>> _load_current_image | current=SAP1330_H4F067HDF11_F6570_FFE6802632_T_543.588345_132.474206_0194923_0069094_20260826_202905.jpg, previous=SAP1320_H4F066HDF06_F6570_FUN6803240_R_219.005528_-764.277194_0083300_0160189_20260824_032944.jpg
09:00:55.860 [MainThread] DEBUG        [_load_current_image] action=load, path=SAP1330_H4F067HDF11_F6570_FFE6802632_T_543.588345_132.474206_0194923_0069094_20260826_202905.jpg
09:00:55.860 [MainThread] DEBUG    >>> _abort_hq | old_token=191, active_hq=0
09:00:55.861 [MainThread] DEBUG    >>> load_image | token=33, path=SAP1330_H4F067HDF11_F6570_FFE6802632_T_543.588345_132.474206_0194923_0069094_20260826_202905.jpg, has_image=True, active_threads=0, hq_threads=0
09:00:55.865 [Dummy-59  ] DEBUG        [Thread-33] ImageLoad.start | path=SAP1330_H4F067HDF11_F6570_FFE6802632_T_543.588345_132.474206_0194923_0069094_20260826_202905.jpg
09:00:55.952 [Dummy-59  ] DEBUG        [Thread-33] ImageLoad.success | size=2447x2047
09:00:55.957 [MainThread] DEBUG    >>> _handle_image_loaded | token=33, current_token=33, path=SAP1330_H4F067HDF11_F6570_FFE6802632_T_543.588345_132.474206_0194923_0069094_20260826_202905.jpg, has_error=False, image_valid=True
09:00:55.959 [MainThread] DEBUG    >>> _abort_hq | old_token=192, active_hq=0
09:00:55.959 [MainThread] DEBUG        [_handle_image_loaded] action=create_pixmap, size=2447x2047
09:00:55.960 [MainThread] DEBUG        [_handle_image_loaded] action=fit_to_window
09:00:55.960 [MainThread] DEBUG    >>> _abort_hq | old_token=193, active_hq=0
09:00:56.106 [MainThread] DEBUG    >>> _start_hq_resize | token=195, target=1056x883, source=2447x2047
09:00:56.108 [Dummy-60  ] DEBUG        [Thread-195] HqResize.start | target=1056x883
09:00:56.272 [Dummy-60  ] DEBUG        [Thread-195] HqResize.success | scale=0.432
09:00:56.272 [Dummy-60  ] DEBUG    >>> _cleanup_hq_thread_early | token=195
09:00:56.272 [MainThread] DEBUG    >>> _handle_hq_resized | token=195, current_token=195, has_error=False, image_valid=True, has_image=True
09:00:56.272 [MainThread] DEBUG        [_handle_hq_resized] action=swap_pixmap, scale=0.4315, size=1056x883
09:00:56.274 [MainThread] DEBUG    >>> _swap_pixmap_preserving_view | old_scale=1.0000, new_scale=0.4315, pixmap_size=1056x883
09:00:56.274 [MainThread] DEBUG        [_swap_pixmap] anchor=(1221.7, 1024.7)
09:00:56.275 [MainThread] DEBUG        [_swap_pixmap] status=success
09:00:57.764 [MainThread] DEBUG    >>> wheelEvent.zoom | factor=1.25
09:00:57.764 [MainThread] DEBUG    >>> _abort_hq | old_token=195, active_hq=0
09:00:57.765 [MainThread] DEBUG    >>> _swap_pixmap_preserving_view | old_scale=0.4315, new_scale=1.0000, pixmap_size=2447x2047
09:00:57.765 [MainThread] DEBUG        [_swap_pixmap] anchor=(1221.7, 1024.7)
09:00:57.766 [MainThread] DEBUG        [_swap_pixmap] status=success
09:00:57.799 [MainThread] DEBUG    >>> wheelEvent.zoom | factor=1.25
09:00:57.799 [MainThread] DEBUG    >>> _abort_hq | old_token=196, active_hq=0
09:00:57.835 [MainThread] DEBUG    >>> wheelEvent.zoom | factor=1.25
09:00:57.836 [MainThread] DEBUG    >>> _abort_hq | old_token=197, active_hq=0
09:00:57.865 [MainThread] DEBUG    >>> wheelEvent.zoom | factor=1.25
09:00:57.865 [MainThread] DEBUG    >>> _abort_hq | old_token=198, active_hq=0
09:00:58.098 [MainThread] DEBUG    >>> wheelEvent.zoom | factor=1.25
09:00:58.099 [MainThread] DEBUG    >>> _abort_hq | old_token=199, active_hq=0
09:00:58.130 [MainThread] DEBUG    >>> wheelEvent.zoom | factor=1.25
09:00:58.130 [MainThread] DEBUG    >>> _abort_hq | old_token=200, active_hq=0
09:01:00.535 [MainThread] DEBUG    >>> classify | key=G, enforce_focus=True, move_in_progress=False, has_session=True
09:01:00.535 [MainThread] DEBUG        [classify] action=start_move, current_image=SAP1330_H4F067HDF11_F6570_FFE6802632_T_543.588345_132.474206_0194923_0069094_20260826_202905.jpg
09:01:00.550 [MainThread] DEBUG    >>> _handle_classify_finished | has_record=True, has_error=False, record_key=G, record_category=TP_GE
09:01:00.550 [MainThread] DEBUG        [_handle_classify_finished] action=sync_after_session_change
09:01:00.551 [MainThread] DEBUG    >>> _load_current_image | current=None, previous=SAP1330_H4F067HDF11_F6570_FFE6802632_T_543.588345_132.474206_0194923_0069094_20260826_202905.jpg
09:01:00.551 [MainThread] DEBUG    >>> _abort_hq | old_token=201, active_hq=0
09:01:05.503 [MainThread] DEBUG    >>> _load_current_image | current=FRE0220_H4F270FDF10_F6570_FLV6815524_T_1099.419979_-420.897967_0083300_0245744_20260903_154042.jpg, previous=None
09:01:05.503 [MainThread] DEBUG        [_load_current_image] action=load, path=FRE0220_H4F270FDF10_F6570_FLV6815524_T_1099.419979_-420.897967_0083300_0245744_20260903_154042.jpg
09:01:05.503 [MainThread] DEBUG    >>> _abort_hq | old_token=202, active_hq=0
09:01:05.503 [MainThread] DEBUG    >>> load_image | token=35, path=FRE0220_H4F270FDF10_F6570_FLV6815524_T_1099.419979_-420.897967_0083300_0245744_20260903_154042.jpg, has_image=False, active_threads=0, hq_threads=0
09:01:05.505 [Dummy-61  ] DEBUG        [Thread-35] ImageLoad.start | path=FRE0220_H4F270FDF10_F6570_FLV6815524_T_1099.419979_-420.897967_0083300_0245744_20260903_154042.jpg
09:01:05.584 [Dummy-61  ] DEBUG        [Thread-35] ImageLoad.success | size=2447x2047
09:01:05.592 [MainThread] DEBUG    >>> _handle_image_loaded | token=35, current_token=35, path=FRE0220_H4F270FDF10_F6570_FLV6815524_T_1099.419979_-420.897967_0083300_0245744_20260903_154042.jpg, has_error=False, image_valid=True
09:01:05.592 [MainThread] DEBUG    >>> _abort_hq | old_token=203, active_hq=0
09:01:05.593 [MainThread] DEBUG        [_handle_image_loaded] action=create_pixmap, size=2447x2047
09:01:05.593 [MainThread] DEBUG        [_handle_image_loaded] action=fit_to_window
09:01:05.593 [MainThread] DEBUG    >>> _abort_hq | old_token=204, active_hq=0
09:01:05.597 [MainThread] DEBUG    >>> _abort_hq | old_token=205, active_hq=0
09:01:05.735 [MainThread] DEBUG    >>> _start_hq_resize | token=207, target=1056x883, source=2447x2047
09:01:05.736 [Dummy-62  ] DEBUG        [Thread-207] HqResize.start | target=1056x883
09:01:05.901 [Dummy-62  ] DEBUG        [Thread-207] HqResize.success | scale=0.432
09:01:05.901 [Dummy-62  ] DEBUG    >>> _cleanup_hq_thread_early | token=207
09:01:05.901 [MainThread] DEBUG    >>> _handle_hq_resized | token=207, current_token=207, has_error=False, image_valid=True, has_image=True
09:01:05.901 [MainThread] DEBUG        [_handle_hq_resized] action=swap_pixmap, scale=0.4315, size=1056x883
09:01:05.903 [MainThread] DEBUG    >>> _swap_pixmap_preserving_view | old_scale=1.0000, new_scale=0.4315, pixmap_size=1056x883
09:01:05.903 [MainThread] DEBUG        [_swap_pixmap] anchor=(1221.7, 1024.7)
09:01:05.904 [MainThread] DEBUG        [_swap_pixmap] status=success
09:01:08.157 [MainThread] DEBUG    >>> classify | key=k, enforce_focus=True, move_in_progress=False, has_session=True
09:01:08.158 [MainThread] DEBUG        [classify] action=start_move, current_image=FRE0220_H4F270FDF10_F6570_FLV6815524_T_1099.419979_-420.897967_0083300_0245744_20260903_154042.jpg
09:01:08.174 [MainThread] DEBUG    >>> _handle_classify_finished | has_record=True, has_error=False, record_key=k, record_category=INK
09:01:08.175 [MainThread] DEBUG        [_handle_classify_finished] action=sync_after_session_change
09:01:08.178 [MainThread] DEBUG    >>> _load_current_image | current=FRE0230_H4F270FDF10_F6570_FBK6812809_T_729.263221_-252.828205_0213203_0153560_20260826_081558.jpg, previous=FRE0220_H4F270FDF10_F6570_FLV6815524_T_1099.419979_-420.897967_0083300_0245744_20260903_154042.jpg
09:01:08.178 [MainThread] DEBUG        [_load_current_image] action=load, path=FRE0230_H4F270FDF10_F6570_FBK6812809_T_729.263221_-252.828205_0213203_0153560_20260826_081558.jpg
09:01:08.178 [MainThread] DEBUG    >>> _abort_hq | old_token=207, active_hq=0
09:01:08.179 [MainThread] DEBUG    >>> load_image | token=36, path=FRE0230_H4F270FDF10_F6570_FBK6812809_T_729.263221_-252.828205_0213203_0153560_20260826_081558.jpg, has_image=True, active_threads=0, hq_threads=0
09:01:08.183 [Dummy-63  ] DEBUG        [Thread-36] ImageLoad.start | path=FRE0230_H4F270FDF10_F6570_FBK6812809_T_729.263221_-252.828205_0213203_0153560_20260826_081558.jpg
09:01:08.292 [Dummy-63  ] DEBUG        [Thread-36] ImageLoad.success | size=2447x2047
09:01:08.297 [MainThread] DEBUG    >>> _handle_image_loaded | token=36, current_token=36, path=FRE0230_H4F270FDF10_F6570_FBK6812809_T_729.263221_-252.828205_0213203_0153560_20260826_081558.jpg, has_error=False, image_valid=True
09:01:08.300 [MainThread] DEBUG    >>> _abort_hq | old_token=208, active_hq=0
09:01:08.300 [MainThread] DEBUG        [_handle_image_loaded] action=create_pixmap, size=2447x2047
09:01:08.300 [MainThread] DEBUG        [_handle_image_loaded] action=fit_to_window
09:01:08.300 [MainThread] DEBUG    >>> _abort_hq | old_token=209, active_hq=0
09:01:08.459 [MainThread] DEBUG    >>> _start_hq_resize | token=211, target=1056x883, source=2447x2047
09:01:08.462 [Dummy-64  ] DEBUG        [Thread-211] HqResize.start | target=1056x883
09:01:08.630 [Dummy-64  ] DEBUG        [Thread-211] HqResize.success | scale=0.432
09:01:08.630 [Dummy-64  ] DEBUG    >>> _cleanup_hq_thread_early | token=211
09:01:08.630 [MainThread] DEBUG    >>> _handle_hq_resized | token=211, current_token=211, has_error=False, image_valid=True, has_image=True
09:01:08.630 [MainThread] DEBUG        [_handle_hq_resized] action=swap_pixmap, scale=0.4315, size=1056x883
09:01:08.632 [MainThread] DEBUG    >>> _swap_pixmap_preserving_view | old_scale=1.0000, new_scale=0.4315, pixmap_size=1056x883
09:01:08.632 [MainThread] DEBUG        [_swap_pixmap] anchor=(1221.7, 1024.7)
09:01:08.633 [MainThread] DEBUG        [_swap_pixmap] status=success
09:01:11.828 [MainThread] DEBUG    >>> wheelEvent.zoom | factor=1.25
09:01:11.828 [MainThread] DEBUG    >>> _abort_hq | old_token=211, active_hq=0
09:01:11.829 [MainThread] DEBUG    >>> _swap_pixmap_preserving_view | old_scale=0.4315, new_scale=1.0000, pixmap_size=2447x2047
09:01:11.829 [MainThread] DEBUG        [_swap_pixmap] anchor=(1221.7, 1024.7)
09:01:11.830 [MainThread] DEBUG        [_swap_pixmap] status=success
09:01:11.843 [MainThread] DEBUG    >>> wheelEvent.zoom | factor=1.25
09:01:11.843 [MainThread] DEBUG    >>> _abort_hq | old_token=212, active_hq=0
09:01:11.867 [MainThread] DEBUG    >>> wheelEvent.zoom | factor=1.25
09:01:11.867 [MainThread] DEBUG    >>> _abort_hq | old_token=213, active_hq=0
09:01:11.891 [MainThread] DEBUG    >>> wheelEvent.zoom | factor=1.25
09:01:11.891 [MainThread] DEBUG    >>> _abort_hq | old_token=214, active_hq=0
09:01:11.941 [MainThread] DEBUG    >>> wheelEvent.zoom | factor=1.25
09:01:11.942 [MainThread] DEBUG    >>> _abort_hq | old_token=215, active_hq=0
09:01:12.867 [MainThread] DEBUG    >>> wheelEvent.zoom | factor=1.25
09:01:12.867 [MainThread] DEBUG    >>> _abort_hq | old_token=216, active_hq=0
09:01:12.915 [MainThread] DEBUG    >>> wheelEvent.zoom | factor=1.25
09:01:12.915 [MainThread] DEBUG    >>> _abort_hq | old_token=217, active_hq=0
09:01:12.987 [MainThread] DEBUG    >>> wheelEvent.zoom | factor=1.25
09:01:12.987 [MainThread] DEBUG    >>> _abort_hq | old_token=218, active_hq=0
09:01:13.083 [MainThread] DEBUG    >>> wheelEvent.zoom | factor=1.25
09:01:13.083 [MainThread] DEBUG    >>> _abort_hq | old_token=219, active_hq=0
09:01:13.627 [MainThread] DEBUG    >>> wheelEvent.zoom | factor=1.25
09:01:13.627 [MainThread] DEBUG    >>> _abort_hq | old_token=220, active_hq=0
09:01:13.659 [MainThread] DEBUG    >>> wheelEvent.zoom | factor=1.25
09:01:13.659 [MainThread] DEBUG    >>> _abort_hq | old_token=221, active_hq=0
09:01:13.731 [MainThread] DEBUG    >>> wheelEvent.zoom | factor=1.25
09:01:13.731 [MainThread] DEBUG    >>> _abort_hq | old_token=222, active_hq=0
09:01:14.795 [MainThread] DEBUG    >>> wheelEvent.zoom | factor=0.8
09:01:14.796 [MainThread] DEBUG    >>> _abort_hq | old_token=223, active_hq=0
09:01:14.836 [MainThread] DEBUG    >>> wheelEvent.zoom | factor=0.8
09:01:14.836 [MainThread] DEBUG    >>> _abort_hq | old_token=224, active_hq=0
09:01:14.892 [MainThread] DEBUG    >>> wheelEvent.zoom | factor=0.8
09:01:14.892 [MainThread] DEBUG    >>> _abort_hq | old_token=225, active_hq=0
09:01:14.924 [MainThread] DEBUG    >>> wheelEvent.zoom | factor=0.8
09:01:14.924 [MainThread] DEBUG    >>> _abort_hq | old_token=226, active_hq=0
09:01:14.954 [MainThread] DEBUG    >>> wheelEvent.zoom | factor=0.8
09:01:14.955 [MainThread] DEBUG    >>> _abort_hq | old_token=227, active_hq=0
09:01:14.979 [MainThread] DEBUG    >>> wheelEvent.zoom | factor=0.8
09:01:14.979 [MainThread] DEBUG    >>> _abort_hq | old_token=228, active_hq=0
09:01:15.020 [MainThread] DEBUG    >>> wheelEvent.zoom | factor=0.8
09:01:15.020 [MainThread] DEBUG    >>> _abort_hq | old_token=229, active_hq=0
09:01:15.344 [MainThread] DEBUG    >>> wheelEvent.zoom | factor=0.8
09:01:15.344 [MainThread] DEBUG    >>> _abort_hq | old_token=230, active_hq=0
09:01:15.376 [MainThread] DEBUG    >>> wheelEvent.zoom | factor=0.8
09:01:15.376 [MainThread] DEBUG    >>> _abort_hq | old_token=231, active_hq=0
09:01:15.388 [MainThread] DEBUG    >>> wheelEvent.zoom | factor=0.8
09:01:15.388 [MainThread] DEBUG    >>> _abort_hq | old_token=232, active_hq=0
09:01:15.420 [MainThread] DEBUG    >>> wheelEvent.zoom | factor=0.8
09:01:15.420 [MainThread] DEBUG    >>> _abort_hq | old_token=233, active_hq=0
09:01:15.460 [MainThread] DEBUG    >>> wheelEvent.zoom | factor=0.8
09:01:15.461 [MainThread] DEBUG    >>> _abort_hq | old_token=234, active_hq=0
09:01:15.615 [MainThread] DEBUG    >>> _start_hq_resize | token=236, target=870x728, source=2447x2047
09:01:15.619 [Dummy-65  ] DEBUG        [Thread-236] HqResize.start | target=870x728
09:01:15.776 [Dummy-65  ] DEBUG        [Thread-236] HqResize.success | scale=0.356
09:01:15.776 [Dummy-65  ] DEBUG    >>> _cleanup_hq_thread_early | token=236
09:01:15.776 [MainThread] DEBUG    >>> _handle_hq_resized | token=236, current_token=236, has_error=False, image_valid=True, has_image=True
09:01:15.776 [MainThread] DEBUG        [_handle_hq_resized] action=swap_pixmap, scale=0.3555, size=870x728
09:01:15.778 [MainThread] DEBUG    >>> _swap_pixmap_preserving_view | old_scale=1.0000, new_scale=0.3555, pixmap_size=870x728
09:01:15.778 [MainThread] DEBUG        [_swap_pixmap] anchor=(1222.9, 1026.1)
09:01:15.778 [MainThread] DEBUG        [_swap_pixmap] status=success
09:01:16.155 [MainThread] DEBUG    >>> wheelEvent.zoom | factor=1.25
09:01:16.155 [MainThread] DEBUG    >>> _abort_hq | old_token=236, active_hq=0
09:01:16.156 [MainThread] DEBUG    >>> _swap_pixmap_preserving_view | old_scale=0.3555, new_scale=1.0000, pixmap_size=2447x2047
09:01:16.156 [MainThread] DEBUG        [_swap_pixmap] anchor=(1222.9, 1026.1)
09:01:16.156 [MainThread] DEBUG        [_swap_pixmap] status=success
09:01:16.304 [MainThread] DEBUG    >>> _start_hq_resize | token=238, target=1088x910, source=2447x2047
09:01:16.305 [Dummy-66  ] DEBUG        [Thread-238] HqResize.start | target=1088x910
09:01:16.469 [Dummy-66  ] DEBUG        [Thread-238] HqResize.success | scale=0.445
09:01:16.469 [MainThread] DEBUG    >>> _handle_hq_resized | token=238, current_token=238, has_error=False, image_valid=True, has_image=True
09:01:16.469 [Dummy-66  ] DEBUG    >>> _cleanup_hq_thread_early | token=238
09:01:16.469 [MainThread] DEBUG        [_handle_hq_resized] action=swap_pixmap, scale=0.4446, size=1088x910
09:01:16.471 [MainThread] DEBUG    >>> _swap_pixmap_preserving_view | old_scale=1.0000, new_scale=0.4446, pixmap_size=1088x910
09:01:16.471 [MainThread] DEBUG        [_swap_pixmap] anchor=(1205.5, 996.3)
09:01:16.472 [MainThread] DEBUG        [_swap_pixmap] status=success
09:01:19.587 [MainThread] DEBUG    >>> wheelEvent.zoom | factor=1.25
09:01:19.587 [MainThread] DEBUG    >>> _abort_hq | old_token=238, active_hq=0
09:01:19.587 [MainThread] DEBUG    >>> _swap_pixmap_preserving_view | old_scale=0.4446, new_scale=1.0000, pixmap_size=2447x2047
09:01:19.588 [MainThread] DEBUG        [_swap_pixmap] anchor=(1205.5, 996.3)
09:01:19.588 [MainThread] DEBUG        [_swap_pixmap] status=success
09:01:19.659 [MainThread] DEBUG    >>> wheelEvent.zoom | factor=1.25
09:01:19.659 [MainThread] DEBUG    >>> _abort_hq | old_token=239, active_hq=0
09:01:19.691 [MainThread] DEBUG    >>> wheelEvent.zoom | factor=1.25
09:01:19.691 [MainThread] DEBUG    >>> _abort_hq | old_token=240, active_hq=0
09:01:19.715 [MainThread] DEBUG    >>> wheelEvent.zoom | factor=1.25
09:01:19.715 [MainThread] DEBUG    >>> _abort_hq | old_token=241, active_hq=0
09:01:19.739 [MainThread] DEBUG    >>> wheelEvent.zoom | factor=1.25
09:01:19.739 [MainThread] DEBUG    >>> _abort_hq | old_token=242, active_hq=0
09:01:19.763 [MainThread] DEBUG    >>> wheelEvent.zoom | factor=1.25
09:01:19.763 [MainThread] DEBUG    >>> _abort_hq | old_token=243, active_hq=0
09:01:19.811 [MainThread] DEBUG    >>> wheelEvent.zoom | factor=1.25
09:01:19.811 [MainThread] DEBUG    >>> _abort_hq | old_token=244, active_hq=0
09:01:27.899 [MainThread] DEBUG    >>> wheelEvent.zoom | factor=0.8
09:01:27.899 [MainThread] DEBUG    >>> _abort_hq | old_token=245, active_hq=0
09:01:28.003 [MainThread] DEBUG    >>> wheelEvent.zoom | factor=0.8
09:01:28.004 [MainThread] DEBUG    >>> _abort_hq | old_token=246, active_hq=0
09:01:28.116 [MainThread] DEBUG    >>> wheelEvent.zoom | factor=0.8
09:01:28.116 [MainThread] DEBUG    >>> _abort_hq | old_token=247, active_hq=0
09:01:28.283 [MainThread] DEBUG    >>> wheelEvent.zoom | factor=0.8
09:01:28.283 [MainThread] DEBUG    >>> _abort_hq | old_token=248, active_hq=0
09:01:28.373 [MainThread] DEBUG    >>> wheelEvent.zoom | factor=0.8
09:01:28.373 [MainThread] DEBUG    >>> _abort_hq | old_token=249, active_hq=0
09:01:28.527 [MainThread] DEBUG    >>> _start_hq_resize | token=251, target=1700x1422, source=2447x2047
09:01:28.530 [Dummy-67  ] DEBUG        [Thread-251] HqResize.start | target=1700x1422
09:01:28.745 [Dummy-67  ] DEBUG        [Thread-251] HqResize.success | scale=0.695
09:01:28.745 [Dummy-67  ] DEBUG    >>> _cleanup_hq_thread_early | token=251
09:01:28.746 [MainThread] DEBUG    >>> _handle_hq_resized | token=251, current_token=251, has_error=False, image_valid=True, has_image=True
09:01:28.746 [MainThread] DEBUG        [_handle_hq_resized] action=swap_pixmap, scale=0.6947, size=1700x1422
09:01:28.750 [MainThread] DEBUG    >>> _swap_pixmap_preserving_view | old_scale=1.0000, new_scale=0.6947, pixmap_size=1700x1422
09:01:28.751 [MainThread] DEBUG        [_swap_pixmap] anchor=(942.8, 965.8)
09:01:28.752 [MainThread] DEBUG        [_swap_pixmap] status=success
09:01:29.100 [MainThread] DEBUG    >>> wheelEvent.zoom | factor=0.8
09:01:29.101 [MainThread] DEBUG    >>> _abort_hq | old_token=251, active_hq=0
09:01:29.101 [MainThread] DEBUG    >>> _swap_pixmap_preserving_view | old_scale=0.6947, new_scale=1.0000, pixmap_size=2447x2047
09:01:29.101 [MainThread] DEBUG        [_swap_pixmap] anchor=(942.8, 964.4)
09:01:29.106 [MainThread] DEBUG        [_swap_pixmap] status=success
09:01:29.267 [MainThread] DEBUG    >>> _start_hq_resize | token=253, target=1360x1138, source=2447x2047
09:01:29.269 [Dummy-68  ] DEBUG        [Thread-253] HqResize.start | target=1360x1138
09:01:29.462 [Dummy-68  ] DEBUG        [Thread-253] HqResize.success | scale=0.556
09:01:29.463 [Dummy-68  ] DEBUG    >>> _cleanup_hq_thread_early | token=253
09:01:29.463 [MainThread] DEBUG    >>> _handle_hq_resized | token=253, current_token=253, has_error=False, image_valid=True, has_image=True
09:01:29.463 [MainThread] DEBUG        [_handle_hq_resized] action=swap_pixmap, scale=0.5558, size=1360x1138
09:01:29.466 [MainThread] DEBUG    >>> _swap_pixmap_preserving_view | old_scale=1.0000, new_scale=0.5558, pixmap_size=1360x1138
09:01:29.466 [MainThread] DEBUG        [_swap_pixmap] anchor=(1178.5, 951.8)
09:01:29.468 [MainThread] DEBUG        [_swap_pixmap] status=success
09:01:29.948 [MainThread] DEBUG    >>> wheelEvent.zoom | factor=0.8
09:01:29.948 [MainThread] DEBUG    >>> _abort_hq | old_token=253, active_hq=0
09:01:29.948 [MainThread] DEBUG    >>> _swap_pixmap_preserving_view | old_scale=0.5558, new_scale=1.0000, pixmap_size=2447x2047
09:01:29.949 [MainThread] DEBUG        [_swap_pixmap] anchor=(1178.5, 950.0)
09:01:29.950 [MainThread] DEBUG        [_swap_pixmap] status=success
09:01:30.019 [MainThread] DEBUG    >>> wheelEvent.zoom | factor=0.8
09:01:30.019 [MainThread] DEBUG    >>> _abort_hq | old_token=254, active_hq=0
09:01:30.164 [MainThread] DEBUG    >>> _start_hq_resize | token=256, target=870x728, source=2447x2047
09:01:30.166 [Dummy-69  ] DEBUG        [Thread-256] HqResize.start | target=870x728
09:01:30.325 [Dummy-69  ] DEBUG        [Thread-256] HqResize.success | scale=0.356
09:01:30.325 [Dummy-69  ] DEBUG    >>> _cleanup_hq_thread_early | token=256
09:01:30.325 [MainThread] DEBUG    >>> _handle_hq_resized | token=256, current_token=256, has_error=False, image_valid=True, has_image=True
09:01:30.325 [MainThread] DEBUG        [_handle_hq_resized] action=swap_pixmap, scale=0.3555, size=870x728
09:01:30.327 [MainThread] DEBUG    >>> _swap_pixmap_preserving_view | old_scale=1.0000, new_scale=0.3555, pixmap_size=870x728
09:01:30.327 [MainThread] DEBUG        [_swap_pixmap] anchor=(1222.9, 1026.1)
09:01:30.327 [MainThread] DEBUG        [_swap_pixmap] status=success
09:01:30.628 [MainThread] DEBUG    >>> wheelEvent.zoom | factor=1.25
09:01:30.628 [MainThread] DEBUG    >>> _abort_hq | old_token=256, active_hq=0
09:01:30.629 [MainThread] DEBUG    >>> _swap_pixmap_preserving_view | old_scale=0.3555, new_scale=1.0000, pixmap_size=2447x2047
09:01:30.629 [MainThread] DEBUG        [_swap_pixmap] anchor=(1222.9, 1026.1)
09:01:30.630 [MainThread] DEBUG        [_swap_pixmap] status=success
09:01:30.776 [MainThread] DEBUG    >>> _start_hq_resize | token=258, target=1088x910, source=2447x2047
09:01:30.782 [Dummy-70  ] DEBUG        [Thread-258] HqResize.start | target=1088x910
09:01:30.955 [Dummy-70  ] DEBUG        [Thread-258] HqResize.success | scale=0.445
09:01:30.955 [MainThread] DEBUG    >>> _handle_hq_resized | token=258, current_token=258, has_error=False, image_valid=True, has_image=True
09:01:30.955 [Dummy-70  ] DEBUG    >>> _cleanup_hq_thread_early | token=258
09:01:30.955 [MainThread] DEBUG        [_handle_hq_resized] action=swap_pixmap, scale=0.4446, size=1088x910
09:01:30.957 [MainThread] DEBUG    >>> _swap_pixmap_preserving_view | old_scale=1.0000, new_scale=0.4446, pixmap_size=1088x910
09:01:30.958 [MainThread] DEBUG        [_swap_pixmap] anchor=(1205.5, 1041.3)
09:01:30.959 [MainThread] DEBUG        [_swap_pixmap] status=success
09:01:31.083 [MainThread] DEBUG    >>> wheelEvent.zoom | factor=1.25
09:01:31.084 [MainThread] DEBUG    >>> _abort_hq | old_token=258, active_hq=0
09:01:31.084 [MainThread] DEBUG    >>> _swap_pixmap_preserving_view | old_scale=0.4446, new_scale=1.0000, pixmap_size=2447x2047
09:01:31.084 [MainThread] DEBUG        [_swap_pixmap] anchor=(1205.5, 1039.0)
09:01:31.087 [MainThread] DEBUG        [_swap_pixmap] status=success
09:01:31.231 [MainThread] DEBUG    >>> _start_hq_resize | token=260, target=1360x1138, source=2447x2047
09:01:31.236 [Dummy-4   ] DEBUG        [Thread-260] HqResize.start | target=1360x1138
09:01:31.427 [Dummy-4   ] DEBUG        [Thread-260] HqResize.success | scale=0.556
09:01:31.427 [Dummy-4   ] DEBUG    >>> _cleanup_hq_thread_early | token=260
09:01:31.428 [MainThread] DEBUG    >>> _handle_hq_resized | token=260, current_token=260, has_error=False, image_valid=True, has_image=True
09:01:31.428 [MainThread] DEBUG        [_handle_hq_resized] action=swap_pixmap, scale=0.5558, size=1360x1138
09:01:31.431 [MainThread] DEBUG    >>> _swap_pixmap_preserving_view | old_scale=1.0000, new_scale=0.5558, pixmap_size=1360x1138
09:01:31.431 [MainThread] DEBUG        [_swap_pixmap] anchor=(1189.3, 1048.9)
09:01:31.433 [MainThread] DEBUG        [_swap_pixmap] status=success
09:01:31.682 [MainThread] DEBUG    >>> wheelEvent.zoom | factor=1.25
09:01:31.683 [MainThread] DEBUG    >>> _abort_hq | old_token=260, active_hq=0
09:01:31.683 [MainThread] DEBUG    >>> _swap_pixmap_preserving_view | old_scale=0.5558, new_scale=1.0000, pixmap_size=2447x2047
09:01:31.683 [MainThread] DEBUG        [_swap_pixmap] anchor=(1189.3, 1047.1)
09:01:31.685 [MainThread] DEBUG        [_swap_pixmap] status=success
09:01:31.731 [MainThread] DEBUG    >>> wheelEvent.zoom | factor=1.25
09:01:31.731 [MainThread] DEBUG    >>> _abort_hq | old_token=261, active_hq=0
09:01:31.878 [MainThread] DEBUG    >>> _start_hq_resize | token=263, target=2125x1778, source=2447x2047
09:01:31.879 [Dummy-71  ] DEBUG        [Thread-263] HqResize.start | target=2125x1778
09:01:31.996 [MainThread] DEBUG    >>> wheelEvent.zoom | factor=1.25
09:01:31.996 [MainThread] DEBUG    >>> _abort_hq | old_token=263, active_hq=1
09:01:32.013 [MainThread] DEBUG    >>> wheelEvent.zoom | factor=1.25
09:01:32.013 [MainThread] DEBUG    >>> _abort_hq | old_token=264, active_hq=1
09:01:32.118 [Dummy-71  ] DEBUG        [Thread-263] HqResize.cancelled_late | 
09:01:32.118 [MainThread] DEBUG    >>> _handle_hq_resized | token=263, current_token=265, has_error=True, image_valid=False, has_image=True
09:01:32.118 [MainThread] DEBUG        [_handle_hq_resized] action=ignore, reason=token_mismatch
09:01:32.155 [MainThread] WARNING  ⚠️  Found deleted C++ QObject in _hq_threads (cleaned up) | token=263
09:01:32.195 [MainThread] DEBUG    >>> wheelEvent.zoom | factor=1.25
09:01:32.195 [MainThread] DEBUG    >>> _abort_hq | old_token=265, active_hq=0
09:01:32.218 [MainThread] DEBUG    >>> wheelEvent.zoom | factor=1.25
09:01:32.218 [MainThread] DEBUG    >>> _abort_hq | old_token=266, active_hq=0
09:01:32.404 [MainThread] DEBUG    >>> wheelEvent.zoom | factor=1.25
09:01:32.404 [MainThread] DEBUG    >>> _abort_hq | old_token=267, active_hq=0
09:01:32.411 [MainThread] DEBUG    >>> wheelEvent.zoom | factor=1.25
09:01:32.412 [MainThread] DEBUG    >>> _abort_hq | old_token=268, active_hq=0
09:01:32.443 [MainThread] DEBUG    >>> wheelEvent.zoom | factor=1.25
09:01:32.443 [MainThread] DEBUG    >>> _abort_hq | old_token=269, active_hq=0
09:01:33.475 [MainThread] DEBUG    >>> wheelEvent.zoom | factor=1.25
09:01:33.475 [MainThread] DEBUG    >>> _abort_hq | old_token=270, active_hq=0
09:01:33.651 [MainThread] DEBUG    >>> wheelEvent.zoom | factor=1.25
09:01:33.652 [MainThread] DEBUG    >>> _abort_hq | old_token=271, active_hq=0
09:01:33.819 [MainThread] DEBUG    >>> wheelEvent.zoom | factor=1.25
09:01:33.820 [MainThread] DEBUG    >>> _abort_hq | old_token=272, active_hq=0
09:01:52.356 [MainThread] DEBUG    >>> wheelEvent.zoom | factor=0.8
09:01:52.357 [MainThread] DEBUG    >>> _abort_hq | old_token=273, active_hq=0
09:01:52.372 [MainThread] DEBUG    >>> wheelEvent.zoom | factor=0.8
09:01:52.373 [MainThread] DEBUG    >>> _abort_hq | old_token=274, active_hq=0
09:01:52.396 [MainThread] DEBUG    >>> wheelEvent.zoom | factor=1.25
09:01:52.396 [MainThread] DEBUG    >>> _abort_hq | old_token=275, active_hq=0
09:01:52.406 [MainThread] DEBUG    >>> wheelEvent.zoom | factor=0.8
09:01:52.406 [MainThread] DEBUG    >>> _abort_hq | old_token=276, active_hq=0
09:01:52.428 [MainThread] DEBUG    >>> wheelEvent.zoom | factor=0.8
09:01:52.428 [MainThread] DEBUG    >>> _abort_hq | old_token=277, active_hq=0
09:01:52.443 [MainThread] DEBUG    >>> wheelEvent.zoom | factor=0.8
09:01:52.443 [MainThread] DEBUG    >>> _abort_hq | old_token=278, active_hq=0
09:01:52.469 [MainThread] DEBUG    >>> wheelEvent.zoom | factor=0.8
09:01:52.469 [MainThread] DEBUG    >>> _abort_hq | old_token=279, active_hq=0
09:01:52.748 [MainThread] DEBUG    >>> wheelEvent.zoom | factor=0.8
09:01:52.749 [MainThread] DEBUG    >>> _abort_hq | old_token=280, active_hq=0
09:01:52.771 [MainThread] DEBUG    >>> wheelEvent.zoom | factor=0.8
09:01:52.771 [MainThread] DEBUG    >>> _abort_hq | old_token=281, active_hq=0
09:01:52.802 [MainThread] DEBUG    >>> wheelEvent.zoom | factor=0.8
09:01:52.803 [MainThread] DEBUG    >>> _abort_hq | old_token=282, active_hq=0
09:01:52.938 [MainThread] DEBUG    >>> _start_hq_resize | token=284, target=2125x1778, source=2447x2047
09:01:52.939 [Dummy-72  ] DEBUG        [Thread-284] HqResize.start | target=2125x1778
09:01:53.172 [Dummy-72  ] DEBUG        [Thread-284] HqResize.success | scale=0.868
09:01:53.172 [Dummy-72  ] DEBUG    >>> _cleanup_hq_thread_early | token=284
09:01:53.172 [MainThread] DEBUG    >>> _handle_hq_resized | token=284, current_token=284, has_error=False, image_valid=True, has_image=True
09:01:53.172 [MainThread] DEBUG        [_handle_hq_resized] action=swap_pixmap, scale=0.8684, size=2125x1778
09:01:53.180 [MainThread] DEBUG    >>> _swap_pixmap_preserving_view | old_scale=1.0000, new_scale=0.8684, pixmap_size=2125x1778
09:01:53.180 [MainThread] DEBUG        [_swap_pixmap] anchor=(830.2, 1092.8)
09:01:53.181 [MainThread] DEBUG        [_swap_pixmap] status=success
09:01:53.259 [MainThread] DEBUG    >>> wheelEvent.zoom | factor=0.8
09:01:53.260 [MainThread] DEBUG    >>> _abort_hq | old_token=284, active_hq=0
09:01:53.260 [MainThread] DEBUG    >>> _swap_pixmap_preserving_view | old_scale=0.8684, new_scale=1.0000, pixmap_size=2447x2047
09:01:53.260 [MainThread] DEBUG        [_swap_pixmap] anchor=(830.2, 1091.6)
09:01:53.266 [MainThread] DEBUG        [_swap_pixmap] status=success
09:01:53.276 [MainThread] DEBUG    >>> wheelEvent.zoom | factor=0.8
09:01:53.276 [MainThread] DEBUG    >>> _abort_hq | old_token=285, active_hq=0
09:01:53.307 [MainThread] DEBUG    >>> wheelEvent.zoom | factor=0.8
09:01:53.307 [MainThread] DEBUG    >>> _abort_hq | old_token=286, active_hq=0
09:01:53.341 [MainThread] DEBUG    >>> wheelEvent.zoom | factor=0.8
09:01:53.341 [MainThread] DEBUG    >>> _abort_hq | old_token=287, active_hq=0
09:01:53.489 [MainThread] DEBUG    >>> _start_hq_resize | token=289, target=870x728, source=2447x2047
09:01:53.491 [Dummy-73  ] DEBUG        [Thread-289] HqResize.start | target=870x728
09:01:53.641 [Dummy-73  ] DEBUG        [Thread-289] HqResize.success | scale=0.356
09:01:53.641 [MainThread] DEBUG    >>> _handle_hq_resized | token=289, current_token=289, has_error=False, image_valid=True, has_image=True
09:01:53.641 [Dummy-73  ] DEBUG    >>> _cleanup_hq_thread_early | token=289
09:01:53.641 [MainThread] DEBUG        [_handle_hq_resized] action=swap_pixmap, scale=0.3555, size=870x728
09:01:53.643 [MainThread] DEBUG    >>> _swap_pixmap_preserving_view | old_scale=1.0000, new_scale=0.3555, pixmap_size=870x728
09:01:53.643 [MainThread] DEBUG        [_swap_pixmap] anchor=(1222.9, 1026.1)
09:01:53.643 [MainThread] DEBUG        [_swap_pixmap] status=success
09:01:54.267 [MainThread] DEBUG    >>> wheelEvent.zoom | factor=1.25
09:01:54.268 [MainThread] DEBUG    >>> _abort_hq | old_token=289, active_hq=0
09:01:54.268 [MainThread] DEBUG    >>> _swap_pixmap_preserving_view | old_scale=0.3555, new_scale=1.0000, pixmap_size=2447x2047
09:01:54.268 [MainThread] DEBUG        [_swap_pixmap] anchor=(1222.9, 1026.1)
09:01:54.269 [MainThread] DEBUG        [_swap_pixmap] status=success
09:01:54.332 [MainThread] DEBUG    >>> wheelEvent.zoom | factor=1.25
09:01:54.332 [MainThread] DEBUG    >>> _abort_hq | old_token=290, active_hq=0
09:01:54.482 [MainThread] DEBUG    >>> _start_hq_resize | token=292, target=1360x1138, source=2447x2047
09:01:54.485 [Dummy-74  ] DEBUG        [Thread-292] HqResize.start | target=1360x1138
09:01:54.563 [MainThread] DEBUG    >>> wheelEvent.zoom | factor=1.25
09:01:54.563 [MainThread] DEBUG    >>> _abort_hq | old_token=292, active_hq=1
09:01:54.595 [MainThread] DEBUG    >>> wheelEvent.zoom | factor=1.25
09:01:54.595 [MainThread] DEBUG    >>> _abort_hq | old_token=293, active_hq=1
09:01:54.635 [MainThread] DEBUG    >>> wheelEvent.zoom | factor=1.25
09:01:54.635 [MainThread] DEBUG    >>> _abort_hq | old_token=294, active_hq=1
09:01:54.663 [Dummy-74  ] DEBUG        [Thread-292] HqResize.cancelled_late | 
09:01:54.664 [MainThread] DEBUG    >>> _handle_hq_resized | token=292, current_token=295, has_error=True, image_valid=False, has_image=True
09:01:54.664 [MainThread] DEBUG        [_handle_hq_resized] action=ignore, reason=token_mismatch
09:01:54.773 [MainThread] WARNING  ⚠️  Found deleted C++ QObject in _hq_threads (cleaned up) | token=292
09:01:54.900 [MainThread] DEBUG    >>> wheelEvent.zoom | factor=1.25
09:01:54.900 [MainThread] DEBUG    >>> _abort_hq | old_token=295, active_hq=0
09:01:54.915 [MainThread] DEBUG    >>> wheelEvent.zoom | factor=1.25
09:01:54.915 [MainThread] DEBUG    >>> _abort_hq | old_token=296, active_hq=0
09:01:54.948 [MainThread] DEBUG    >>> wheelEvent.zoom | factor=1.25
09:01:54.948 [MainThread] DEBUG    >>> _abort_hq | old_token=297, active_hq=0
09:01:55.155 [MainThread] DEBUG    >>> wheelEvent.zoom | factor=1.25
09:01:55.156 [MainThread] DEBUG    >>> _abort_hq | old_token=298, active_hq=0
09:01:55.187 [MainThread] DEBUG    >>> wheelEvent.zoom | factor=1.25
09:01:55.188 [MainThread] DEBUG    >>> _abort_hq | old_token=299, active_hq=0
09:01:55.236 [MainThread] DEBUG    >>> wheelEvent.zoom | factor=1.25
09:01:55.237 [MainThread] DEBUG    >>> _abort_hq | old_token=300, active_hq=0
09:01:57.933 [MainThread] DEBUG    >>> classify | key=k, enforce_focus=True, move_in_progress=False, has_session=True
09:01:57.933 [MainThread] DEBUG        [classify] action=start_move, current_image=FRE0230_H4F270FDF10_F6570_FBK6812809_T_729.263221_-252.828205_0213203_0153560_20260826_081558.jpg
09:01:57.958 [MainThread] DEBUG    >>> _handle_classify_finished | has_record=True, has_error=False, record_key=k, record_category=INK
09:01:57.958 [MainThread] DEBUG        [_handle_classify_finished] action=sync_after_session_change
09:01:57.959 [MainThread] DEBUG    >>> _load_current_image | current=None, previous=FRE0230_H4F270FDF10_F6570_FBK6812809_T_729.263221_-252.828205_0213203_0153560_20260826_081558.jpg
09:01:57.959 [MainThread] DEBUG    >>> _abort_hq | old_token=301, active_hq=0
09:02:06.072 [MainThread] DEBUG    >>> _load_current_image | current=FRE0240_H4F066HDF07_F6570_FUR6809619_T_-544.202592_-1005.651776_0270003_0213203_20260831_182341.jpg, previous=None
09:02:06.072 [MainThread] DEBUG        [_load_current_image] action=load, path=FRE0240_H4F066HDF07_F6570_FUR6809619_T_-544.202592_-1005.651776_0270003_0213203_20260831_182341.jpg
09:02:06.072 [MainThread] DEBUG    >>> _abort_hq | old_token=302, active_hq=0
09:02:06.072 [MainThread] DEBUG    >>> load_image | token=38, path=FRE0240_H4F066HDF07_F6570_FUR6809619_T_-544.202592_-1005.651776_0270003_0213203_20260831_182341.jpg, has_image=False, active_threads=0, hq_threads=0
09:02:06.073 [Dummy-75  ] DEBUG        [Thread-38] ImageLoad.start | path=FRE0240_H4F066HDF07_F6570_FUR6809619_T_-544.202592_-1005.651776_0270003_0213203_20260831_182341.jpg
09:02:06.150 [Dummy-75  ] DEBUG        [Thread-38] ImageLoad.success | size=2447x2047
09:02:06.165 [MainThread] DEBUG    >>> _handle_image_loaded | token=38, current_token=38, path=FRE0240_H4F066HDF07_F6570_FUR6809619_T_-544.202592_-1005.651776_0270003_0213203_20260831_182341.jpg, has_error=False, image_valid=True
09:02:06.165 [MainThread] DEBUG    >>> _abort_hq | old_token=303, active_hq=0
09:02:06.165 [MainThread] DEBUG        [_handle_image_loaded] action=create_pixmap, size=2447x2047
09:02:06.166 [MainThread] DEBUG        [_handle_image_loaded] action=fit_to_window
09:02:06.166 [MainThread] DEBUG    >>> _abort_hq | old_token=304, active_hq=0
09:02:06.178 [MainThread] DEBUG    >>> _abort_hq | old_token=305, active_hq=0
09:02:06.322 [MainThread] DEBUG    >>> _start_hq_resize | token=307, target=1056x883, source=2447x2047
09:02:06.323 [Dummy-76  ] DEBUG        [Thread-307] HqResize.start | target=1056x883
09:02:06.491 [Dummy-76  ] DEBUG        [Thread-307] HqResize.success | scale=0.432
09:02:06.492 [Dummy-76  ] DEBUG    >>> _cleanup_hq_thread_early | token=307
09:02:06.492 [MainThread] DEBUG    >>> _handle_hq_resized | token=307, current_token=307, has_error=False, image_valid=True, has_image=True
09:02:06.492 [MainThread] DEBUG        [_handle_hq_resized] action=swap_pixmap, scale=0.4315, size=1056x883
09:02:06.494 [MainThread] DEBUG    >>> _swap_pixmap_preserving_view | old_scale=1.0000, new_scale=0.4315, pixmap_size=1056x883
09:02:06.495 [MainThread] DEBUG        [_swap_pixmap] anchor=(1221.7, 1024.7)
09:02:06.495 [MainThread] DEBUG        [_swap_pixmap] status=success
09:02:08.780 [MainThread] DEBUG    >>> next_image | current=0, requested=1, total=13
09:02:08.780 [MainThread] DEBUG    >>> _load_current_image | current=FRE0540_H4F067HDF11_F6570_FFE6816019_T_1093.186250_624.055805_0152745_0245744_20260831_035536.jpg, previous=FRE0240_H4F066HDF07_F6570_FUR6809619_T_-544.202592_-1005.651776_0270003_0213203_20260831_182341.jpg
09:02:08.780 [MainThread] DEBUG        [_load_current_image] action=load, path=FRE0540_H4F067HDF11_F6570_FFE6816019_T_1093.186250_624.055805_0152745_0245744_20260831_035536.jpg
09:02:08.780 [MainThread] DEBUG    >>> _abort_hq | old_token=307, active_hq=0
09:02:08.781 [MainThread] DEBUG    >>> load_image | token=39, path=FRE0540_H4F067HDF11_F6570_FFE6816019_T_1093.186250_624.055805_0152745_0245744_20260831_035536.jpg, has_image=True, active_threads=0, hq_threads=0
09:02:08.782 [Dummy-77  ] DEBUG        [Thread-39] ImageLoad.start | path=FRE0540_H4F067HDF11_F6570_FFE6816019_T_1093.186250_624.055805_0152745_0245744_20260831_035536.jpg
09:02:08.855 [Dummy-77  ] DEBUG        [Thread-39] ImageLoad.success | size=2447x2047
09:02:08.861 [MainThread] DEBUG    >>> _handle_image_loaded | token=39, current_token=39, path=FRE0540_H4F067HDF11_F6570_FFE6816019_T_1093.186250_624.055805_0152745_0245744_20260831_035536.jpg, has_error=False, image_valid=True
09:02:08.863 [MainThread] DEBUG    >>> _abort_hq | old_token=308, active_hq=0
09:02:08.863 [MainThread] DEBUG        [_handle_image_loaded] action=create_pixmap, size=2447x2047
09:02:08.864 [MainThread] DEBUG        [_handle_image_loaded] action=fit_to_window
09:02:08.864 [MainThread] DEBUG    >>> _abort_hq | old_token=309, active_hq=0
09:02:08.947 [MainThread] DEBUG    >>> next_image | current=1, requested=2, total=13
09:02:08.948 [MainThread] DEBUG    >>> _load_current_image | current=FRE0640_H4F067HDF11_F6570_FFE6715218_R_793.732991_-1227.151394_0194923_0069094_20260826_210102.jpg, previous=FRE0540_H4F067HDF11_F6570_FFE6816019_T_1093.186250_624.055805_0152745_0245744_20260831_035536.jpg
09:02:08.948 [MainThread] DEBUG        [_load_current_image] action=load, path=FRE0640_H4F067HDF11_F6570_FFE6715218_R_793.732991_-1227.151394_0194923_0069094_20260826_210102.jpg
09:02:08.948 [MainThread] DEBUG    >>> _abort_hq | old_token=310, active_hq=0
09:02:08.948 [MainThread] DEBUG    >>> load_image | token=40, path=FRE0640_H4F067HDF11_F6570_FFE6715218_R_793.732991_-1227.151394_0194923_0069094_20260826_210102.jpg, has_image=True, active_threads=0, hq_threads=0
09:02:08.950 [Dummy-78  ] DEBUG        [Thread-40] ImageLoad.start | path=FRE0640_H4F067HDF11_F6570_FFE6715218_R_793.732991_-1227.151394_0194923_0069094_20260826_210102.jpg
09:02:09.040 [Dummy-78  ] DEBUG        [Thread-40] ImageLoad.success | size=2447x2047
09:02:09.052 [MainThread] DEBUG    >>> _handle_image_loaded | token=40, current_token=40, path=FRE0640_H4F067HDF11_F6570_FFE6715218_R_793.732991_-1227.151394_0194923_0069094_20260826_210102.jpg, has_error=False, image_valid=True
09:02:09.052 [MainThread] DEBUG    >>> _abort_hq | old_token=311, active_hq=0
09:02:09.052 [MainThread] DEBUG        [_handle_image_loaded] action=create_pixmap, size=2447x2047
09:02:09.056 [MainThread] DEBUG        [_handle_image_loaded] action=fit_to_window
09:02:09.056 [MainThread] DEBUG    >>> _abort_hq | old_token=312, active_hq=0
09:02:09.132 [MainThread] DEBUG    >>> next_image | current=2, requested=3, total=13
09:02:09.132 [MainThread] DEBUG    >>> _load_current_image | current=FRE0710_H4F065HDF13_F6570_FUR6803338_R_568.030277_1122.612772_0194923_0245744_20260904_051847.jpg, previous=FRE0640_H4F067HDF11_F6570_FFE6715218_R_793.732991_-1227.151394_0194923_0069094_20260826_210102.jpg
09:02:09.133 [MainThread] DEBUG        [_load_current_image] action=load, path=FRE0710_H4F065HDF13_F6570_FUR6803338_R_568.030277_1122.612772_0194923_0245744_20260904_051847.jpg
09:02:09.133 [MainThread] DEBUG    >>> _abort_hq | old_token=313, active_hq=0
09:02:09.133 [MainThread] DEBUG    >>> load_image | token=41, path=FRE0710_H4F065HDF13_F6570_FUR6803338_R_568.030277_1122.612772_0194923_0245744_20260904_051847.jpg, has_image=True, active_threads=0, hq_threads=0
09:02:09.139 [Dummy-79  ] DEBUG        [Thread-41] ImageLoad.start | path=FRE0710_H4F065HDF13_F6570_FUR6803338_R_568.030277_1122.612772_0194923_0245744_20260904_051847.jpg
09:02:09.236 [Dummy-79  ] DEBUG        [Thread-41] ImageLoad.success | size=2447x2047
09:02:09.247 [MainThread] DEBUG    >>> _handle_image_loaded | token=41, current_token=41, path=FRE0710_H4F065HDF13_F6570_FUR6803338_R_568.030277_1122.612772_0194923_0245744_20260904_051847.jpg, has_error=False, image_valid=True
09:02:09.247 [MainThread] DEBUG    >>> _abort_hq | old_token=314, active_hq=0
09:02:09.247 [MainThread] DEBUG        [_handle_image_loaded] action=create_pixmap, size=2447x2047
09:02:09.250 [MainThread] DEBUG        [_handle_image_loaded] action=fit_to_window
09:02:09.250 [MainThread] DEBUG    >>> _abort_hq | old_token=315, active_hq=0
09:02:09.259 [MainThread] DEBUG    >>> next_image | current=3, requested=4, total=13
09:02:09.260 [MainThread] DEBUG    >>> _load_current_image | current=FRE0820_H4F238FDF10_F6570_FNK6818844_T_-113.650919_-1203.179977_0068176_0213203_20260831_095219.jpg, previous=FRE0710_H4F065HDF13_F6570_FUR6803338_R_568.030277_1122.612772_0194923_0245744_20260904_051847.jpg
09:02:09.260 [MainThread] DEBUG        [_load_current_image] action=load, path=FRE0820_H4F238FDF10_F6570_FNK6818844_T_-113.650919_-1203.179977_0068176_0213203_20260831_095219.jpg
09:02:09.261 [MainThread] DEBUG    >>> _abort_hq | old_token=316, active_hq=0
09:02:09.261 [MainThread] DEBUG    >>> load_image | token=42, path=FRE0820_H4F238FDF10_F6570_FNK6818844_T_-113.650919_-1203.179977_0068176_0213203_20260831_095219.jpg, has_image=True, active_threads=0, hq_threads=0
09:02:09.264 [Dummy-80  ] DEBUG        [Thread-42] ImageLoad.start | path=FRE0820_H4F238FDF10_F6570_FNK6818844_T_-113.650919_-1203.179977_0068176_0213203_20260831_095219.jpg
09:02:09.364 [Dummy-80  ] DEBUG        [Thread-42] ImageLoad.success | size=2447x2047
09:02:09.374 [MainThread] DEBUG    >>> _handle_image_loaded | token=42, current_token=42, path=FRE0820_H4F238FDF10_F6570_FNK6818844_T_-113.650919_-1203.179977_0068176_0213203_20260831_095219.jpg, has_error=False, image_valid=True
09:02:09.374 [MainThread] DEBUG    >>> _abort_hq | old_token=317, active_hq=0
09:02:09.374 [MainThread] DEBUG        [_handle_image_loaded] action=create_pixmap, size=2447x2047
09:02:09.378 [MainThread] DEBUG        [_handle_image_loaded] action=fit_to_window
09:02:09.378 [MainThread] DEBUG    >>> _abort_hq | old_token=318, active_hq=0
09:02:09.404 [MainThread] DEBUG    >>> next_image | current=4, requested=5, total=13
09:02:09.405 [MainThread] DEBUG    >>> _load_current_image | current=SAP1030_H4F065HDF13_F6570_FUQ6800507_T_472.807421_1236.325271_0194923_0245744_20260904_001319.jpg, previous=FRE0820_H4F238FDF10_F6570_FNK6818844_T_-113.650919_-1203.179977_0068176_0213203_20260831_095219.jpg
09:02:09.405 [MainThread] DEBUG        [_load_current_image] action=load, path=SAP1030_H4F065HDF13_F6570_FUQ6800507_T_472.807421_1236.325271_0194923_0245744_20260904_001319.jpg
09:02:09.405 [MainThread] DEBUG    >>> _abort_hq | old_token=319, active_hq=0
09:02:09.405 [MainThread] DEBUG    >>> load_image | token=43, path=SAP1030_H4F065HDF13_F6570_FUQ6800507_T_472.807421_1236.325271_0194923_0245744_20260904_001319.jpg, has_image=True, active_threads=0, hq_threads=0
09:02:09.408 [Dummy-81  ] DEBUG        [Thread-43] ImageLoad.start | path=SAP1030_H4F065HDF13_F6570_FUQ6800507_T_472.807421_1236.325271_0194923_0245744_20260904_001319.jpg
09:02:09.493 [Dummy-81  ] DEBUG        [Thread-43] ImageLoad.success | size=2447x2047
09:02:09.503 [MainThread] DEBUG    >>> _handle_image_loaded | token=43, current_token=43, path=SAP1030_H4F065HDF13_F6570_FUQ6800507_T_472.807421_1236.325271_0194923_0245744_20260904_001319.jpg, has_error=False, image_valid=True
09:02:09.503 [MainThread] DEBUG    >>> _abort_hq | old_token=320, active_hq=0
09:02:09.504 [MainThread] DEBUG        [_handle_image_loaded] action=create_pixmap, size=2447x2047
09:02:09.507 [MainThread] DEBUG        [_handle_image_loaded] action=fit_to_window
09:02:09.507 [MainThread] DEBUG    >>> _abort_hq | old_token=321, active_hq=0
09:02:09.564 [MainThread] DEBUG    >>> next_image | current=5, requested=6, total=13
09:02:09.565 [MainThread] DEBUG    >>> _load_current_image | current=SAP1030_H4F065HDF13_F6570_FUQ6801048_T_103.858466_-897.856618_0194923_0245744_20260904_022856.jpg, previous=SAP1030_H4F065HDF13_F6570_FUQ6800507_T_472.807421_1236.325271_0194923_0245744_20260904_001319.jpg
09:02:09.565 [MainThread] DEBUG        [_load_current_image] action=load, path=SAP1030_H4F065HDF13_F6570_FUQ6801048_T_103.858466_-897.856618_0194923_0245744_20260904_022856.jpg
09:02:09.565 [MainThread] DEBUG    >>> _abort_hq | old_token=322, active_hq=0
09:02:09.565 [MainThread] DEBUG    >>> load_image | token=44, path=SAP1030_H4F065HDF13_F6570_FUQ6801048_T_103.858466_-897.856618_0194923_0245744_20260904_022856.jpg, has_image=True, active_threads=0, hq_threads=0
09:02:09.568 [Dummy-82  ] DEBUG        [Thread-44] ImageLoad.start | path=SAP1030_H4F065HDF13_F6570_FUQ6801048_T_103.858466_-897.856618_0194923_0245744_20260904_022856.jpg
09:02:09.654 [Dummy-82  ] DEBUG        [Thread-44] ImageLoad.success | size=2447x2047
09:02:09.664 [MainThread] DEBUG    >>> _handle_image_loaded | token=44, current_token=44, path=SAP1030_H4F065HDF13_F6570_FUQ6801048_T_103.858466_-897.856618_0194923_0245744_20260904_022856.jpg, has_error=False, image_valid=True
09:02:09.664 [MainThread] DEBUG    >>> _abort_hq | old_token=323, active_hq=0
09:02:09.664 [MainThread] DEBUG        [_handle_image_loaded] action=create_pixmap, size=2447x2047
09:02:09.666 [MainThread] DEBUG        [_handle_image_loaded] action=fit_to_window
09:02:09.667 [MainThread] DEBUG    >>> _abort_hq | old_token=324, active_hq=0
09:02:09.829 [MainThread] DEBUG    >>> _start_hq_resize | token=326, target=1056x883, source=2447x2047
09:02:09.831 [Dummy-83  ] DEBUG        [Thread-326] HqResize.start | target=1056x883
09:02:09.916 [MainThread] DEBUG    >>> next_image | current=6, requested=7, total=13
09:02:09.916 [MainThread] DEBUG    >>> _load_current_image | current=SAP1040_H4F065HDF13_F6570_FUQ6801711_R_-280.293792_1140.187790_0160189_0245744_20260903_163114.jpg, previous=SAP1030_H4F065HDF13_F6570_FUQ6801048_T_103.858466_-897.856618_0194923_0245744_20260904_022856.jpg
09:02:09.917 [MainThread] DEBUG        [_load_current_image] action=load, path=SAP1040_H4F065HDF13_F6570_FUQ6801711_R_-280.293792_1140.187790_0160189_0245744_20260903_163114.jpg
09:02:09.917 [MainThread] DEBUG    >>> _abort_hq | old_token=326, active_hq=1
09:02:09.917 [MainThread] DEBUG    >>> load_image | token=45, path=SAP1040_H4F065HDF13_F6570_FUQ6801711_R_-280.293792_1140.187790_0160189_0245744_20260903_163114.jpg, has_image=True, active_threads=0, hq_threads=1
09:02:09.919 [Dummy-84  ] DEBUG        [Thread-45] ImageLoad.start | path=SAP1040_H4F065HDF13_F6570_FUQ6801711_R_-280.293792_1140.187790_0160189_0245744_20260903_163114.jpg
09:02:10.000 [Dummy-84  ] DEBUG        [Thread-45] ImageLoad.success | size=2447x2047
09:02:10.007 [MainThread] DEBUG    >>> _handle_image_loaded | token=45, current_token=45, path=SAP1040_H4F065HDF13_F6570_FUQ6801711_R_-280.293792_1140.187790_0160189_0245744_20260903_163114.jpg, has_error=False, image_valid=True
09:02:10.007 [MainThread] DEBUG    >>> _abort_hq | old_token=327, active_hq=1
09:02:10.007 [MainThread] DEBUG        [_handle_image_loaded] action=create_pixmap, size=2447x2047
09:02:10.010 [MainThread] DEBUG        [_handle_image_loaded] action=fit_to_window
09:02:10.010 [MainThread] DEBUG    >>> _abort_hq | old_token=328, active_hq=1
09:02:10.051 [Dummy-83  ] DEBUG        [Thread-326] HqResize.cancelled_late | 
09:02:10.051 [MainThread] DEBUG    >>> _handle_hq_resized | token=326, current_token=329, has_error=True, image_valid=False, has_image=True
09:02:10.051 [MainThread] DEBUG        [_handle_hq_resized] action=ignore, reason=token_mismatch
09:02:10.109 [MainThread] DEBUG    >>> next_image | current=7, requested=8, total=13
09:02:10.109 [MainThread] DEBUG    >>> _load_current_image | current=SAP1040_H4F065HDF13_F6570_FUQ6803033_T_-500.288071_-788.043553_0160189_0245744_20260903_144514.jpg, previous=SAP1040_H4F065HDF13_F6570_FUQ6801711_R_-280.293792_1140.187790_0160189_0245744_20260903_163114.jpg
09:02:10.109 [MainThread] DEBUG        [_load_current_image] action=load, path=SAP1040_H4F065HDF13_F6570_FUQ6803033_T_-500.288071_-788.043553_0160189_0245744_20260903_144514.jpg
09:02:10.110 [MainThread] DEBUG    >>> _abort_hq | old_token=329, active_hq=1
09:02:10.110 [MainThread] WARNING  ⚠️  Found deleted C++ QObject in _hq_threads (cleaned up) | token=326
09:02:10.110 [MainThread] DEBUG    >>> load_image | token=46, path=SAP1040_H4F065HDF13_F6570_FUQ6803033_T_-500.288071_-788.043553_0160189_0245744_20260903_144514.jpg, has_image=True, active_threads=0, hq_threads=0
09:02:10.112 [Dummy-85  ] DEBUG        [Thread-46] ImageLoad.start | path=SAP1040_H4F065HDF13_F6570_FUQ6803033_T_-500.288071_-788.043553_0160189_0245744_20260903_144514.jpg
09:02:10.188 [Dummy-85  ] DEBUG        [Thread-46] ImageLoad.success | size=2447x2047
09:02:10.196 [MainThread] DEBUG    >>> _handle_image_loaded | token=46, current_token=46, path=SAP1040_H4F065HDF13_F6570_FUQ6803033_T_-500.288071_-788.043553_0160189_0245744_20260903_144514.jpg, has_error=False, image_valid=True
09:02:10.197 [MainThread] DEBUG    >>> _abort_hq | old_token=330, active_hq=0
09:02:10.197 [MainThread] DEBUG        [_handle_image_loaded] action=create_pixmap, size=2447x2047
09:02:10.199 [MainThread] DEBUG        [_handle_image_loaded] action=fit_to_window
09:02:10.199 [MainThread] DEBUG    >>> _abort_hq | old_token=331, active_hq=0
09:02:10.285 [MainThread] DEBUG    >>> next_image | current=8, requested=9, total=13
09:02:10.286 [MainThread] DEBUG    >>> _load_current_image | current=SAP1040_H4F065HDF13_F6570_FUQ6803730_T_-959.588549_-98.276456_0194923_0245744_20260904_065229.jpg, previous=SAP1040_H4F065HDF13_F6570_FUQ6803033_T_-500.288071_-788.043553_0160189_0245744_20260903_144514.jpg
09:02:10.286 [MainThread] DEBUG        [_load_current_image] action=load, path=SAP1040_H4F065HDF13_F6570_FUQ6803730_T_-959.588549_-98.276456_0194923_0245744_20260904_065229.jpg
09:02:10.286 [MainThread] DEBUG    >>> _abort_hq | old_token=332, active_hq=0
09:02:10.286 [MainThread] DEBUG    >>> load_image | token=47, path=SAP1040_H4F065HDF13_F6570_FUQ6803730_T_-959.588549_-98.276456_0194923_0245744_20260904_065229.jpg, has_image=True, active_threads=0, hq_threads=0
09:02:10.288 [Dummy-86  ] DEBUG        [Thread-47] ImageLoad.start | path=SAP1040_H4F065HDF13_F6570_FUQ6803730_T_-959.588549_-98.276456_0194923_0245744_20260904_065229.jpg
09:02:10.370 [Dummy-86  ] DEBUG        [Thread-47] ImageLoad.success | size=2447x2047
09:02:10.376 [MainThread] DEBUG    >>> _handle_image_loaded | token=47, current_token=47, path=SAP1040_H4F065HDF13_F6570_FUQ6803730_T_-959.588549_-98.276456_0194923_0245744_20260904_065229.jpg, has_error=False, image_valid=True
09:02:10.376 [MainThread] DEBUG    >>> _abort_hq | old_token=333, active_hq=0
09:02:10.376 [MainThread] DEBUG        [_handle_image_loaded] action=create_pixmap, size=2447x2047
09:02:10.378 [MainThread] DEBUG        [_handle_image_loaded] action=fit_to_window
09:02:10.379 [MainThread] DEBUG    >>> _abort_hq | old_token=334, active_hq=0
09:02:10.523 [MainThread] DEBUG    >>> _start_hq_resize | token=336, target=1056x883, source=2447x2047
09:02:10.524 [Dummy-87  ] DEBUG        [Thread-336] HqResize.start | target=1056x883
09:02:10.687 [MainThread] DEBUG    >>> _load_current_image | current=SAP1040_H4F065HDF13_F6570_FUQ6803033_T_-500.288071_-788.043553_0160189_0245744_20260903_144514.jpg, previous=SAP1040_H4F065HDF13_F6570_FUQ6803730_T_-959.588549_-98.276456_0194923_0245744_20260904_065229.jpg
09:02:10.687 [MainThread] DEBUG        [_load_current_image] action=load, path=SAP1040_H4F065HDF13_F6570_FUQ6803033_T_-500.288071_-788.043553_0160189_0245744_20260903_144514.jpg
09:02:10.687 [MainThread] DEBUG    >>> _abort_hq | old_token=336, active_hq=1
09:02:10.687 [MainThread] DEBUG    >>> load_image | token=48, path=SAP1040_H4F065HDF13_F6570_FUQ6803033_T_-500.288071_-788.043553_0160189_0245744_20260903_144514.jpg, has_image=True, active_threads=0, hq_threads=1
09:02:10.688 [Dummy-87  ] DEBUG        [Thread-336] HqResize.cancelled_late | 
09:02:10.689 [Dummy-88  ] DEBUG        [Thread-48] ImageLoad.start | path=SAP1040_H4F065HDF13_F6570_FUQ6803033_T_-500.288071_-788.043553_0160189_0245744_20260903_144514.jpg
09:02:10.762 [MainThread] DEBUG    >>> _handle_hq_resized | token=336, current_token=337, has_error=True, image_valid=False, has_image=True
09:02:10.762 [Dummy-88  ] DEBUG        [Thread-48] ImageLoad.success | size=2447x2047
09:02:10.762 [MainThread] DEBUG        [_handle_hq_resized] action=ignore, reason=token_mismatch
09:02:10.770 [MainThread] DEBUG    >>> _handle_image_loaded | token=48, current_token=48, path=SAP1040_H4F065HDF13_F6570_FUQ6803033_T_-500.288071_-788.043553_0160189_0245744_20260903_144514.jpg, has_error=False, image_valid=True
09:02:10.770 [MainThread] DEBUG    >>> _abort_hq | old_token=337, active_hq=1
09:02:10.770 [MainThread] WARNING  ⚠️  Found deleted C++ QObject in _hq_threads (cleaned up) | token=336
09:02:10.770 [MainThread] DEBUG        [_handle_image_loaded] action=create_pixmap, size=2447x2047
09:02:10.772 [MainThread] DEBUG        [_handle_image_loaded] action=fit_to_window
09:02:10.772 [MainThread] DEBUG    >>> _abort_hq | old_token=338, active_hq=0
09:02:10.872 [MainThread] DEBUG    >>> _load_current_image | current=SAP1040_H4F065HDF13_F6570_FUQ6801711_R_-280.293792_1140.187790_0160189_0245744_20260903_163114.jpg, previous=SAP1040_H4F065HDF13_F6570_FUQ6803033_T_-500.288071_-788.043553_0160189_0245744_20260903_144514.jpg
09:02:10.872 [MainThread] DEBUG        [_load_current_image] action=load, path=SAP1040_H4F065HDF13_F6570_FUQ6801711_R_-280.293792_1140.187790_0160189_0245744_20260903_163114.jpg
09:02:10.872 [MainThread] DEBUG    >>> _abort_hq | old_token=339, active_hq=0
09:02:10.873 [MainThread] DEBUG    >>> load_image | token=49, path=SAP1040_H4F065HDF13_F6570_FUQ6801711_R_-280.293792_1140.187790_0160189_0245744_20260903_163114.jpg, has_image=True, active_threads=0, hq_threads=0
09:02:10.876 [Dummy-89  ] DEBUG        [Thread-49] ImageLoad.start | path=SAP1040_H4F065HDF13_F6570_FUQ6801711_R_-280.293792_1140.187790_0160189_0245744_20260903_163114.jpg
09:02:10.965 [Dummy-89  ] DEBUG        [Thread-49] ImageLoad.success | size=2447x2047
09:02:10.971 [MainThread] DEBUG    >>> _handle_image_loaded | token=49, current_token=49, path=SAP1040_H4F065HDF13_F6570_FUQ6801711_R_-280.293792_1140.187790_0160189_0245744_20260903_163114.jpg, has_error=False, image_valid=True
09:02:10.971 [MainThread] DEBUG    >>> _abort_hq | old_token=340, active_hq=0
09:02:10.971 [MainThread] DEBUG        [_handle_image_loaded] action=create_pixmap, size=2447x2047
09:02:10.974 [MainThread] DEBUG        [_handle_image_loaded] action=fit_to_window
09:02:10.974 [MainThread] DEBUG    >>> _abort_hq | old_token=341, active_hq=0
09:02:11.019 [MainThread] DEBUG    >>> _load_current_image | current=SAP1030_H4F065HDF13_F6570_FUQ6801048_T_103.858466_-897.856618_0194923_0245744_20260904_022856.jpg, previous=SAP1040_H4F065HDF13_F6570_FUQ6801711_R_-280.293792_1140.187790_0160189_0245744_20260903_163114.jpg
09:02:11.019 [MainThread] DEBUG        [_load_current_image] action=load, path=SAP1030_H4F065HDF13_F6570_FUQ6801048_T_103.858466_-897.856618_0194923_0245744_20260904_022856.jpg
09:02:11.019 [MainThread] DEBUG    >>> _abort_hq | old_token=342, active_hq=0
09:02:11.019 [MainThread] DEBUG    >>> load_image | token=50, path=SAP1030_H4F065HDF13_F6570_FUQ6801048_T_103.858466_-897.856618_0194923_0245744_20260904_022856.jpg, has_image=True, active_threads=0, hq_threads=0
09:02:11.021 [Dummy-90  ] DEBUG        [Thread-50] ImageLoad.start | path=SAP1030_H4F065HDF13_F6570_FUQ6801048_T_103.858466_-897.856618_0194923_0245744_20260904_022856.jpg
09:02:11.093 [Dummy-90  ] DEBUG        [Thread-50] ImageLoad.success | size=2447x2047
09:02:11.100 [MainThread] DEBUG    >>> _handle_image_loaded | token=50, current_token=50, path=SAP1030_H4F065HDF13_F6570_FUQ6801048_T_103.858466_-897.856618_0194923_0245744_20260904_022856.jpg, has_error=False, image_valid=True
09:02:11.100 [MainThread] DEBUG    >>> _abort_hq | old_token=343, active_hq=0
09:02:11.100 [MainThread] DEBUG        [_handle_image_loaded] action=create_pixmap, size=2447x2047
09:02:11.102 [MainThread] DEBUG        [_handle_image_loaded] action=fit_to_window
09:02:11.102 [MainThread] DEBUG    >>> _abort_hq | old_token=344, active_hq=0
09:02:11.227 [MainThread] DEBUG    >>> _load_current_image | current=SAP1030_H4F065HDF13_F6570_FUQ6800507_T_472.807421_1236.325271_0194923_0245744_20260904_001319.jpg, previous=SAP1030_H4F065HDF13_F6570_FUQ6801048_T_103.858466_-897.856618_0194923_0245744_20260904_022856.jpg
09:02:11.227 [MainThread] DEBUG        [_load_current_image] action=load, path=SAP1030_H4F065HDF13_F6570_FUQ6800507_T_472.807421_1236.325271_0194923_0245744_20260904_001319.jpg
09:02:11.227 [MainThread] DEBUG    >>> _abort_hq | old_token=345, active_hq=0
09:02:11.227 [MainThread] DEBUG    >>> load_image | token=51, path=SAP1030_H4F065HDF13_F6570_FUQ6800507_T_472.807421_1236.325271_0194923_0245744_20260904_001319.jpg, has_image=True, active_threads=0, hq_threads=0
09:02:11.228 [Dummy-91  ] DEBUG        [Thread-51] ImageLoad.start | path=SAP1030_H4F065HDF13_F6570_FUQ6800507_T_472.807421_1236.325271_0194923_0245744_20260904_001319.jpg
09:02:11.332 [Dummy-91  ] DEBUG        [Thread-51] ImageLoad.success | size=2447x2047
09:02:11.338 [MainThread] DEBUG    >>> _handle_image_loaded | token=51, current_token=51, path=SAP1030_H4F065HDF13_F6570_FUQ6800507_T_472.807421_1236.325271_0194923_0245744_20260904_001319.jpg, has_error=False, image_valid=True
09:02:11.338 [MainThread] DEBUG    >>> _abort_hq | old_token=346, active_hq=0
09:02:11.338 [MainThread] DEBUG        [_handle_image_loaded] action=create_pixmap, size=2447x2047
09:02:11.341 [MainThread] DEBUG        [_handle_image_loaded] action=fit_to_window
09:02:11.341 [MainThread] DEBUG    >>> _abort_hq | old_token=347, active_hq=0
09:02:11.404 [MainThread] DEBUG    >>> _load_current_image | current=FRE0820_H4F238FDF10_F6570_FNK6818844_T_-113.650919_-1203.179977_0068176_0213203_20260831_095219.jpg, previous=SAP1030_H4F065HDF13_F6570_FUQ6800507_T_472.807421_1236.325271_0194923_0245744_20260904_001319.jpg
09:02:11.404 [MainThread] DEBUG        [_load_current_image] action=load, path=FRE0820_H4F238FDF10_F6570_FNK6818844_T_-113.650919_-1203.179977_0068176_0213203_20260831_095219.jpg
09:02:11.404 [MainThread] DEBUG    >>> _abort_hq | old_token=348, active_hq=0
09:02:11.404 [MainThread] DEBUG    >>> load_image | token=52, path=FRE0820_H4F238FDF10_F6570_FNK6818844_T_-113.650919_-1203.179977_0068176_0213203_20260831_095219.jpg, has_image=True, active_threads=0, hq_threads=0
09:02:11.406 [Dummy-92  ] DEBUG        [Thread-52] ImageLoad.start | path=FRE0820_H4F238FDF10_F6570_FNK6818844_T_-113.650919_-1203.179977_0068176_0213203_20260831_095219.jpg
09:02:11.479 [Dummy-92  ] DEBUG        [Thread-52] ImageLoad.success | size=2447x2047
09:02:11.484 [MainThread] DEBUG    >>> _handle_image_loaded | token=52, current_token=52, path=FRE0820_H4F238FDF10_F6570_FNK6818844_T_-113.650919_-1203.179977_0068176_0213203_20260831_095219.jpg, has_error=False, image_valid=True
09:02:11.485 [MainThread] DEBUG    >>> _abort_hq | old_token=349, active_hq=0
09:02:11.485 [MainThread] DEBUG        [_handle_image_loaded] action=create_pixmap, size=2447x2047
09:02:11.487 [MainThread] DEBUG        [_handle_image_loaded] action=fit_to_window
09:02:11.487 [MainThread] DEBUG    >>> _abort_hq | old_token=350, active_hq=0
09:02:11.555 [MainThread] DEBUG    >>> _load_current_image | current=FRE0710_H4F065HDF13_F6570_FUR6803338_R_568.030277_1122.612772_0194923_0245744_20260904_051847.jpg, previous=FRE0820_H4F238FDF10_F6570_FNK6818844_T_-113.650919_-1203.179977_0068176_0213203_20260831_095219.jpg
09:02:11.555 [MainThread] DEBUG        [_load_current_image] action=load, path=FRE0710_H4F065HDF13_F6570_FUR6803338_R_568.030277_1122.612772_0194923_0245744_20260904_051847.jpg
09:02:11.555 [MainThread] DEBUG    >>> _abort_hq | old_token=351, active_hq=0
09:02:11.555 [MainThread] DEBUG    >>> load_image | token=53, path=FRE0710_H4F065HDF13_F6570_FUR6803338_R_568.030277_1122.612772_0194923_0245744_20260904_051847.jpg, has_image=True, active_threads=0, hq_threads=0
09:02:11.557 [Dummy-93  ] DEBUG        [Thread-53] ImageLoad.start | path=FRE0710_H4F065HDF13_F6570_FUR6803338_R_568.030277_1122.612772_0194923_0245744_20260904_051847.jpg
09:02:11.630 [Dummy-93  ] DEBUG        [Thread-53] ImageLoad.success | size=2447x2047
09:02:11.637 [MainThread] DEBUG    >>> _handle_image_loaded | token=53, current_token=53, path=FRE0710_H4F065HDF13_F6570_FUR6803338_R_568.030277_1122.612772_0194923_0245744_20260904_051847.jpg, has_error=False, image_valid=True
09:02:11.637 [MainThread] DEBUG    >>> _abort_hq | old_token=352, active_hq=0
09:02:11.637 [MainThread] DEBUG        [_handle_image_loaded] action=create_pixmap, size=2447x2047
09:02:11.639 [MainThread] DEBUG        [_handle_image_loaded] action=fit_to_window
09:02:11.639 [MainThread] DEBUG    >>> _abort_hq | old_token=353, active_hq=0
09:02:11.733 [MainThread] DEBUG    >>> _load_current_image | current=FRE0640_H4F067HDF11_F6570_FFE6715218_R_793.732991_-1227.151394_0194923_0069094_20260826_210102.jpg, previous=FRE0710_H4F065HDF13_F6570_FUR6803338_R_568.030277_1122.612772_0194923_0245744_20260904_051847.jpg
09:02:11.733 [MainThread] DEBUG        [_load_current_image] action=load, path=FRE0640_H4F067HDF11_F6570_FFE6715218_R_793.732991_-1227.151394_0194923_0069094_20260826_210102.jpg
09:02:11.733 [MainThread] DEBUG    >>> _abort_hq | old_token=354, active_hq=0
09:02:11.733 [MainThread] DEBUG    >>> load_image | token=54, path=FRE0640_H4F067HDF11_F6570_FFE6715218_R_793.732991_-1227.151394_0194923_0069094_20260826_210102.jpg, has_image=True, active_threads=0, hq_threads=0
09:02:11.737 [Dummy-94  ] DEBUG        [Thread-54] ImageLoad.start | path=FRE0640_H4F067HDF11_F6570_FFE6715218_R_793.732991_-1227.151394_0194923_0069094_20260826_210102.jpg
09:02:11.825 [Dummy-94  ] DEBUG        [Thread-54] ImageLoad.success | size=2447x2047
09:02:11.832 [MainThread] DEBUG    >>> _handle_image_loaded | token=54, current_token=54, path=FRE0640_H4F067HDF11_F6570_FFE6715218_R_793.732991_-1227.151394_0194923_0069094_20260826_210102.jpg, has_error=False, image_valid=True
09:02:11.832 [MainThread] DEBUG    >>> _abort_hq | old_token=355, active_hq=0
09:02:11.832 [MainThread] DEBUG        [_handle_image_loaded] action=create_pixmap, size=2447x2047
09:02:11.835 [MainThread] DEBUG        [_handle_image_loaded] action=fit_to_window
09:02:11.835 [MainThread] DEBUG    >>> _abort_hq | old_token=356, active_hq=0
09:02:11.894 [MainThread] DEBUG    >>> _load_current_image | current=FRE0540_H4F067HDF11_F6570_FFE6816019_T_1093.186250_624.055805_0152745_0245744_20260831_035536.jpg, previous=FRE0640_H4F067HDF11_F6570_FFE6715218_R_793.732991_-1227.151394_0194923_0069094_20260826_210102.jpg
09:02:11.894 [MainThread] DEBUG        [_load_current_image] action=load, path=FRE0540_H4F067HDF11_F6570_FFE6816019_T_1093.186250_624.055805_0152745_0245744_20260831_035536.jpg
09:02:11.895 [MainThread] DEBUG    >>> _abort_hq | old_token=357, active_hq=0
09:02:11.895 [MainThread] DEBUG    >>> load_image | token=55, path=FRE0540_H4F067HDF11_F6570_FFE6816019_T_1093.186250_624.055805_0152745_0245744_20260831_035536.jpg, has_image=True, active_threads=0, hq_threads=0
09:02:11.898 [Dummy-95  ] DEBUG        [Thread-55] ImageLoad.start | path=FRE0540_H4F067HDF11_F6570_FFE6816019_T_1093.186250_624.055805_0152745_0245744_20260831_035536.jpg
09:02:11.997 [Dummy-95  ] DEBUG        [Thread-55] ImageLoad.success | size=2447x2047
09:02:12.004 [MainThread] DEBUG    >>> _handle_image_loaded | token=55, current_token=55, path=FRE0540_H4F067HDF11_F6570_FFE6816019_T_1093.186250_624.055805_0152745_0245744_20260831_035536.jpg, has_error=False, image_valid=True
09:02:12.004 [MainThread] DEBUG    >>> _abort_hq | old_token=358, active_hq=0
09:02:12.004 [MainThread] DEBUG        [_handle_image_loaded] action=create_pixmap, size=2447x2047
09:02:12.006 [MainThread] DEBUG        [_handle_image_loaded] action=fit_to_window
09:02:12.006 [MainThread] DEBUG    >>> _abort_hq | old_token=359, active_hq=0
09:02:12.093 [MainThread] DEBUG    >>> _load_current_image | current=FRE0240_H4F066HDF07_F6570_FUR6809619_T_-544.202592_-1005.651776_0270003_0213203_20260831_182341.jpg, previous=FRE0540_H4F067HDF11_F6570_FFE6816019_T_1093.186250_624.055805_0152745_0245744_20260831_035536.jpg
09:02:12.094 [MainThread] DEBUG        [_load_current_image] action=load, path=FRE0240_H4F066HDF07_F6570_FUR6809619_T_-544.202592_-1005.651776_0270003_0213203_20260831_182341.jpg
09:02:12.094 [MainThread] DEBUG    >>> _abort_hq | old_token=360, active_hq=0
09:02:12.094 [MainThread] DEBUG    >>> load_image | token=56, path=FRE0240_H4F066HDF07_F6570_FUR6809619_T_-544.202592_-1005.651776_0270003_0213203_20260831_182341.jpg, has_image=True, active_threads=0, hq_threads=0
09:02:12.097 [Dummy-96  ] DEBUG        [Thread-56] ImageLoad.start | path=FRE0240_H4F066HDF07_F6570_FUR6809619_T_-544.202592_-1005.651776_0270003_0213203_20260831_182341.jpg
09:02:12.173 [Dummy-96  ] DEBUG        [Thread-56] ImageLoad.success | size=2447x2047
09:02:12.180 [MainThread] DEBUG    >>> _handle_image_loaded | token=56, current_token=56, path=FRE0240_H4F066HDF07_F6570_FUR6809619_T_-544.202592_-1005.651776_0270003_0213203_20260831_182341.jpg, has_error=False, image_valid=True
09:02:12.180 [MainThread] DEBUG    >>> _abort_hq | old_token=361, active_hq=0
09:02:12.180 [MainThread] DEBUG        [_handle_image_loaded] action=create_pixmap, size=2447x2047
09:02:12.182 [MainThread] DEBUG        [_handle_image_loaded] action=fit_to_window
09:02:12.183 [MainThread] DEBUG    >>> _abort_hq | old_token=362, active_hq=0
09:02:12.316 [MainThread] DEBUG    >>> _load_current_image | current=FRE0240_H4F066HDF07_F6570_FUR6809619_T_-544.202592_-1005.651776_0270003_0213203_20260831_182341.jpg, previous=FRE0240_H4F066HDF07_F6570_FUR6809619_T_-544.202592_-1005.651776_0270003_0213203_20260831_182341.jpg
09:02:12.317 [MainThread] DEBUG        [_load_current_image] action=skip, reason=already_loaded
09:02:12.342 [MainThread] DEBUG    >>> _start_hq_resize | token=364, target=1056x883, source=2447x2047
09:02:12.344 [Dummy-97  ] DEBUG        [Thread-364] HqResize.start | target=1056x883
09:02:12.504 [Dummy-97  ] DEBUG        [Thread-364] HqResize.success | scale=0.432
09:02:12.504 [Dummy-97  ] DEBUG    >>> _cleanup_hq_thread_early | token=364
09:02:12.504 [MainThread] DEBUG    >>> _handle_hq_resized | token=364, current_token=364, has_error=False, image_valid=True, has_image=True
09:02:12.505 [MainThread] DEBUG        [_handle_hq_resized] action=swap_pixmap, scale=0.4315, size=1056x883
09:02:12.507 [MainThread] DEBUG    >>> _swap_pixmap_preserving_view | old_scale=1.0000, new_scale=0.4315, pixmap_size=1056x883
09:02:12.507 [MainThread] DEBUG        [_swap_pixmap] anchor=(1221.7, 1024.7)
09:02:12.508 [MainThread] DEBUG        [_swap_pixmap] status=success
09:02:14.180 [MainThread] DEBUG    >>> classify | key=g, enforce_focus=True, move_in_progress=False, has_session=True
09:02:14.180 [MainThread] DEBUG        [classify] action=start_move, current_image=FRE0240_H4F066HDF07_F6570_FUR6809619_T_-544.202592_-1005.651776_0270003_0213203_20260831_182341.jpg
09:02:14.194 [MainThread] DEBUG    >>> _handle_classify_finished | has_record=True, has_error=False, record_key=g, record_category=GE
09:02:14.194 [MainThread] DEBUG        [_handle_classify_finished] action=sync_after_session_change
09:02:14.196 [MainThread] DEBUG    >>> _load_current_image | current=FRE0540_H4F067HDF11_F6570_FFE6816019_T_1093.186250_624.055805_0152745_0245744_20260831_035536.jpg, previous=FRE0240_H4F066HDF07_F6570_FUR6809619_T_-544.202592_-1005.651776_0270003_0213203_20260831_182341.jpg
09:02:14.196 [MainThread] DEBUG        [_load_current_image] action=load, path=FRE0540_H4F067HDF11_F6570_FFE6816019_T_1093.186250_624.055805_0152745_0245744_20260831_035536.jpg
09:02:14.196 [MainThread] DEBUG    >>> _abort_hq | old_token=364, active_hq=0
09:02:14.196 [MainThread] DEBUG    >>> load_image | token=57, path=FRE0540_H4F067HDF11_F6570_FFE6816019_T_1093.186250_624.055805_0152745_0245744_20260831_035536.jpg, has_image=True, active_threads=0, hq_threads=0
09:02:14.200 [Dummy-98  ] DEBUG        [Thread-57] ImageLoad.start | path=FRE0540_H4F067HDF11_F6570_FFE6816019_T_1093.186250_624.055805_0152745_0245744_20260831_035536.jpg
09:02:14.291 [Dummy-98  ] DEBUG        [Thread-57] ImageLoad.success | size=2447x2047
09:02:14.305 [MainThread] DEBUG    >>> _handle_image_loaded | token=57, current_token=57, path=FRE0540_H4F067HDF11_F6570_FFE6816019_T_1093.186250_624.055805_0152745_0245744_20260831_035536.jpg, has_error=False, image_valid=True
09:02:14.307 [MainThread] DEBUG    >>> _abort_hq | old_token=365, active_hq=0
09:02:14.307 [MainThread] DEBUG        [_handle_image_loaded] action=create_pixmap, size=2447x2047
09:02:14.308 [MainThread] DEBUG        [_handle_image_loaded] action=fit_to_window
09:02:14.308 [MainThread] DEBUG    >>> _abort_hq | old_token=366, active_hq=0
09:02:14.467 [MainThread] DEBUG    >>> _start_hq_resize | token=368, target=1056x883, source=2447x2047
09:02:14.469 [Dummy-99  ] DEBUG        [Thread-368] HqResize.start | target=1056x883
09:02:14.644 [Dummy-99  ] DEBUG        [Thread-368] HqResize.success | scale=0.432
09:02:14.644 [Dummy-99  ] DEBUG    >>> _cleanup_hq_thread_early | token=368
09:02:14.645 [MainThread] DEBUG    >>> _handle_hq_resized | token=368, current_token=368, has_error=False, image_valid=True, has_image=True
09:02:14.645 [MainThread] DEBUG        [_handle_hq_resized] action=swap_pixmap, scale=0.4315, size=1056x883
09:02:14.647 [MainThread] DEBUG    >>> _swap_pixmap_preserving_view | old_scale=1.0000, new_scale=0.4315, pixmap_size=1056x883
09:02:14.647 [MainThread] DEBUG        [_swap_pixmap] anchor=(1221.7, 1024.7)
09:02:14.647 [MainThread] DEBUG        [_swap_pixmap] status=success
09:02:16.043 [MainThread] DEBUG    >>> classify | key=f, enforce_focus=True, move_in_progress=False, has_session=True
09:02:16.044 [MainThread] DEBUG        [classify] action=start_move, current_image=FRE0540_H4F067HDF11_F6570_FFE6816019_T_1093.186250_624.055805_0152745_0245744_20260831_035536.jpg
09:02:16.051 [MainThread] DEBUG    >>> _handle_classify_finished | has_record=True, has_error=False, record_key=f, record_category=FB
09:02:16.051 [MainThread] DEBUG        [_handle_classify_finished] action=sync_after_session_change
09:02:16.052 [MainThread] DEBUG    >>> _load_current_image | current=FRE0640_H4F067HDF11_F6570_FFE6715218_R_793.732991_-1227.151394_0194923_0069094_20260826_210102.jpg, previous=FRE0540_H4F067HDF11_F6570_FFE6816019_T_1093.186250_624.055805_0152745_0245744_20260831_035536.jpg
09:02:16.052 [MainThread] DEBUG        [_load_current_image] action=load, path=FRE0640_H4F067HDF11_F6570_FFE6715218_R_793.732991_-1227.151394_0194923_0069094_20260826_210102.jpg
09:02:16.052 [MainThread] DEBUG    >>> _abort_hq | old_token=368, active_hq=0
09:02:16.052 [MainThread] DEBUG    >>> load_image | token=58, path=FRE0640_H4F067HDF11_F6570_FFE6715218_R_793.732991_-1227.151394_0194923_0069094_20260826_210102.jpg, has_image=True, active_threads=0, hq_threads=0
09:02:16.054 [Dummy-100 ] DEBUG        [Thread-58] ImageLoad.start | path=FRE0640_H4F067HDF11_F6570_FFE6715218_R_793.732991_-1227.151394_0194923_0069094_20260826_210102.jpg
09:02:16.128 [Dummy-100 ] DEBUG        [Thread-58] ImageLoad.success | size=2447x2047
09:02:16.143 [MainThread] DEBUG    >>> _handle_image_loaded | token=58, current_token=58, path=FRE0640_H4F067HDF11_F6570_FFE6715218_R_793.732991_-1227.151394_0194923_0069094_20260826_210102.jpg, has_error=False, image_valid=True
09:02:16.145 [MainThread] DEBUG    >>> _abort_hq | old_token=369, active_hq=0
09:02:16.145 [MainThread] DEBUG        [_handle_image_loaded] action=create_pixmap, size=2447x2047
09:02:16.146 [MainThread] DEBUG        [_handle_image_loaded] action=fit_to_window
09:02:16.146 [MainThread] DEBUG    >>> _abort_hq | old_token=370, active_hq=0
09:02:16.285 [MainThread] DEBUG    >>> _start_hq_resize | token=372, target=1056x883, source=2447x2047
09:02:16.286 [Dummy-101 ] DEBUG        [Thread-372] HqResize.start | target=1056x883
09:02:16.450 [Dummy-101 ] DEBUG        [Thread-372] HqResize.success | scale=0.432
09:02:16.450 [Dummy-101 ] DEBUG    >>> _cleanup_hq_thread_early | token=372
09:02:16.450 [MainThread] DEBUG    >>> _handle_hq_resized | token=372, current_token=372, has_error=False, image_valid=True, has_image=True
09:02:16.450 [MainThread] DEBUG        [_handle_hq_resized] action=swap_pixmap, scale=0.4315, size=1056x883
09:02:16.453 [MainThread] DEBUG    >>> _swap_pixmap_preserving_view | old_scale=1.0000, new_scale=0.4315, pixmap_size=1056x883
09:02:16.453 [MainThread] DEBUG        [_swap_pixmap] anchor=(1221.7, 1024.7)
09:02:16.453 [MainThread] DEBUG        [_swap_pixmap] status=success
09:02:17.636 [MainThread] DEBUG    >>> wheelEvent.zoom | factor=1.25
09:02:17.636 [MainThread] DEBUG    >>> _abort_hq | old_token=372, active_hq=0
09:02:17.636 [MainThread] DEBUG    >>> _swap_pixmap_preserving_view | old_scale=0.4315, new_scale=1.0000, pixmap_size=2447x2047
09:02:17.637 [MainThread] DEBUG        [_swap_pixmap] anchor=(1221.7, 1024.7)
09:02:17.639 [MainThread] DEBUG        [_swap_pixmap] status=success
09:02:17.676 [MainThread] DEBUG    >>> wheelEvent.zoom | factor=1.25
09:02:17.676 [MainThread] DEBUG    >>> _abort_hq | old_token=373, active_hq=0
09:02:17.766 [MainThread] DEBUG    >>> wheelEvent.zoom | factor=1.25
09:02:17.766 [MainThread] DEBUG    >>> _abort_hq | old_token=374, active_hq=0
09:02:17.914 [MainThread] DEBUG    >>> _start_hq_resize | token=376, target=2062x1725, source=2447x2047
09:02:17.919 [Dummy-102 ] DEBUG        [Thread-376] HqResize.start | target=2062x1725
09:02:18.173 [Dummy-102 ] DEBUG        [Thread-376] HqResize.success | scale=0.843
09:02:18.173 [Dummy-102 ] DEBUG    >>> _cleanup_hq_thread_early | token=376
09:02:18.173 [MainThread] DEBUG    >>> _handle_hq_resized | token=376, current_token=376, has_error=False, image_valid=True, has_image=True
09:02:18.173 [MainThread] DEBUG        [_handle_hq_resized] action=swap_pixmap, scale=0.8427, size=2062x1725
09:02:18.180 [MainThread] DEBUG    >>> _swap_pixmap_preserving_view | old_scale=1.0000, new_scale=0.8427, pixmap_size=2062x1725
09:02:18.180 [MainThread] DEBUG        [_swap_pixmap] anchor=(1207.1, 1071.8)
09:02:18.182 [MainThread] DEBUG        [_swap_pixmap] status=success
09:02:21.672 [MainThread] DEBUG    >>> classify | key=g, enforce_focus=True, move_in_progress=False, has_session=True
09:02:21.672 [MainThread] DEBUG        [classify] action=start_move, current_image=FRE0640_H4F067HDF11_F6570_FFE6715218_R_793.732991_-1227.151394_0194923_0069094_20260826_210102.jpg
09:02:21.691 [MainThread] DEBUG    >>> _handle_classify_finished | has_record=True, has_error=False, record_key=g, record_category=GE
09:02:21.692 [MainThread] DEBUG        [_handle_classify_finished] action=sync_after_session_change
09:02:21.695 [MainThread] DEBUG    >>> _load_current_image | current=FRE0710_H4F065HDF13_F6570_FUR6803338_R_568.030277_1122.612772_0194923_0245744_20260904_051847.jpg, previous=FRE0640_H4F067HDF11_F6570_FFE6715218_R_793.732991_-1227.151394_0194923_0069094_20260826_210102.jpg
09:02:21.695 [MainThread] DEBUG        [_load_current_image] action=load, path=FRE0710_H4F065HDF13_F6570_FUR6803338_R_568.030277_1122.612772_0194923_0245744_20260904_051847.jpg
09:02:21.696 [MainThread] DEBUG    >>> _abort_hq | old_token=376, active_hq=0
09:02:21.696 [MainThread] DEBUG    >>> load_image | token=59, path=FRE0710_H4F065HDF13_F6570_FUR6803338_R_568.030277_1122.612772_0194923_0245744_20260904_051847.jpg, has_image=True, active_threads=0, hq_threads=0
09:02:21.699 [Dummy-103 ] DEBUG        [Thread-59] ImageLoad.start | path=FRE0710_H4F065HDF13_F6570_FUR6803338_R_568.030277_1122.612772_0194923_0245744_20260904_051847.jpg
09:02:21.783 [Dummy-103 ] DEBUG        [Thread-59] ImageLoad.success | size=2447x2047
09:02:21.798 [MainThread] DEBUG    >>> _handle_image_loaded | token=59, current_token=59, path=FRE0710_H4F065HDF13_F6570_FUR6803338_R_568.030277_1122.612772_0194923_0245744_20260904_051847.jpg, has_error=False, image_valid=True
09:02:21.800 [MainThread] DEBUG    >>> _abort_hq | old_token=377, active_hq=0
09:02:21.800 [MainThread] DEBUG        [_handle_image_loaded] action=create_pixmap, size=2447x2047
09:02:21.801 [MainThread] DEBUG        [_handle_image_loaded] action=fit_to_window
09:02:21.801 [MainThread] DEBUG    >>> _abort_hq | old_token=378, active_hq=0
09:02:21.807 [MainThread] DEBUG    >>> _abort_hq | old_token=379, active_hq=0
09:02:21.968 [MainThread] DEBUG    >>> _start_hq_resize | token=381, target=1056x883, source=2447x2047
09:02:21.969 [Dummy-104 ] DEBUG        [Thread-381] HqResize.start | target=1056x883
09:02:22.116 [Dummy-104 ] DEBUG        [Thread-381] HqResize.success | scale=0.432
09:02:22.116 [Dummy-104 ] DEBUG    >>> _cleanup_hq_thread_early | token=381
09:02:22.116 [MainThread] DEBUG    >>> _handle_hq_resized | token=381, current_token=381, has_error=False, image_valid=True, has_image=True
09:02:22.117 [MainThread] DEBUG        [_handle_hq_resized] action=swap_pixmap, scale=0.4315, size=1056x883
09:02:22.119 [MainThread] DEBUG    >>> _swap_pixmap_preserving_view | old_scale=1.0000, new_scale=0.4315, pixmap_size=1056x883
09:02:22.119 [MainThread] DEBUG        [_swap_pixmap] anchor=(1221.7, 1024.7)
09:02:22.120 [MainThread] DEBUG        [_swap_pixmap] status=success
09:02:23.745 [MainThread] DEBUG    >>> classify | key=o, enforce_focus=True, move_in_progress=False, has_session=True
09:02:23.746 [MainThread] DEBUG        [classify] action=start_move, current_image=FRE0710_H4F065HDF13_F6570_FUR6803338_R_568.030277_1122.612772_0194923_0245744_20260904_051847.jpg
09:02:23.765 [MainThread] DEBUG    >>> _handle_classify_finished | has_record=True, has_error=False, record_key=o, record_category=OI
09:02:23.766 [MainThread] DEBUG        [_handle_classify_finished] action=sync_after_session_change
09:02:23.769 [MainThread] DEBUG    >>> _load_current_image | current=FRE0820_H4F238FDF10_F6570_FNK6818844_T_-113.650919_-1203.179977_0068176_0213203_20260831_095219.jpg, previous=FRE0710_H4F065HDF13_F6570_FUR6803338_R_568.030277_1122.612772_0194923_0245744_20260904_051847.jpg
09:02:23.769 [MainThread] DEBUG        [_load_current_image] action=load, path=FRE0820_H4F238FDF10_F6570_FNK6818844_T_-113.650919_-1203.179977_0068176_0213203_20260831_095219.jpg
09:02:23.769 [MainThread] DEBUG    >>> _abort_hq | old_token=381, active_hq=0
09:02:23.769 [MainThread] DEBUG    >>> load_image | token=60, path=FRE0820_H4F238FDF10_F6570_FNK6818844_T_-113.650919_-1203.179977_0068176_0213203_20260831_095219.jpg, has_image=True, active_threads=0, hq_threads=0
09:02:23.772 [Dummy-105 ] DEBUG        [Thread-60] ImageLoad.start | path=FRE0820_H4F238FDF10_F6570_FNK6818844_T_-113.650919_-1203.179977_0068176_0213203_20260831_095219.jpg
09:02:23.850 [Dummy-105 ] DEBUG        [Thread-60] ImageLoad.success | size=2447x2047
09:02:23.862 [MainThread] DEBUG    >>> _handle_image_loaded | token=60, current_token=60, path=FRE0820_H4F238FDF10_F6570_FNK6818844_T_-113.650919_-1203.179977_0068176_0213203_20260831_095219.jpg, has_error=False, image_valid=True
09:02:23.864 [MainThread] DEBUG    >>> _abort_hq | old_token=382, active_hq=0
09:02:23.864 [MainThread] DEBUG        [_handle_image_loaded] action=create_pixmap, size=2447x2047
09:02:23.864 [MainThread] DEBUG        [_handle_image_loaded] action=fit_to_window
09:02:23.864 [MainThread] DEBUG    >>> _abort_hq | old_token=383, active_hq=0
09:02:24.011 [MainThread] DEBUG    >>> _start_hq_resize | token=385, target=1056x883, source=2447x2047
09:02:24.012 [Dummy-106 ] DEBUG        [Thread-385] HqResize.start | target=1056x883
09:02:24.163 [Dummy-106 ] DEBUG        [Thread-385] HqResize.success | scale=0.432
09:02:24.164 [Dummy-106 ] DEBUG    >>> _cleanup_hq_thread_early | token=385
09:02:24.164 [MainThread] DEBUG    >>> _handle_hq_resized | token=385, current_token=385, has_error=False, image_valid=True, has_image=True
09:02:24.168 [MainThread] DEBUG        [_handle_hq_resized] action=swap_pixmap, scale=0.4315, size=1056x883
09:02:24.170 [MainThread] DEBUG    >>> _swap_pixmap_preserving_view | old_scale=1.0000, new_scale=0.4315, pixmap_size=1056x883
09:02:24.170 [MainThread] DEBUG        [_swap_pixmap] anchor=(1221.7, 1024.7)
09:02:24.170 [MainThread] DEBUG        [_swap_pixmap] status=success
09:02:27.249 [MainThread] DEBUG    >>> classify | key=b, enforce_focus=True, move_in_progress=False, has_session=True
09:02:27.249 [MainThread] DEBUG        [classify] action=start_move, current_image=FRE0820_H4F238FDF10_F6570_FNK6818844_T_-113.650919_-1203.179977_0068176_0213203_20260831_095219.jpg
09:02:27.263 [MainThread] DEBUG    >>> _handle_classify_finished | has_record=True, has_error=False, record_key=b, record_category=BM
09:02:27.264 [MainThread] DEBUG        [_handle_classify_finished] action=sync_after_session_change
09:02:27.265 [MainThread] DEBUG    >>> _load_current_image | current=SAP1030_H4F065HDF13_F6570_FUQ6800507_T_472.807421_1236.325271_0194923_0245744_20260904_001319.jpg, previous=FRE0820_H4F238FDF10_F6570_FNK6818844_T_-113.650919_-1203.179977_0068176_0213203_20260831_095219.jpg
09:02:27.265 [MainThread] DEBUG        [_load_current_image] action=load, path=SAP1030_H4F065HDF13_F6570_FUQ6800507_T_472.807421_1236.325271_0194923_0245744_20260904_001319.jpg
09:02:27.265 [MainThread] DEBUG    >>> _abort_hq | old_token=385, active_hq=0
09:02:27.265 [MainThread] DEBUG    >>> load_image | token=61, path=SAP1030_H4F065HDF13_F6570_FUQ6800507_T_472.807421_1236.325271_0194923_0245744_20260904_001319.jpg, has_image=True, active_threads=0, hq_threads=0
09:02:27.268 [Dummy-107 ] DEBUG        [Thread-61] ImageLoad.start | path=SAP1030_H4F065HDF13_F6570_FUQ6800507_T_472.807421_1236.325271_0194923_0245744_20260904_001319.jpg
09:02:27.375 [Dummy-107 ] DEBUG        [Thread-61] ImageLoad.success | size=2447x2047
09:02:27.387 [MainThread] DEBUG    >>> _handle_image_loaded | token=61, current_token=61, path=SAP1030_H4F065HDF13_F6570_FUQ6800507_T_472.807421_1236.325271_0194923_0245744_20260904_001319.jpg, has_error=False, image_valid=True
09:02:27.389 [MainThread] DEBUG    >>> _abort_hq | old_token=386, active_hq=0
09:02:27.389 [MainThread] DEBUG        [_handle_image_loaded] action=create_pixmap, size=2447x2047
09:02:27.389 [MainThread] DEBUG        [_handle_image_loaded] action=fit_to_window
09:02:27.389 [MainThread] DEBUG    >>> _abort_hq | old_token=387, active_hq=0
09:02:27.537 [MainThread] DEBUG    >>> _start_hq_resize | token=389, target=1056x883, source=2447x2047
09:02:27.539 [Dummy-108 ] DEBUG        [Thread-389] HqResize.start | target=1056x883
09:02:27.707 [Dummy-108 ] DEBUG        [Thread-389] HqResize.success | scale=0.432
09:02:27.707 [Dummy-108 ] DEBUG    >>> _cleanup_hq_thread_early | token=389
09:02:27.708 [MainThread] DEBUG    >>> _handle_hq_resized | token=389, current_token=389, has_error=False, image_valid=True, has_image=True
09:02:27.708 [MainThread] DEBUG        [_handle_hq_resized] action=swap_pixmap, scale=0.4315, size=1056x883
09:02:27.710 [MainThread] DEBUG    >>> _swap_pixmap_preserving_view | old_scale=1.0000, new_scale=0.4315, pixmap_size=1056x883
09:02:27.710 [MainThread] DEBUG        [_swap_pixmap] anchor=(1221.7, 1024.7)
09:02:27.710 [MainThread] DEBUG        [_swap_pixmap] status=success
09:02:28.420 [MainThread] DEBUG    >>> classify | key=o, enforce_focus=True, move_in_progress=False, has_session=True
09:02:28.421 [MainThread] DEBUG        [classify] action=start_move, current_image=SAP1030_H4F065HDF13_F6570_FUQ6800507_T_472.807421_1236.325271_0194923_0245744_20260904_001319.jpg
09:02:28.428 [MainThread] DEBUG    >>> _handle_classify_finished | has_record=True, has_error=False, record_key=o, record_category=OI
09:02:28.428 [MainThread] DEBUG        [_handle_classify_finished] action=sync_after_session_change
09:02:28.429 [MainThread] DEBUG    >>> _load_current_image | current=SAP1030_H4F065HDF13_F6570_FUQ6801048_T_103.858466_-897.856618_0194923_0245744_20260904_022856.jpg, previous=SAP1030_H4F065HDF13_F6570_FUQ6800507_T_472.807421_1236.325271_0194923_0245744_20260904_001319.jpg
09:02:28.430 [MainThread] DEBUG        [_load_current_image] action=load, path=SAP1030_H4F065HDF13_F6570_FUQ6801048_T_103.858466_-897.856618_0194923_0245744_20260904_022856.jpg
09:02:28.430 [MainThread] DEBUG    >>> _abort_hq | old_token=389, active_hq=0
09:02:28.430 [MainThread] DEBUG    >>> load_image | token=62, path=SAP1030_H4F065HDF13_F6570_FUQ6801048_T_103.858466_-897.856618_0194923_0245744_20260904_022856.jpg, has_image=True, active_threads=0, hq_threads=0
09:02:28.433 [Dummy-109 ] DEBUG        [Thread-62] ImageLoad.start | path=SAP1030_H4F065HDF13_F6570_FUQ6801048_T_103.858466_-897.856618_0194923_0245744_20260904_022856.jpg
09:02:28.510 [Dummy-109 ] DEBUG        [Thread-62] ImageLoad.success | size=2447x2047
09:02:28.520 [MainThread] DEBUG    >>> _handle_image_loaded | token=62, current_token=62, path=SAP1030_H4F065HDF13_F6570_FUQ6801048_T_103.858466_-897.856618_0194923_0245744_20260904_022856.jpg, has_error=False, image_valid=True
09:02:28.522 [MainThread] DEBUG    >>> _abort_hq | old_token=390, active_hq=0
09:02:28.522 [MainThread] DEBUG        [_handle_image_loaded] action=create_pixmap, size=2447x2047
09:02:28.523 [MainThread] DEBUG        [_handle_image_loaded] action=fit_to_window
09:02:28.523 [MainThread] DEBUG    >>> _abort_hq | old_token=391, active_hq=0
09:02:28.680 [MainThread] DEBUG    >>> _start_hq_resize | token=393, target=1056x883, source=2447x2047
09:02:28.682 [Dummy-110 ] DEBUG        [Thread-393] HqResize.start | target=1056x883
09:02:28.845 [Dummy-110 ] DEBUG        [Thread-393] HqResize.success | scale=0.432
09:02:28.845 [Dummy-110 ] DEBUG    >>> _cleanup_hq_thread_early | token=393
09:02:28.845 [MainThread] DEBUG    >>> _handle_hq_resized | token=393, current_token=393, has_error=False, image_valid=True, has_image=True
09:02:28.845 [MainThread] DEBUG        [_handle_hq_resized] action=swap_pixmap, scale=0.4315, size=1056x883
09:02:28.847 [MainThread] DEBUG    >>> _swap_pixmap_preserving_view | old_scale=1.0000, new_scale=0.4315, pixmap_size=1056x883
09:02:28.847 [MainThread] DEBUG        [_swap_pixmap] anchor=(1221.7, 1024.7)
09:02:28.848 [MainThread] DEBUG        [_swap_pixmap] status=success
09:02:28.884 [MainThread] DEBUG    >>> classify | key=o, enforce_focus=True, move_in_progress=False, has_session=True
09:02:28.884 [MainThread] DEBUG        [classify] action=start_move, current_image=SAP1030_H4F065HDF13_F6570_FUQ6801048_T_103.858466_-897.856618_0194923_0245744_20260904_022856.jpg
09:02:28.889 [MainThread] DEBUG    >>> _handle_classify_finished | has_record=True, has_error=False, record_key=o, record_category=OI
09:02:28.889 [MainThread] DEBUG        [_handle_classify_finished] action=sync_after_session_change
09:02:28.890 [MainThread] DEBUG    >>> _load_current_image | current=SAP1040_H4F065HDF13_F6570_FUQ6801711_R_-280.293792_1140.187790_0160189_0245744_20260903_163114.jpg, previous=SAP1030_H4F065HDF13_F6570_FUQ6801048_T_103.858466_-897.856618_0194923_0245744_20260904_022856.jpg
09:02:28.890 [MainThread] DEBUG        [_load_current_image] action=load, path=SAP1040_H4F065HDF13_F6570_FUQ6801711_R_-280.293792_1140.187790_0160189_0245744_20260903_163114.jpg
09:02:28.890 [MainThread] DEBUG    >>> _abort_hq | old_token=393, active_hq=0
09:02:28.890 [MainThread] DEBUG    >>> load_image | token=63, path=SAP1040_H4F065HDF13_F6570_FUQ6801711_R_-280.293792_1140.187790_0160189_0245744_20260903_163114.jpg, has_image=True, active_threads=0, hq_threads=0
09:02:28.892 [Dummy-111 ] DEBUG        [Thread-63] ImageLoad.start | path=SAP1040_H4F065HDF13_F6570_FUQ6801711_R_-280.293792_1140.187790_0160189_0245744_20260903_163114.jpg
09:02:28.990 [Dummy-111 ] DEBUG        [Thread-63] ImageLoad.success | size=2447x2047
09:02:29.002 [MainThread] DEBUG    >>> _handle_image_loaded | token=63, current_token=63, path=SAP1040_H4F065HDF13_F6570_FUQ6801711_R_-280.293792_1140.187790_0160189_0245744_20260903_163114.jpg, has_error=False, image_valid=True
09:02:29.003 [MainThread] DEBUG    >>> _abort_hq | old_token=394, active_hq=0
09:02:29.003 [MainThread] DEBUG        [_handle_image_loaded] action=create_pixmap, size=2447x2047
09:02:29.004 [MainThread] DEBUG        [_handle_image_loaded] action=fit_to_window
09:02:29.004 [MainThread] DEBUG    >>> _abort_hq | old_token=395, active_hq=0
09:02:29.147 [MainThread] DEBUG    >>> _start_hq_resize | token=397, target=1056x883, source=2447x2047
09:02:29.149 [Dummy-112 ] DEBUG        [Thread-397] HqResize.start | target=1056x883
09:02:29.307 [Dummy-112 ] DEBUG        [Thread-397] HqResize.success | scale=0.432
09:02:29.307 [Dummy-112 ] DEBUG    >>> _cleanup_hq_thread_early | token=397
09:02:29.307 [MainThread] DEBUG    >>> _handle_hq_resized | token=397, current_token=397, has_error=False, image_valid=True, has_image=True
09:02:29.307 [MainThread] DEBUG        [_handle_hq_resized] action=swap_pixmap, scale=0.4315, size=1056x883
09:02:29.309 [MainThread] DEBUG    >>> _swap_pixmap_preserving_view | old_scale=1.0000, new_scale=0.4315, pixmap_size=1056x883
09:02:29.309 [MainThread] DEBUG        [_swap_pixmap] anchor=(1221.7, 1024.7)
09:02:29.310 [MainThread] DEBUG        [_swap_pixmap] status=success
09:02:29.379 [MainThread] DEBUG    >>> classify | key=o, enforce_focus=True, move_in_progress=False, has_session=True
09:02:29.380 [MainThread] DEBUG        [classify] action=start_move, current_image=SAP1040_H4F065HDF13_F6570_FUQ6801711_R_-280.293792_1140.187790_0160189_0245744_20260903_163114.jpg
09:02:29.394 [MainThread] DEBUG    >>> _handle_classify_finished | has_record=True, has_error=False, record_key=o, record_category=OI
09:02:29.395 [MainThread] DEBUG        [_handle_classify_finished] action=sync_after_session_change
09:02:29.398 [MainThread] DEBUG    >>> _load_current_image | current=SAP1040_H4F065HDF13_F6570_FUQ6803033_T_-500.288071_-788.043553_0160189_0245744_20260903_144514.jpg, previous=SAP1040_H4F065HDF13_F6570_FUQ6801711_R_-280.293792_1140.187790_0160189_0245744_20260903_163114.jpg
09:02:29.398 [MainThread] DEBUG        [_load_current_image] action=load, path=SAP1040_H4F065HDF13_F6570_FUQ6803033_T_-500.288071_-788.043553_0160189_0245744_20260903_144514.jpg
09:02:29.399 [MainThread] DEBUG    >>> _abort_hq | old_token=397, active_hq=0
09:02:29.399 [MainThread] DEBUG    >>> load_image | token=64, path=SAP1040_H4F065HDF13_F6570_FUQ6803033_T_-500.288071_-788.043553_0160189_0245744_20260903_144514.jpg, has_image=True, active_threads=0, hq_threads=0
09:02:29.404 [Dummy-113 ] DEBUG        [Thread-64] ImageLoad.start | path=SAP1040_H4F065HDF13_F6570_FUQ6803033_T_-500.288071_-788.043553_0160189_0245744_20260903_144514.jpg
09:02:29.490 [Dummy-113 ] DEBUG        [Thread-64] ImageLoad.success | size=2447x2047
09:02:29.502 [MainThread] DEBUG    >>> _handle_image_loaded | token=64, current_token=64, path=SAP1040_H4F065HDF13_F6570_FUQ6803033_T_-500.288071_-788.043553_0160189_0245744_20260903_144514.jpg, has_error=False, image_valid=True
09:02:29.504 [MainThread] DEBUG    >>> _abort_hq | old_token=398, active_hq=0
09:02:29.504 [MainThread] DEBUG        [_handle_image_loaded] action=create_pixmap, size=2447x2047
09:02:29.504 [MainThread] DEBUG        [_handle_image_loaded] action=fit_to_window
09:02:29.505 [MainThread] DEBUG    >>> _abort_hq | old_token=399, active_hq=0
09:02:29.657 [MainThread] DEBUG    >>> _start_hq_resize | token=401, target=1056x883, source=2447x2047
09:02:29.660 [Dummy-114 ] DEBUG        [Thread-401] HqResize.start | target=1056x883
09:02:29.827 [Dummy-114 ] DEBUG        [Thread-401] HqResize.success | scale=0.432
09:02:29.827 [Dummy-114 ] DEBUG    >>> _cleanup_hq_thread_early | token=401
09:02:29.827 [MainThread] DEBUG    >>> _handle_hq_resized | token=401, current_token=401, has_error=False, image_valid=True, has_image=True
09:02:29.827 [MainThread] DEBUG        [_handle_hq_resized] action=swap_pixmap, scale=0.4315, size=1056x883
09:02:29.829 [MainThread] DEBUG    >>> _swap_pixmap_preserving_view | old_scale=1.0000, new_scale=0.4315, pixmap_size=1056x883
09:02:29.829 [MainThread] DEBUG        [_swap_pixmap] anchor=(1221.7, 1024.7)
09:02:29.829 [MainThread] DEBUG        [_swap_pixmap] status=success
09:02:29.891 [MainThread] DEBUG    >>> classify | key=o, enforce_focus=True, move_in_progress=False, has_session=True
09:02:29.892 [MainThread] DEBUG        [classify] action=start_move, current_image=SAP1040_H4F065HDF13_F6570_FUQ6803033_T_-500.288071_-788.043553_0160189_0245744_20260903_144514.jpg
09:02:29.896 [MainThread] DEBUG    >>> _handle_classify_finished | has_record=True, has_error=False, record_key=o, record_category=OI
09:02:29.896 [MainThread] DEBUG        [_handle_classify_finished] action=sync_after_session_change
09:02:29.897 [MainThread] DEBUG    >>> _load_current_image | current=SAP1040_H4F065HDF13_F6570_FUQ6803730_T_-959.588549_-98.276456_0194923_0245744_20260904_065229.jpg, previous=SAP1040_H4F065HDF13_F6570_FUQ6803033_T_-500.288071_-788.043553_0160189_0245744_20260903_144514.jpg
09:02:29.897 [MainThread] DEBUG        [_load_current_image] action=load, path=SAP1040_H4F065HDF13_F6570_FUQ6803730_T_-959.588549_-98.276456_0194923_0245744_20260904_065229.jpg
09:02:29.897 [MainThread] DEBUG    >>> _abort_hq | old_token=401, active_hq=0
09:02:29.897 [MainThread] DEBUG    >>> load_image | token=65, path=SAP1040_H4F065HDF13_F6570_FUQ6803730_T_-959.588549_-98.276456_0194923_0245744_20260904_065229.jpg, has_image=True, active_threads=0, hq_threads=0
09:02:29.899 [Dummy-115 ] DEBUG        [Thread-65] ImageLoad.start | path=SAP1040_H4F065HDF13_F6570_FUQ6803730_T_-959.588549_-98.276456_0194923_0245744_20260904_065229.jpg
09:02:29.973 [Dummy-115 ] DEBUG        [Thread-65] ImageLoad.success | size=2447x2047
09:02:29.984 [MainThread] DEBUG    >>> _handle_image_loaded | token=65, current_token=65, path=SAP1040_H4F065HDF13_F6570_FUQ6803730_T_-959.588549_-98.276456_0194923_0245744_20260904_065229.jpg, has_error=False, image_valid=True
09:02:29.986 [MainThread] DEBUG    >>> _abort_hq | old_token=402, active_hq=0
09:02:29.986 [MainThread] DEBUG        [_handle_image_loaded] action=create_pixmap, size=2447x2047
09:02:29.986 [MainThread] DEBUG        [_handle_image_loaded] action=fit_to_window
09:02:29.987 [MainThread] DEBUG    >>> _abort_hq | old_token=403, active_hq=0
09:02:30.139 [MainThread] DEBUG    >>> _start_hq_resize | token=405, target=1056x883, source=2447x2047
09:02:30.140 [Dummy-116 ] DEBUG        [Thread-405] HqResize.start | target=1056x883
09:02:30.293 [Dummy-116 ] DEBUG        [Thread-405] HqResize.success | scale=0.432
09:02:30.293 [MainThread] DEBUG    >>> _handle_hq_resized | token=405, current_token=405, has_error=False, image_valid=True, has_image=True
09:02:30.293 [Dummy-116 ] DEBUG    >>> _cleanup_hq_thread_early | token=405
09:02:30.293 [MainThread] DEBUG        [_handle_hq_resized] action=swap_pixmap, scale=0.4315, size=1056x883
09:02:30.295 [MainThread] DEBUG    >>> _swap_pixmap_preserving_view | old_scale=1.0000, new_scale=0.4315, pixmap_size=1056x883
09:02:30.295 [MainThread] DEBUG        [_swap_pixmap] anchor=(1221.7, 1024.7)
09:02:30.295 [MainThread] DEBUG        [_swap_pixmap] status=success
09:02:30.391 [MainThread] DEBUG    >>> classify | key=o, enforce_focus=True, move_in_progress=False, has_session=True
09:02:30.391 [MainThread] DEBUG        [classify] action=start_move, current_image=SAP1040_H4F065HDF13_F6570_FUQ6803730_T_-959.588549_-98.276456_0194923_0245744_20260904_065229.jpg
09:02:30.405 [MainThread] DEBUG    >>> _handle_classify_finished | has_record=True, has_error=False, record_key=o, record_category=OI
09:02:30.406 [MainThread] DEBUG        [_handle_classify_finished] action=sync_after_session_change
09:02:30.408 [MainThread] DEBUG    >>> _load_current_image | current=SAP1040_H4F065HDF13_F6570_FUQ6804117_T_102.133143_-358.759261_0160189_0245744_20260903_122319.jpg, previous=SAP1040_H4F065HDF13_F6570_FUQ6803730_T_-959.588549_-98.276456_0194923_0245744_20260904_065229.jpg
09:02:30.409 [MainThread] DEBUG        [_load_current_image] action=load, path=SAP1040_H4F065HDF13_F6570_FUQ6804117_T_102.133143_-358.759261_0160189_0245744_20260903_122319.jpg
09:02:30.409 [MainThread] DEBUG    >>> _abort_hq | old_token=405, active_hq=0
09:02:30.409 [MainThread] DEBUG    >>> load_image | token=66, path=SAP1040_H4F065HDF13_F6570_FUQ6804117_T_102.133143_-358.759261_0160189_0245744_20260903_122319.jpg, has_image=True, active_threads=0, hq_threads=0
09:02:30.413 [Dummy-117 ] DEBUG        [Thread-66] ImageLoad.start | path=SAP1040_H4F065HDF13_F6570_FUQ6804117_T_102.133143_-358.759261_0160189_0245744_20260903_122319.jpg
09:02:30.512 [Dummy-117 ] DEBUG        [Thread-66] ImageLoad.success | size=2447x2047
09:02:30.521 [MainThread] DEBUG    >>> _handle_image_loaded | token=66, current_token=66, path=SAP1040_H4F065HDF13_F6570_FUQ6804117_T_102.133143_-358.759261_0160189_0245744_20260903_122319.jpg, has_error=False, image_valid=True
09:02:30.523 [MainThread] DEBUG    >>> _abort_hq | old_token=406, active_hq=0
09:02:30.523 [MainThread] DEBUG        [_handle_image_loaded] action=create_pixmap, size=2447x2047
09:02:30.523 [MainThread] DEBUG        [_handle_image_loaded] action=fit_to_window
09:02:30.524 [MainThread] DEBUG    >>> _abort_hq | old_token=407, active_hq=0
09:02:30.670 [MainThread] DEBUG    >>> _start_hq_resize | token=409, target=1056x883, source=2447x2047
09:02:30.673 [Dummy-118 ] DEBUG        [Thread-409] HqResize.start | target=1056x883
09:02:30.835 [Dummy-118 ] DEBUG        [Thread-409] HqResize.success | scale=0.432
09:02:30.836 [Dummy-118 ] DEBUG    >>> _cleanup_hq_thread_early | token=409
09:02:30.836 [MainThread] DEBUG    >>> _handle_hq_resized | token=409, current_token=409, has_error=False, image_valid=True, has_image=True
09:02:30.836 [MainThread] DEBUG        [_handle_hq_resized] action=swap_pixmap, scale=0.4315, size=1056x883
09:02:30.838 [MainThread] DEBUG    >>> _swap_pixmap_preserving_view | old_scale=1.0000, new_scale=0.4315, pixmap_size=1056x883
09:02:30.838 [MainThread] DEBUG        [_swap_pixmap] anchor=(1221.7, 1024.7)
09:02:30.838 [MainThread] DEBUG        [_swap_pixmap] status=success
09:02:30.891 [MainThread] DEBUG    >>> classify | key=o, enforce_focus=True, move_in_progress=False, has_session=True
09:02:30.891 [MainThread] DEBUG        [classify] action=start_move, current_image=SAP1040_H4F065HDF13_F6570_FUQ6804117_T_102.133143_-358.759261_0160189_0245744_20260903_122319.jpg
09:02:30.896 [MainThread] DEBUG    >>> _handle_classify_finished | has_record=True, has_error=False, record_key=o, record_category=OI
09:02:30.896 [MainThread] DEBUG        [_handle_classify_finished] action=sync_after_session_change
09:02:30.897 [MainThread] DEBUG    >>> _load_current_image | current=SAP1120_H4F069HDF04_F6570_FUJ6811425_T_327.297812_-1221.293925_0245744_0269834_20260905_153757.jpg, previous=SAP1040_H4F065HDF13_F6570_FUQ6804117_T_102.133143_-358.759261_0160189_0245744_20260903_122319.jpg
09:02:30.897 [MainThread] DEBUG        [_load_current_image] action=load, path=SAP1120_H4F069HDF04_F6570_FUJ6811425_T_327.297812_-1221.293925_0245744_0269834_20260905_153757.jpg
09:02:30.897 [MainThread] DEBUG    >>> _abort_hq | old_token=409, active_hq=0
09:02:30.897 [MainThread] DEBUG    >>> load_image | token=67, path=SAP1120_H4F069HDF04_F6570_FUJ6811425_T_327.297812_-1221.293925_0245744_0269834_20260905_153757.jpg, has_image=True, active_threads=0, hq_threads=0
09:02:30.900 [Dummy-119 ] DEBUG        [Thread-67] ImageLoad.start | path=SAP1120_H4F069HDF04_F6570_FUJ6811425_T_327.297812_-1221.293925_0245744_0269834_20260905_153757.jpg
09:02:31.004 [Dummy-119 ] DEBUG        [Thread-67] ImageLoad.success | size=2447x2047
09:02:31.010 [MainThread] DEBUG    >>> _handle_image_loaded | token=67, current_token=67, path=SAP1120_H4F069HDF04_F6570_FUJ6811425_T_327.297812_-1221.293925_0245744_0269834_20260905_153757.jpg, has_error=False, image_valid=True
09:02:31.012 [MainThread] DEBUG    >>> _abort_hq | old_token=410, active_hq=0
09:02:31.012 [MainThread] DEBUG        [_handle_image_loaded] action=create_pixmap, size=2447x2047
09:02:31.012 [MainThread] DEBUG        [_handle_image_loaded] action=fit_to_window
09:02:31.013 [MainThread] DEBUG    >>> _abort_hq | old_token=411, active_hq=0
09:02:31.166 [MainThread] DEBUG    >>> _start_hq_resize | token=413, target=1056x883, source=2447x2047
09:02:31.167 [Dummy-120 ] DEBUG        [Thread-413] HqResize.start | target=1056x883
09:02:31.321 [Dummy-120 ] DEBUG        [Thread-413] HqResize.success | scale=0.432
09:02:31.321 [MainThread] DEBUG    >>> _handle_hq_resized | token=413, current_token=413, has_error=False, image_valid=True, has_image=True
09:02:31.321 [Dummy-120 ] DEBUG    >>> _cleanup_hq_thread_early | token=413
09:02:31.321 [MainThread] DEBUG        [_handle_hq_resized] action=swap_pixmap, scale=0.4315, size=1056x883
09:02:31.323 [MainThread] DEBUG    >>> _swap_pixmap_preserving_view | old_scale=1.0000, new_scale=0.4315, pixmap_size=1056x883
09:02:31.323 [MainThread] DEBUG        [_swap_pixmap] anchor=(1221.7, 1024.7)
09:02:31.323 [MainThread] DEBUG        [_swap_pixmap] status=success
09:02:31.435 [MainThread] DEBUG    >>> classify | key=o, enforce_focus=True, move_in_progress=False, has_session=True
09:02:31.436 [MainThread] DEBUG        [classify] action=start_move, current_image=SAP1120_H4F069HDF04_F6570_FUJ6811425_T_327.297812_-1221.293925_0245744_0269834_20260905_153757.jpg
09:02:31.444 [MainThread] DEBUG    >>> _handle_classify_finished | has_record=True, has_error=False, record_key=o, record_category=OI
09:02:31.444 [MainThread] DEBUG        [_handle_classify_finished] action=sync_after_session_change
09:02:31.445 [MainThread] DEBUG    >>> _load_current_image | current=SAP1220_H4F238FDF10_F6570_FNK6822114_T_-510.924186_-804.894204_0068403_0213203_20260831_124242.jpg, previous=SAP1120_H4F069HDF04_F6570_FUJ6811425_T_327.297812_-1221.293925_0245744_0269834_20260905_153757.jpg
09:02:31.445 [MainThread] DEBUG        [_load_current_image] action=load, path=SAP1220_H4F238FDF10_F6570_FNK6822114_T_-510.924186_-804.894204_0068403_0213203_20260831_124242.jpg
09:02:31.445 [MainThread] DEBUG    >>> _abort_hq | old_token=413, active_hq=0
09:02:31.445 [MainThread] DEBUG    >>> load_image | token=68, path=SAP1220_H4F238FDF10_F6570_FNK6822114_T_-510.924186_-804.894204_0068403_0213203_20260831_124242.jpg, has_image=True, active_threads=0, hq_threads=0
09:02:31.446 [Dummy-121 ] DEBUG        [Thread-68] ImageLoad.start | path=SAP1220_H4F238FDF10_F6570_FNK6822114_T_-510.924186_-804.894204_0068403_0213203_20260831_124242.jpg
09:02:31.526 [Dummy-121 ] DEBUG        [Thread-68] ImageLoad.success | size=2447x2047
09:02:31.533 [MainThread] DEBUG    >>> _handle_image_loaded | token=68, current_token=68, path=SAP1220_H4F238FDF10_F6570_FNK6822114_T_-510.924186_-804.894204_0068403_0213203_20260831_124242.jpg, has_error=False, image_valid=True
09:02:31.535 [MainThread] DEBUG    >>> _abort_hq | old_token=414, active_hq=0
09:02:31.535 [MainThread] DEBUG        [_handle_image_loaded] action=create_pixmap, size=2447x2047
09:02:31.535 [MainThread] DEBUG        [_handle_image_loaded] action=fit_to_window
09:02:31.536 [MainThread] DEBUG    >>> _abort_hq | old_token=415, active_hq=0
09:02:31.685 [MainThread] DEBUG    >>> _start_hq_resize | token=417, target=1056x883, source=2447x2047
09:02:31.687 [Dummy-122 ] DEBUG        [Thread-417] HqResize.start | target=1056x883
09:02:31.849 [Dummy-122 ] DEBUG        [Thread-417] HqResize.success | scale=0.432
09:02:31.849 [Dummy-122 ] DEBUG    >>> _cleanup_hq_thread_early | token=417
09:02:31.850 [MainThread] DEBUG    >>> _handle_hq_resized | token=417, current_token=417, has_error=False, image_valid=True, has_image=True
09:02:31.850 [MainThread] DEBUG        [_handle_hq_resized] action=swap_pixmap, scale=0.4315, size=1056x883
09:02:31.852 [MainThread] DEBUG    >>> _swap_pixmap_preserving_view | old_scale=1.0000, new_scale=0.4315, pixmap_size=1056x883
09:02:31.852 [MainThread] DEBUG        [_swap_pixmap] anchor=(1221.7, 1024.7)
09:02:31.852 [MainThread] DEBUG        [_swap_pixmap] status=success
09:02:38.268 [MainThread] DEBUG    >>> classify | key=t, enforce_focus=True, move_in_progress=False, has_session=True
09:02:38.269 [MainThread] DEBUG        [classify] action=start_move, current_image=SAP1220_H4F238FDF10_F6570_FNK6822114_T_-510.924186_-804.894204_0068403_0213203_20260831_124242.jpg
09:02:38.290 [MainThread] DEBUG    >>> _handle_classify_finished | has_record=True, has_error=False, record_key=t, record_category=PT
09:02:38.290 [MainThread] DEBUG        [_handle_classify_finished] action=sync_after_session_change
09:02:38.291 [MainThread] DEBUG    >>> _load_current_image | current=None, previous=SAP1220_H4F238FDF10_F6570_FNK6822114_T_-510.924186_-804.894204_0068403_0213203_20260831_124242.jpg
09:02:38.291 [MainThread] DEBUG    >>> _abort_hq | old_token=417, active_hq=0
09:02:53.345 [MainThread] DEBUG    >>> _load_current_image | current=FRE0630_H4F156FDF12_F6570_FRV6802029_T_-146.962667_-742.310311_0269834_0245744_20260826_002200.jpg, previous=None
09:02:53.345 [MainThread] DEBUG        [_load_current_image] action=load, path=FRE0630_H4F156FDF12_F6570_FRV6802029_T_-146.962667_-742.310311_0269834_0245744_20260826_002200.jpg
09:02:53.345 [MainThread] DEBUG    >>> _abort_hq | old_token=418, active_hq=0
09:02:53.345 [MainThread] DEBUG    >>> load_image | token=70, path=FRE0630_H4F156FDF12_F6570_FRV6802029_T_-146.962667_-742.310311_0269834_0245744_20260826_002200.jpg, has_image=False, active_threads=0, hq_threads=0
09:02:53.346 [Dummy-123 ] DEBUG        [Thread-70] ImageLoad.start | path=FRE0630_H4F156FDF12_F6570_FRV6802029_T_-146.962667_-742.310311_0269834_0245744_20260826_002200.jpg
09:02:53.426 [Dummy-123 ] DEBUG        [Thread-70] ImageLoad.success | size=2447x2047
09:02:53.431 [MainThread] DEBUG    >>> _handle_image_loaded | token=70, current_token=70, path=FRE0630_H4F156FDF12_F6570_FRV6802029_T_-146.962667_-742.310311_0269834_0245744_20260826_002200.jpg, has_error=False, image_valid=True
09:02:53.431 [MainThread] DEBUG    >>> _abort_hq | old_token=419, active_hq=0
09:02:53.431 [MainThread] DEBUG        [_handle_image_loaded] action=create_pixmap, size=2447x2047
09:02:53.432 [MainThread] DEBUG        [_handle_image_loaded] action=fit_to_window
09:02:53.432 [MainThread] DEBUG    >>> _abort_hq | old_token=420, active_hq=0
09:02:53.568 [MainThread] DEBUG    >>> _start_hq_resize | token=422, target=1056x883, source=2447x2047
09:02:53.569 [Dummy-124 ] DEBUG        [Thread-422] HqResize.start | target=1056x883
09:02:53.741 [Dummy-124 ] DEBUG        [Thread-422] HqResize.success | scale=0.432
09:02:53.741 [Dummy-124 ] DEBUG    >>> _cleanup_hq_thread_early | token=422
09:02:53.741 [MainThread] DEBUG    >>> _handle_hq_resized | token=422, current_token=422, has_error=False, image_valid=True, has_image=True
09:02:53.741 [MainThread] DEBUG        [_handle_hq_resized] action=swap_pixmap, scale=0.4315, size=1056x883
09:02:53.743 [MainThread] DEBUG    >>> _swap_pixmap_preserving_view | old_scale=1.0000, new_scale=0.4315, pixmap_size=1056x883
09:02:53.743 [MainThread] DEBUG        [_swap_pixmap] anchor=(1221.7, 1024.7)
09:02:53.744 [MainThread] DEBUG        [_swap_pixmap] status=success
09:02:54.683 [MainThread] DEBUG    >>> wheelEvent.zoom | factor=1.25
09:02:54.683 [MainThread] DEBUG    >>> _abort_hq | old_token=422, active_hq=0
09:02:54.683 [MainThread] DEBUG    >>> _swap_pixmap_preserving_view | old_scale=0.4315, new_scale=1.0000, pixmap_size=2447x2047
09:02:54.684 [MainThread] DEBUG        [_swap_pixmap] anchor=(1221.7, 1024.7)
09:02:54.684 [MainThread] DEBUG        [_swap_pixmap] status=success
09:02:54.707 [MainThread] DEBUG    >>> wheelEvent.zoom | factor=1.25
09:02:54.707 [MainThread] DEBUG    >>> _abort_hq | old_token=423, active_hq=0
09:02:54.747 [MainThread] DEBUG    >>> wheelEvent.zoom | factor=1.25
09:02:54.747 [MainThread] DEBUG    >>> _abort_hq | old_token=424, active_hq=0
09:02:54.787 [MainThread] DEBUG    >>> wheelEvent.zoom | factor=1.25
09:02:54.788 [MainThread] DEBUG    >>> _abort_hq | old_token=425, active_hq=0
09:02:54.819 [MainThread] DEBUG    >>> wheelEvent.zoom | factor=1.25
09:02:54.819 [MainThread] DEBUG    >>> _abort_hq | old_token=426, active_hq=0
09:02:54.875 [MainThread] DEBUG    >>> wheelEvent.zoom | factor=1.25
09:02:54.875 [MainThread] DEBUG    >>> _abort_hq | old_token=427, active_hq=0
09:02:55.107 [MainThread] DEBUG    >>> wheelEvent.zoom | factor=1.25
09:02:55.107 [MainThread] DEBUG    >>> _abort_hq | old_token=428, active_hq=0
09:02:55.147 [MainThread] DEBUG    >>> wheelEvent.zoom | factor=1.25
09:02:55.147 [MainThread] DEBUG    >>> _abort_hq | old_token=429, active_hq=0
09:02:56.331 [MainThread] DEBUG    >>> wheelEvent.zoom | factor=0.8
09:02:56.332 [MainThread] DEBUG    >>> _abort_hq | old_token=430, active_hq=0
09:02:56.357 [MainThread] DEBUG    >>> wheelEvent.zoom | factor=0.8
09:02:56.357 [MainThread] DEBUG    >>> _abort_hq | old_token=431, active_hq=0
09:02:56.395 [MainThread] DEBUG    >>> wheelEvent.zoom | factor=0.8
09:02:56.395 [MainThread] DEBUG    >>> _abort_hq | old_token=432, active_hq=0
09:02:56.427 [MainThread] DEBUG    >>> wheelEvent.zoom | factor=0.8
09:02:56.428 [MainThread] DEBUG    >>> _abort_hq | old_token=433, active_hq=0
09:02:56.492 [MainThread] DEBUG    >>> wheelEvent.zoom | factor=0.8
09:02:56.492 [MainThread] DEBUG    >>> _abort_hq | old_token=434, active_hq=0
09:02:56.636 [MainThread] DEBUG    >>> _start_hq_resize | token=436, target=2062x1725, source=2447x2047
09:02:56.639 [Dummy-125 ] DEBUG        [Thread-436] HqResize.start | target=2062x1725
09:02:56.891 [Dummy-125 ] DEBUG        [Thread-436] HqResize.success | scale=0.843
09:02:56.891 [Dummy-125 ] DEBUG    >>> _cleanup_hq_thread_early | token=436
09:02:56.891 [MainThread] DEBUG    >>> _handle_hq_resized | token=436, current_token=436, has_error=False, image_valid=True, has_image=True
09:02:56.892 [MainThread] DEBUG        [_handle_hq_resized] action=swap_pixmap, scale=0.8427, size=2062x1725
09:02:56.898 [MainThread] DEBUG    >>> _swap_pixmap_preserving_view | old_scale=1.0000, new_scale=0.8427, pixmap_size=2062x1725
09:02:56.899 [MainThread] DEBUG        [_swap_pixmap] anchor=(1196.4, 883.1)
09:02:56.900 [MainThread] DEBUG        [_swap_pixmap] status=success
09:02:57.563 [MainThread] DEBUG    >>> wheelEvent.zoom | factor=1.25
09:02:57.564 [MainThread] DEBUG    >>> _abort_hq | old_token=436, active_hq=0
09:02:57.564 [MainThread] DEBUG    >>> _swap_pixmap_preserving_view | old_scale=0.8427, new_scale=1.0000, pixmap_size=2447x2047
09:02:57.564 [MainThread] DEBUG        [_swap_pixmap] anchor=(1196.4, 881.9)
09:02:57.570 [MainThread] DEBUG        [_swap_pixmap] status=success
09:02:57.715 [MainThread] DEBUG    >>> wheelEvent.zoom | factor=1.25
09:02:57.716 [MainThread] DEBUG    >>> _abort_hq | old_token=437, active_hq=0
09:04:43.107 [MainThread] DEBUG    >>> wheelEvent.zoom | factor=0.8
09:04:43.107 [MainThread] DEBUG    >>> _abort_hq | old_token=438, active_hq=0
09:04:43.123 [MainThread] DEBUG    >>> wheelEvent.zoom | factor=0.8
09:04:43.123 [MainThread] DEBUG    >>> _abort_hq | old_token=439, active_hq=0
09:04:43.139 [MainThread] DEBUG    >>> wheelEvent.zoom | factor=0.8
09:04:43.139 [MainThread] DEBUG    >>> _abort_hq | old_token=440, active_hq=0
09:04:43.155 [MainThread] DEBUG    >>> wheelEvent.zoom | factor=0.8
09:04:43.155 [MainThread] DEBUG    >>> _abort_hq | old_token=441, active_hq=0
09:04:43.171 [MainThread] DEBUG    >>> wheelEvent.zoom | factor=0.8
09:04:43.171 [MainThread] DEBUG    >>> _abort_hq | old_token=442, active_hq=0
09:04:43.203 [MainThread] DEBUG    >>> wheelEvent.zoom | factor=0.8
09:04:43.203 [MainThread] DEBUG    >>> _abort_hq | old_token=443, active_hq=0
09:04:43.345 [MainThread] DEBUG    >>> _start_hq_resize | token=445, target=844x706, source=2447x2047
09:04:43.347 [Dummy-126 ] DEBUG        [Thread-445] HqResize.start | target=844x706
09:04:43.503 [Dummy-126 ] DEBUG        [Thread-445] HqResize.success | scale=0.345
09:04:43.503 [Dummy-126 ] DEBUG    >>> _cleanup_hq_thread_early | token=445
09:04:43.503 [MainThread] DEBUG    >>> _handle_hq_resized | token=445, current_token=445, has_error=False, image_valid=True, has_image=True
09:04:43.503 [MainThread] DEBUG        [_handle_hq_resized] action=swap_pixmap, scale=0.3449, size=844x706
09:04:43.504 [MainThread] DEBUG    >>> _swap_pixmap_preserving_view | old_scale=1.0000, new_scale=0.3449, pixmap_size=844x706
09:04:43.505 [MainThread] DEBUG        [_swap_pixmap] anchor=(1222.9, 1025.8)
09:04:43.505 [MainThread] DEBUG        [_swap_pixmap] status=success
09:04:44.211 [MainThread] DEBUG    >>> wheelEvent.zoom | factor=1.25
09:04:44.211 [MainThread] DEBUG    >>> _abort_hq | old_token=445, active_hq=0
09:04:44.211 [MainThread] DEBUG    >>> _swap_pixmap_preserving_view | old_scale=0.3449, new_scale=1.0000, pixmap_size=2447x2047
09:04:44.211 [MainThread] DEBUG        [_swap_pixmap] anchor=(1222.9, 1025.8)
09:04:44.212 [MainThread] DEBUG        [_swap_pixmap] status=success
09:04:44.259 [MainThread] DEBUG    >>> wheelEvent.zoom | factor=1.25
09:04:44.259 [MainThread] DEBUG    >>> _abort_hq | old_token=446, active_hq=0
09:04:44.284 [MainThread] DEBUG    >>> wheelEvent.zoom | factor=1.25
09:04:44.284 [MainThread] DEBUG    >>> _abort_hq | old_token=447, active_hq=0
09:04:44.300 [MainThread] DEBUG    >>> wheelEvent.zoom | factor=1.25
09:04:44.300 [MainThread] DEBUG    >>> _abort_hq | old_token=448, active_hq=0
09:04:44.323 [MainThread] DEBUG    >>> wheelEvent.zoom | factor=1.25
09:04:44.323 [MainThread] DEBUG    >>> _abort_hq | old_token=449, active_hq=0
09:04:46.076 [MainThread] DEBUG    >>> wheelEvent.zoom | factor=1.25
09:04:46.076 [MainThread] DEBUG    >>> _abort_hq | old_token=450, active_hq=0
09:04:46.099 [MainThread] DEBUG    >>> wheelEvent.zoom | factor=1.25
09:04:46.100 [MainThread] DEBUG    >>> _abort_hq | old_token=451, active_hq=0
09:04:46.123 [MainThread] DEBUG    >>> wheelEvent.zoom | factor=1.25
09:04:46.123 [MainThread] DEBUG    >>> _abort_hq | old_token=452, active_hq=0
09:04:46.147 [MainThread] DEBUG    >>> wheelEvent.zoom | factor=1.25
09:04:46.147 [MainThread] DEBUG    >>> _abort_hq | old_token=453, active_hq=0
09:04:52.067 [MainThread] DEBUG    >>> wheelEvent.zoom | factor=0.8
09:04:52.068 [MainThread] DEBUG    >>> _abort_hq | old_token=454, active_hq=0
09:04:52.083 [MainThread] DEBUG    >>> wheelEvent.zoom | factor=0.8
09:04:52.084 [MainThread] DEBUG    >>> _abort_hq | old_token=455, active_hq=0
09:04:52.357 [MainThread] DEBUG    >>> wheelEvent.zoom | factor=0.8
09:04:52.357 [MainThread] DEBUG    >>> _abort_hq | old_token=456, active_hq=0
09:04:52.395 [MainThread] DEBUG    >>> wheelEvent.zoom | factor=0.8
09:04:52.395 [MainThread] DEBUG    >>> _abort_hq | old_token=457, active_hq=0
09:04:52.747 [MainThread] DEBUG    >>> wheelEvent.zoom | factor=0.8
09:04:52.748 [MainThread] DEBUG    >>> _abort_hq | old_token=458, active_hq=0
09:04:52.787 [MainThread] DEBUG    >>> wheelEvent.zoom | factor=0.8
09:04:52.787 [MainThread] DEBUG    >>> _abort_hq | old_token=459, active_hq=0
09:04:52.922 [MainThread] DEBUG    >>> _start_hq_resize | token=461, target=1649x1380, source=2447x2047
09:04:52.923 [Dummy-127 ] DEBUG        [Thread-461] HqResize.start | target=1649x1380
09:04:53.119 [Dummy-127 ] DEBUG        [Thread-461] HqResize.success | scale=0.674
09:04:53.119 [Dummy-127 ] DEBUG    >>> _cleanup_hq_thread_early | token=461
09:04:53.119 [MainThread] DEBUG    >>> _handle_hq_resized | token=461, current_token=461, has_error=False, image_valid=True, has_image=True
09:04:53.120 [MainThread] DEBUG        [_handle_hq_resized] action=swap_pixmap, scale=0.6739, size=1649x1380
09:04:53.124 [MainThread] DEBUG    >>> _swap_pixmap_preserving_view | old_scale=1.0000, new_scale=0.6739, pixmap_size=1649x1380
09:04:53.124 [MainThread] DEBUG        [_swap_pixmap] anchor=(982.2, 980.7)
09:04:53.126 [MainThread] DEBUG        [_swap_pixmap] status=success
09:04:53.243 [MainThread] DEBUG    >>> wheelEvent.zoom | factor=0.8
09:04:53.244 [MainThread] DEBUG    >>> _abort_hq | old_token=461, active_hq=0
09:04:53.244 [MainThread] DEBUG    >>> _swap_pixmap_preserving_view | old_scale=0.6739, new_scale=1.0000, pixmap_size=2447x2047
09:04:53.244 [MainThread] DEBUG        [_swap_pixmap] anchor=(982.2, 979.2)
09:04:53.251 [MainThread] DEBUG        [_swap_pixmap] status=success
09:04:53.268 [MainThread] DEBUG    >>> wheelEvent.zoom | factor=0.8
09:04:53.268 [MainThread] DEBUG    >>> _abort_hq | old_token=462, active_hq=0
09:04:53.412 [MainThread] DEBUG    >>> _start_hq_resize | token=464, target=1056x883, source=2447x2047
09:04:53.414 [Dummy-128 ] DEBUG        [Thread-464] HqResize.start | target=1056x883
09:04:53.578 [Dummy-128 ] DEBUG        [Thread-464] HqResize.success | scale=0.432
09:04:53.579 [Dummy-128 ] DEBUG    >>> _cleanup_hq_thread_early | token=464
09:04:53.579 [MainThread] DEBUG    >>> _handle_hq_resized | token=464, current_token=464, has_error=False, image_valid=True, has_image=True
09:04:53.579 [MainThread] DEBUG        [_handle_hq_resized] action=swap_pixmap, scale=0.4315, size=1056x883
09:04:53.581 [MainThread] DEBUG    >>> _swap_pixmap_preserving_view | old_scale=1.0000, new_scale=0.4315, pixmap_size=1056x883
09:04:53.581 [MainThread] DEBUG        [_swap_pixmap] anchor=(1221.7, 1024.7)
09:04:53.581 [MainThread] DEBUG        [_swap_pixmap] status=success
09:04:54.501 [MainThread] DEBUG    >>> wheelEvent.zoom | factor=1.25
09:04:54.502 [MainThread] DEBUG    >>> _abort_hq | old_token=464, active_hq=0
09:04:54.502 [MainThread] DEBUG    >>> _swap_pixmap_preserving_view | old_scale=0.4315, new_scale=1.0000, pixmap_size=2447x2047
09:04:54.502 [MainThread] DEBUG        [_swap_pixmap] anchor=(1221.7, 1024.7)
09:04:54.503 [MainThread] DEBUG        [_swap_pixmap] status=success
09:04:54.603 [MainThread] DEBUG    >>> wheelEvent.zoom | factor=1.25
09:04:54.604 [MainThread] DEBUG    >>> _abort_hq | old_token=465, active_hq=0
09:04:54.744 [MainThread] DEBUG    >>> _start_hq_resize | token=467, target=1649x1380, source=2447x2047
09:04:54.746 [Dummy-129 ] DEBUG        [Thread-467] HqResize.start | target=1649x1380
09:04:54.960 [Dummy-129 ] DEBUG        [Thread-467] HqResize.success | scale=0.674
09:04:54.960 [MainThread] DEBUG    >>> _handle_hq_resized | token=467, current_token=467, has_error=False, image_valid=True, has_image=True
09:04:54.960 [Dummy-129 ] DEBUG    >>> _cleanup_hq_thread_early | token=467
09:04:54.960 [MainThread] DEBUG        [_handle_hq_resized] action=swap_pixmap, scale=0.6739, size=1649x1380
09:04:54.965 [MainThread] DEBUG    >>> _swap_pixmap_preserving_view | old_scale=1.0000, new_scale=0.6739, pixmap_size=1649x1380
09:04:54.965 [MainThread] DEBUG        [_swap_pixmap] anchor=(1215.1, 991.1)
09:04:54.967 [MainThread] DEBUG        [_swap_pixmap] status=success
09:05:56.008 [MainThread] DEBUG    >>> next_image | current=0, requested=1, total=2
09:05:56.009 [MainThread] DEBUG    >>> _load_current_image | current=SAP1130_H4F195HDT02_F6570_FPB6802546_T_-974.536099_656.182977_0194923_0245744_20260904_062446.jpg, previous=FRE0630_H4F156FDF12_F6570_FRV6802029_T_-146.962667_-742.310311_0269834_0245744_20260826_002200.jpg
09:05:56.009 [MainThread] DEBUG        [_load_current_image] action=load, path=SAP1130_H4F195HDT02_F6570_FPB6802546_T_-974.536099_656.182977_0194923_0245744_20260904_062446.jpg
09:05:56.010 [MainThread] DEBUG    >>> _abort_hq | old_token=467, active_hq=0
09:05:56.010 [MainThread] DEBUG    >>> load_image | token=71, path=SAP1130_H4F195HDT02_F6570_FPB6802546_T_-974.536099_656.182977_0194923_0245744_20260904_062446.jpg, has_image=True, active_threads=0, hq_threads=0
09:05:56.015 [Dummy-15  ] DEBUG        [Thread-71] ImageLoad.start | path=SAP1130_H4F195HDT02_F6570_FPB6802546_T_-974.536099_656.182977_0194923_0245744_20260904_062446.jpg
09:05:56.121 [Dummy-15  ] DEBUG        [Thread-71] ImageLoad.success | size=2447x2047
09:05:56.127 [MainThread] DEBUG    >>> _handle_image_loaded | token=71, current_token=71, path=SAP1130_H4F195HDT02_F6570_FPB6802546_T_-974.536099_656.182977_0194923_0245744_20260904_062446.jpg, has_error=False, image_valid=True
09:05:56.130 [MainThread] DEBUG    >>> _abort_hq | old_token=468, active_hq=0
09:05:56.130 [MainThread] DEBUG        [_handle_image_loaded] action=create_pixmap, size=2447x2047
09:05:56.131 [MainThread] DEBUG        [_handle_image_loaded] action=fit_to_window
09:05:56.131 [MainThread] DEBUG    >>> _abort_hq | old_token=469, active_hq=0
09:05:56.137 [MainThread] DEBUG    >>> _abort_hq | old_token=470, active_hq=0
09:05:56.293 [MainThread] DEBUG    >>> _start_hq_resize | token=472, target=1056x883, source=2447x2047
09:05:56.295 [Dummy-130 ] DEBUG        [Thread-472] HqResize.start | target=1056x883
09:05:56.448 [Dummy-130 ] DEBUG        [Thread-472] HqResize.success | scale=0.432
09:05:56.448 [Dummy-130 ] DEBUG    >>> _cleanup_hq_thread_early | token=472
09:05:56.448 [MainThread] DEBUG    >>> _handle_hq_resized | token=472, current_token=472, has_error=False, image_valid=True, has_image=True
09:05:56.449 [MainThread] DEBUG        [_handle_hq_resized] action=swap_pixmap, scale=0.4315, size=1056x883
09:05:56.451 [MainThread] DEBUG    >>> _swap_pixmap_preserving_view | old_scale=1.0000, new_scale=0.4315, pixmap_size=1056x883
09:05:56.451 [MainThread] DEBUG        [_swap_pixmap] anchor=(1221.7, 1024.7)
09:05:56.451 [MainThread] DEBUG        [_swap_pixmap] status=success
09:05:58.012 [MainThread] DEBUG    >>> classify | key=k, enforce_focus=True, move_in_progress=False, has_session=True
09:05:58.012 [MainThread] DEBUG        [classify] action=start_move, current_image=SAP1130_H4F195HDT02_F6570_FPB6802546_T_-974.536099_656.182977_0194923_0245744_20260904_062446.jpg
09:05:58.018 [MainThread] DEBUG    >>> _handle_classify_finished | has_record=True, has_error=False, record_key=k, record_category=INK
09:05:58.018 [MainThread] DEBUG        [_handle_classify_finished] action=sync_after_session_change
09:05:58.019 [MainThread] DEBUG    >>> _load_current_image | current=FRE0630_H4F156FDF12_F6570_FRV6802029_T_-146.962667_-742.310311_0269834_0245744_20260826_002200.jpg, previous=SAP1130_H4F195HDT02_F6570_FPB6802546_T_-974.536099_656.182977_0194923_0245744_20260904_062446.jpg
09:05:58.019 [MainThread] DEBUG        [_load_current_image] action=load, path=FRE0630_H4F156FDF12_F6570_FRV6802029_T_-146.962667_-742.310311_0269834_0245744_20260826_002200.jpg
09:05:58.019 [MainThread] DEBUG    >>> _abort_hq | old_token=472, active_hq=0
09:05:58.019 [MainThread] DEBUG    >>> load_image | token=72, path=FRE0630_H4F156FDF12_F6570_FRV6802029_T_-146.962667_-742.310311_0269834_0245744_20260826_002200.jpg, has_image=True, active_threads=0, hq_threads=0
09:05:58.020 [Dummy-131 ] DEBUG        [Thread-72] ImageLoad.start | path=FRE0630_H4F156FDF12_F6570_FRV6802029_T_-146.962667_-742.310311_0269834_0245744_20260826_002200.jpg
09:05:58.096 [Dummy-131 ] DEBUG        [Thread-72] ImageLoad.success | size=2447x2047
09:05:58.103 [MainThread] DEBUG    >>> _handle_image_loaded | token=72, current_token=72, path=FRE0630_H4F156FDF12_F6570_FRV6802029_T_-146.962667_-742.310311_0269834_0245744_20260826_002200.jpg, has_error=False, image_valid=True
09:05:58.105 [MainThread] DEBUG    >>> _abort_hq | old_token=473, active_hq=0
09:05:58.105 [MainThread] DEBUG        [_handle_image_loaded] action=create_pixmap, size=2447x2047
09:05:58.106 [MainThread] DEBUG        [_handle_image_loaded] action=fit_to_window
09:05:58.106 [MainThread] DEBUG    >>> _abort_hq | old_token=474, active_hq=0
09:05:58.251 [MainThread] DEBUG    >>> _start_hq_resize | token=476, target=1056x883, source=2447x2047
09:05:58.252 [Dummy-132 ] DEBUG        [Thread-476] HqResize.start | target=1056x883
09:05:58.410 [Dummy-132 ] DEBUG        [Thread-476] HqResize.success | scale=0.432
09:05:58.410 [Dummy-132 ] DEBUG    >>> _cleanup_hq_thread_early | token=476
09:05:58.410 [MainThread] DEBUG    >>> _handle_hq_resized | token=476, current_token=476, has_error=False, image_valid=True, has_image=True
09:05:58.411 [MainThread] DEBUG        [_handle_hq_resized] action=swap_pixmap, scale=0.4315, size=1056x883
09:05:58.412 [MainThread] DEBUG    >>> _swap_pixmap_preserving_view | old_scale=1.0000, new_scale=0.4315, pixmap_size=1056x883
09:05:58.413 [MainThread] DEBUG        [_swap_pixmap] anchor=(1221.7, 1024.7)
09:05:58.413 [MainThread] DEBUG        [_swap_pixmap] status=success
09:05:59.051 [MainThread] DEBUG    >>> wheelEvent.zoom | factor=1.25
09:05:59.051 [MainThread] DEBUG    >>> _abort_hq | old_token=476, active_hq=0
09:05:59.051 [MainThread] DEBUG    >>> _swap_pixmap_preserving_view | old_scale=0.4315, new_scale=1.0000, pixmap_size=2447x2047
09:05:59.052 [MainThread] DEBUG        [_swap_pixmap] anchor=(1221.7, 1024.7)
09:05:59.052 [MainThread] DEBUG        [_swap_pixmap] status=success
09:05:59.067 [MainThread] DEBUG    >>> wheelEvent.zoom | factor=1.25
09:05:59.067 [MainThread] DEBUG    >>> _abort_hq | old_token=477, active_hq=0
09:05:59.090 [MainThread] DEBUG    >>> wheelEvent.zoom | factor=1.25
09:05:59.090 [MainThread] DEBUG    >>> _abort_hq | old_token=478, active_hq=0
09:05:59.098 [MainThread] DEBUG    >>> wheelEvent.zoom | factor=1.25
09:05:59.098 [MainThread] DEBUG    >>> _abort_hq | old_token=479, active_hq=0
09:05:59.115 [MainThread] DEBUG    >>> wheelEvent.zoom | factor=1.25
09:05:59.115 [MainThread] DEBUG    >>> _abort_hq | old_token=480, active_hq=0
09:05:59.132 [MainThread] DEBUG    >>> wheelEvent.zoom | factor=1.25
09:05:59.132 [MainThread] DEBUG    >>> _abort_hq | old_token=481, active_hq=0
09:05:59.355 [MainThread] DEBUG    >>> wheelEvent.zoom | factor=1.25
09:05:59.355 [MainThread] DEBUG    >>> _abort_hq | old_token=482, active_hq=0
09:05:59.371 [MainThread] DEBUG    >>> wheelEvent.zoom | factor=1.25
09:05:59.371 [MainThread] DEBUG    >>> _abort_hq | old_token=483, active_hq=0
09:05:59.411 [MainThread] DEBUG    >>> wheelEvent.zoom | factor=1.25
09:05:59.411 [MainThread] DEBUG    >>> _abort_hq | old_token=484, active_hq=0
09:06:00.268 [MainThread] DEBUG    >>> wheelEvent.zoom | factor=0.8
09:06:00.268 [MainThread] DEBUG    >>> _abort_hq | old_token=485, active_hq=0
09:06:00.300 [MainThread] DEBUG    >>> wheelEvent.zoom | factor=0.8
09:06:00.300 [MainThread] DEBUG    >>> _abort_hq | old_token=486, active_hq=0
09:06:00.316 [MainThread] DEBUG    >>> wheelEvent.zoom | factor=0.8
09:06:00.317 [MainThread] DEBUG    >>> _abort_hq | old_token=487, active_hq=0
09:06:00.340 [MainThread] DEBUG    >>> wheelEvent.zoom | factor=0.8
09:06:00.341 [MainThread] DEBUG    >>> _abort_hq | old_token=488, active_hq=0
09:06:00.356 [MainThread] DEBUG    >>> wheelEvent.zoom | factor=0.8
09:06:00.356 [MainThread] DEBUG    >>> _abort_hq | old_token=489, active_hq=0
09:06:00.387 [MainThread] DEBUG    >>> wheelEvent.zoom | factor=0.8
09:06:00.388 [MainThread] DEBUG    >>> _abort_hq | old_token=490, active_hq=0
09:06:00.420 [MainThread] DEBUG    >>> wheelEvent.zoom | factor=0.8
09:06:00.420 [MainThread] DEBUG    >>> _abort_hq | old_token=491, active_hq=0
09:06:00.576 [MainThread] DEBUG    >>> _start_hq_resize | token=493, target=1649x1380, source=2447x2047
09:06:00.579 [Dummy-133 ] DEBUG        [Thread-493] HqResize.start | target=1649x1380
09:06:00.683 [MainThread] DEBUG    >>> wheelEvent.zoom | factor=0.8
09:06:00.683 [MainThread] DEBUG    >>> _abort_hq | old_token=493, active_hq=1
09:06:00.699 [MainThread] DEBUG    >>> wheelEvent.zoom | factor=0.8
09:06:00.699 [MainThread] DEBUG    >>> _abort_hq | old_token=494, active_hq=1
09:06:00.723 [MainThread] DEBUG    >>> wheelEvent.zoom | factor=0.8
09:06:00.723 [MainThread] DEBUG    >>> _abort_hq | old_token=495, active_hq=1
09:06:00.755 [MainThread] DEBUG    >>> wheelEvent.zoom | factor=0.8
09:06:00.755 [MainThread] DEBUG    >>> _abort_hq | old_token=496, active_hq=1
09:06:00.798 [Dummy-133 ] DEBUG        [Thread-493] HqResize.cancelled_late | 
09:06:00.799 [MainThread] DEBUG    >>> _handle_hq_resized | token=493, current_token=497, has_error=True, image_valid=False, has_image=True
09:06:00.799 [MainThread] DEBUG        [_handle_hq_resized] action=ignore, reason=token_mismatch
09:06:00.892 [MainThread] WARNING  ⚠️  Found deleted C++ QObject in _hq_threads (cleaned up) | token=493
09:06:00.907 [MainThread] DEBUG    >>> _start_hq_resize | token=498, target=676x565, source=2447x2047
09:06:00.911 [Dummy-134 ] DEBUG        [Thread-498] HqResize.start | target=676x565
09:06:01.047 [Dummy-134 ] DEBUG        [Thread-498] HqResize.success | scale=0.276
09:06:01.047 [Dummy-134 ] DEBUG    >>> _cleanup_hq_thread_early | token=498
09:06:01.047 [MainThread] DEBUG    >>> _handle_hq_resized | token=498, current_token=498, has_error=False, image_valid=True, has_image=True
09:06:01.047 [MainThread] DEBUG        [_handle_hq_resized] action=swap_pixmap, scale=0.2763, size=676x565
09:06:01.048 [MainThread] DEBUG    >>> _swap_pixmap_preserving_view | old_scale=1.0000, new_scale=0.2763, pixmap_size=676x565
09:06:01.048 [MainThread] DEBUG        [_swap_pixmap] anchor=(1220.7, 1025.1)
09:06:01.049 [MainThread] DEBUG        [_swap_pixmap] status=success
09:06:01.131 [MainThread] DEBUG    >>> wheelEvent.zoom | factor=1.25
09:06:01.132 [MainThread] DEBUG    >>> _abort_hq | old_token=498, active_hq=0
09:06:01.132 [MainThread] DEBUG    >>> _swap_pixmap_preserving_view | old_scale=0.2763, new_scale=1.0000, pixmap_size=2447x2047
09:06:01.132 [MainThread] DEBUG        [_swap_pixmap] anchor=(1220.7, 1025.1)
09:06:01.133 [MainThread] DEBUG        [_swap_pixmap] status=success
09:06:01.147 [MainThread] DEBUG    >>> wheelEvent.zoom | factor=1.25
09:06:01.147 [MainThread] DEBUG    >>> _abort_hq | old_token=499, active_hq=0
09:06:01.159 [MainThread] DEBUG    >>> wheelEvent.zoom | factor=1.25
09:06:01.160 [MainThread] DEBUG    >>> _abort_hq | old_token=500, active_hq=0
09:06:01.174 [MainThread] DEBUG    >>> wheelEvent.zoom | factor=1.25
09:06:01.174 [MainThread] DEBUG    >>> _abort_hq | old_token=501, active_hq=0
09:06:01.195 [MainThread] DEBUG    >>> wheelEvent.zoom | factor=1.25
09:06:01.195 [MainThread] DEBUG    >>> _abort_hq | old_token=502, active_hq=0
09:06:01.336 [MainThread] DEBUG    >>> _start_hq_resize | token=504, target=2062x1725, source=2447x2047
09:06:01.339 [Dummy-135 ] DEBUG        [Thread-504] HqResize.start | target=2062x1725
09:06:01.411 [MainThread] DEBUG    >>> wheelEvent.zoom | factor=1.25
09:06:01.411 [MainThread] DEBUG    >>> _abort_hq | old_token=504, active_hq=1
09:06:01.435 [MainThread] DEBUG    >>> wheelEvent.zoom | factor=1.25
09:06:01.435 [MainThread] DEBUG    >>> _abort_hq | old_token=505, active_hq=1
09:06:01.451 [MainThread] DEBUG    >>> wheelEvent.zoom | factor=1.25
09:06:01.451 [MainThread] DEBUG    >>> _abort_hq | old_token=506, active_hq=1
09:06:01.591 [Dummy-135 ] DEBUG        [Thread-504] HqResize.cancelled_late | 
09:06:01.591 [MainThread] DEBUG    >>> _handle_hq_resized | token=504, current_token=507, has_error=True, image_valid=False, has_image=True
09:06:01.592 [MainThread] DEBUG        [_handle_hq_resized] action=ignore, reason=token_mismatch
09:06:01.592 [MainThread] DEBUG        [_start_hq_resize] action=skip, reason=thread_running
09:06:04.469 [MainThread] DEBUG    >>> wheelEvent.zoom | factor=1.25
09:06:04.469 [MainThread] DEBUG    >>> _abort_hq | old_token=507, active_hq=1
09:06:04.469 [MainThread] WARNING  ⚠️  Found deleted C++ QObject in _hq_threads (cleaned up) | token=504
09:06:04.478 [MainThread] DEBUG    >>> wheelEvent.zoom | factor=1.25
09:06:04.478 [MainThread] DEBUG    >>> _abort_hq | old_token=508, active_hq=0
09:06:04.492 [MainThread] DEBUG    >>> wheelEvent.zoom | factor=1.25
09:06:04.492 [MainThread] DEBUG    >>> _abort_hq | old_token=509, active_hq=0
09:06:04.508 [MainThread] DEBUG    >>> wheelEvent.zoom | factor=1.25
09:06:04.508 [MainThread] DEBUG    >>> _abort_hq | old_token=510, active_hq=0
09:06:04.555 [MainThread] DEBUG    >>> wheelEvent.zoom | factor=1.25
09:06:04.555 [MainThread] DEBUG    >>> _abort_hq | old_token=511, active_hq=0
09:06:04.772 [MainThread] DEBUG    >>> wheelEvent.zoom | factor=1.25
09:06:04.772 [MainThread] DEBUG    >>> _abort_hq | old_token=512, active_hq=0
09:06:06.147 [MainThread] DEBUG    >>> wheelEvent.zoom | factor=0.8
09:06:06.147 [MainThread] DEBUG    >>> _abort_hq | old_token=513, active_hq=0
09:06:06.171 [MainThread] DEBUG    >>> wheelEvent.zoom | factor=0.8
09:06:06.171 [MainThread] DEBUG    >>> _abort_hq | old_token=514, active_hq=0
09:06:06.203 [MainThread] DEBUG    >>> wheelEvent.zoom | factor=0.8
09:06:06.203 [MainThread] DEBUG    >>> _abort_hq | old_token=515, active_hq=0
09:06:06.242 [MainThread] DEBUG    >>> wheelEvent.zoom | factor=0.8
09:06:06.243 [MainThread] DEBUG    >>> _abort_hq | old_token=516, active_hq=0
09:06:06.731 [MainThread] DEBUG    >>> wheelEvent.zoom | factor=0.8
09:06:06.732 [MainThread] DEBUG    >>> _abort_hq | old_token=517, active_hq=0
09:06:06.780 [MainThread] DEBUG    >>> wheelEvent.zoom | factor=0.8
09:06:06.780 [MainThread] DEBUG    >>> _abort_hq | old_token=518, active_hq=0
09:06:07.667 [MainThread] DEBUG    >>> wheelEvent.zoom | factor=1.25
09:06:07.667 [MainThread] DEBUG    >>> _abort_hq | old_token=519, active_hq=0
09:06:07.691 [MainThread] DEBUG    >>> wheelEvent.zoom | factor=1.25
09:06:07.691 [MainThread] DEBUG    >>> _abort_hq | old_token=520, active_hq=0
09:06:07.715 [MainThread] DEBUG    >>> wheelEvent.zoom | factor=1.25
09:06:07.715 [MainThread] DEBUG    >>> _abort_hq | old_token=521, active_hq=0
09:06:07.763 [MainThread] DEBUG    >>> wheelEvent.zoom | factor=1.25
09:06:07.763 [MainThread] DEBUG    >>> _abort_hq | old_token=522, active_hq=0
09:06:07.987 [MainThread] DEBUG    >>> wheelEvent.zoom | factor=1.25
09:06:07.987 [MainThread] DEBUG    >>> _abort_hq | old_token=523, active_hq=0
09:06:07.995 [MainThread] DEBUG    >>> wheelEvent.zoom | factor=1.25
09:06:07.995 [MainThread] DEBUG    >>> _abort_hq | old_token=524, active_hq=0
09:06:08.755 [MainThread] DEBUG    >>> wheelEvent.zoom | factor=0.8
09:06:08.755 [MainThread] DEBUG    >>> _abort_hq | old_token=525, active_hq=0
09:06:08.772 [MainThread] DEBUG    >>> wheelEvent.zoom | factor=0.8
09:06:08.772 [MainThread] DEBUG    >>> _abort_hq | old_token=526, active_hq=0
09:06:08.795 [MainThread] DEBUG    >>> wheelEvent.zoom | factor=0.8
09:06:08.795 [MainThread] DEBUG    >>> _abort_hq | old_token=527, active_hq=0
09:06:08.818 [MainThread] DEBUG    >>> wheelEvent.zoom | factor=0.8
09:06:08.819 [MainThread] DEBUG    >>> _abort_hq | old_token=528, active_hq=0
09:06:08.867 [MainThread] DEBUG    >>> wheelEvent.zoom | factor=0.8
09:06:08.867 [MainThread] DEBUG    >>> _abort_hq | old_token=529, active_hq=0
09:06:09.107 [MainThread] DEBUG    >>> wheelEvent.zoom | factor=0.8
09:06:09.107 [MainThread] DEBUG    >>> _abort_hq | old_token=530, active_hq=0
09:06:09.123 [MainThread] DEBUG    >>> wheelEvent.zoom | factor=0.8
09:06:09.123 [MainThread] DEBUG    >>> _abort_hq | old_token=531, active_hq=0
09:06:09.139 [MainThread] DEBUG    >>> wheelEvent.zoom | factor=0.8
09:06:09.139 [MainThread] DEBUG    >>> _abort_hq | old_token=532, active_hq=0
09:06:09.195 [MainThread] DEBUG    >>> wheelEvent.zoom | factor=0.8
09:06:09.195 [MainThread] DEBUG    >>> _abort_hq | old_token=533, active_hq=0
09:06:09.337 [MainThread] DEBUG    >>> _start_hq_resize | token=535, target=1700x1422, source=2447x2047
09:06:09.338 [Dummy-136 ] DEBUG        [Thread-535] HqResize.start | target=1700x1422
09:06:09.537 [Dummy-136 ] DEBUG        [Thread-535] HqResize.success | scale=0.695
09:06:09.538 [Dummy-136 ] DEBUG    >>> _cleanup_hq_thread_early | token=535
09:06:09.538 [MainThread] DEBUG    >>> _handle_hq_resized | token=535, current_token=535, has_error=False, image_valid=True, has_image=True
09:06:09.538 [MainThread] DEBUG        [_handle_hq_resized] action=swap_pixmap, scale=0.6947, size=1700x1422
09:06:09.543 [MainThread] DEBUG    >>> _swap_pixmap_preserving_view | old_scale=1.0000, new_scale=0.6947, pixmap_size=1700x1422
09:06:09.543 [MainThread] DEBUG        [_swap_pixmap] anchor=(1298.3, 1085.3)
09:06:09.545 [MainThread] DEBUG        [_swap_pixmap] status=success
09:06:10.628 [MainThread] DEBUG    >>> classify | key=>, enforce_focus=True, move_in_progress=False, has_session=True
09:06:10.628 [MainThread] DEBUG        [classify] action=start_move, current_image=FRE0630_H4F156FDF12_F6570_FRV6802029_T_-146.962667_-742.310311_0269834_0245744_20260826_002200.jpg
09:06:10.639 [MainThread] DEBUG    >>> _handle_classify_finished | has_record=True, has_error=False, record_key=>, record_category=可要可不要
09:06:10.639 [MainThread] DEBUG        [_handle_classify_finished] action=sync_after_session_change
09:06:10.640 [MainThread] DEBUG    >>> _load_current_image | current=None, previous=FRE0630_H4F156FDF12_F6570_FRV6802029_T_-146.962667_-742.310311_0269834_0245744_20260826_002200.jpg
09:06:10.640 [MainThread] DEBUG    >>> _abort_hq | old_token=535, active_hq=0
09:06:43.488 [MainThread] DEBUG    >>> _load_current_image | current=FRE0520_H4F045FWF01_F6570_FUY6801337_R_-380.254878_341.132561_0194923_0269834_20260827_221508.jpg, previous=None
09:06:43.488 [MainThread] DEBUG        [_load_current_image] action=load, path=FRE0520_H4F045FWF01_F6570_FUY6801337_R_-380.254878_341.132561_0194923_0269834_20260827_221508.jpg
09:06:43.488 [MainThread] DEBUG    >>> _abort_hq | old_token=536, active_hq=0
09:06:43.488 [MainThread] DEBUG    >>> load_image | token=74, path=FRE0520_H4F045FWF01_F6570_FUY6801337_R_-380.254878_341.132561_0194923_0269834_20260827_221508.jpg, has_image=False, active_threads=0, hq_threads=0
09:06:43.490 [Dummy-137 ] DEBUG        [Thread-74] ImageLoad.start | path=FRE0520_H4F045FWF01_F6570_FUY6801337_R_-380.254878_341.132561_0194923_0269834_20260827_221508.jpg
09:06:43.567 [Dummy-137 ] DEBUG        [Thread-74] ImageLoad.success | size=2447x2047
09:06:43.575 [MainThread] DEBUG    >>> _handle_image_loaded | token=74, current_token=74, path=FRE0520_H4F045FWF01_F6570_FUY6801337_R_-380.254878_341.132561_0194923_0269834_20260827_221508.jpg, has_error=False, image_valid=True
09:06:43.575 [MainThread] DEBUG    >>> _abort_hq | old_token=537, active_hq=0
09:06:43.575 [MainThread] DEBUG        [_handle_image_loaded] action=create_pixmap, size=2447x2047
09:06:43.575 [MainThread] DEBUG        [_handle_image_loaded] action=fit_to_window
09:06:43.576 [MainThread] DEBUG    >>> _abort_hq | old_token=538, active_hq=0
09:06:43.582 [MainThread] DEBUG    >>> _abort_hq | old_token=539, active_hq=0
09:06:43.720 [MainThread] DEBUG    >>> _start_hq_resize | token=541, target=1056x883, source=2447x2047
09:06:43.721 [Dummy-138 ] DEBUG        [Thread-541] HqResize.start | target=1056x883
09:06:43.876 [Dummy-138 ] DEBUG        [Thread-541] HqResize.success | scale=0.432
09:06:43.876 [Dummy-138 ] DEBUG    >>> _cleanup_hq_thread_early | token=541
09:06:43.876 [MainThread] DEBUG    >>> _handle_hq_resized | token=541, current_token=541, has_error=False, image_valid=True, has_image=True
09:06:43.876 [MainThread] DEBUG        [_handle_hq_resized] action=swap_pixmap, scale=0.4315, size=1056x883
09:06:43.878 [MainThread] DEBUG    >>> _swap_pixmap_preserving_view | old_scale=1.0000, new_scale=0.4315, pixmap_size=1056x883
09:06:43.879 [MainThread] DEBUG        [_swap_pixmap] anchor=(1221.7, 1024.7)
09:06:43.879 [MainThread] DEBUG        [_swap_pixmap] status=success
09:06:46.244 [MainThread] DEBUG    >>> wheelEvent.zoom | factor=1.25
09:06:46.244 [MainThread] DEBUG    >>> _abort_hq | old_token=541, active_hq=0
09:06:46.245 [MainThread] DEBUG    >>> _swap_pixmap_preserving_view | old_scale=0.4315, new_scale=1.0000, pixmap_size=2447x2047
09:06:46.245 [MainThread] DEBUG        [_swap_pixmap] anchor=(1221.7, 1024.7)
09:06:46.246 [MainThread] DEBUG        [_swap_pixmap] status=success
09:06:46.348 [MainThread] DEBUG    >>> wheelEvent.zoom | factor=1.25
09:06:46.348 [MainThread] DEBUG    >>> _abort_hq | old_token=542, active_hq=0
09:06:46.405 [MainThread] DEBUG    >>> wheelEvent.zoom | factor=1.25
09:06:46.406 [MainThread] DEBUG    >>> _abort_hq | old_token=543, active_hq=0
09:06:46.459 [MainThread] DEBUG    >>> wheelEvent.zoom | factor=1.25
09:06:46.460 [MainThread] DEBUG    >>> _abort_hq | old_token=544, active_hq=0
09:06:46.526 [MainThread] DEBUG    >>> wheelEvent.zoom | factor=1.25
09:06:46.526 [MainThread] DEBUG    >>> _abort_hq | old_token=545, active_hq=0
09:06:52.741 [MainThread] DEBUG    >>> classify | key=f, enforce_focus=True, move_in_progress=False, has_session=True
09:06:52.742 [MainThread] DEBUG        [classify] action=start_move, current_image=FRE0520_H4F045FWF01_F6570_FUY6801337_R_-380.254878_341.132561_0194923_0269834_20260827_221508.jpg
09:06:52.760 [MainThread] DEBUG    >>> _handle_classify_finished | has_record=True, has_error=False, record_key=f, record_category=FB
09:06:52.761 [MainThread] DEBUG        [_handle_classify_finished] action=sync_after_session_change
09:06:52.765 [MainThread] DEBUG    >>> _load_current_image | current=FRE0620_H4F067HDF11_F6570_FFE6816608_T_554.654683_218.153699_0189957_0213203_20260831_140217.jpg, previous=FRE0520_H4F045FWF01_F6570_FUY6801337_R_-380.254878_341.132561_0194923_0269834_20260827_221508.jpg
09:06:52.765 [MainThread] DEBUG        [_load_current_image] action=load, path=FRE0620_H4F067HDF11_F6570_FFE6816608_T_554.654683_218.153699_0189957_0213203_20260831_140217.jpg
09:06:52.766 [MainThread] DEBUG    >>> _abort_hq | old_token=546, active_hq=0
09:06:52.766 [MainThread] DEBUG    >>> load_image | token=75, path=FRE0620_H4F067HDF11_F6570_FFE6816608_T_554.654683_218.153699_0189957_0213203_20260831_140217.jpg, has_image=True, active_threads=0, hq_threads=0
09:06:52.771 [Dummy-24  ] DEBUG        [Thread-75] ImageLoad.start | path=FRE0620_H4F067HDF11_F6570_FFE6816608_T_554.654683_218.153699_0189957_0213203_20260831_140217.jpg
09:06:52.863 [Dummy-24  ] DEBUG        [Thread-75] ImageLoad.success | size=2447x2047
09:06:52.868 [MainThread] DEBUG    >>> _handle_image_loaded | token=75, current_token=75, path=FRE0620_H4F067HDF11_F6570_FFE6816608_T_554.654683_218.153699_0189957_0213203_20260831_140217.jpg, has_error=False, image_valid=True
09:06:52.869 [MainThread] DEBUG    >>> _abort_hq | old_token=547, active_hq=0
09:06:52.869 [MainThread] DEBUG        [_handle_image_loaded] action=create_pixmap, size=2447x2047
09:06:52.871 [MainThread] DEBUG        [_handle_image_loaded] action=fit_to_window
09:06:52.871 [MainThread] DEBUG    >>> _abort_hq | old_token=548, active_hq=0
09:06:52.877 [MainThread] DEBUG    >>> _abort_hq | old_token=549, active_hq=0
09:06:53.030 [MainThread] DEBUG    >>> _start_hq_resize | token=551, target=1056x883, source=2447x2047
09:06:53.033 [Dummy-139 ] DEBUG        [Thread-551] HqResize.start | target=1056x883
09:06:53.202 [Dummy-139 ] DEBUG        [Thread-551] HqResize.success | scale=0.432
09:06:53.202 [Dummy-139 ] DEBUG    >>> _cleanup_hq_thread_early | token=551
09:06:53.202 [MainThread] DEBUG    >>> _handle_hq_resized | token=551, current_token=551, has_error=False, image_valid=True, has_image=True
09:06:53.202 [MainThread] DEBUG        [_handle_hq_resized] action=swap_pixmap, scale=0.4315, size=1056x883
09:06:53.205 [MainThread] DEBUG    >>> _swap_pixmap_preserving_view | old_scale=1.0000, new_scale=0.4315, pixmap_size=1056x883
09:06:53.205 [MainThread] DEBUG        [_swap_pixmap] anchor=(1221.7, 1024.7)
09:06:53.205 [MainThread] DEBUG        [_swap_pixmap] status=success
09:06:54.203 [MainThread] DEBUG    >>> wheelEvent.zoom | factor=1.25
09:06:54.203 [MainThread] DEBUG    >>> _abort_hq | old_token=551, active_hq=0
09:06:54.203 [MainThread] DEBUG    >>> _swap_pixmap_preserving_view | old_scale=0.4315, new_scale=1.0000, pixmap_size=2447x2047
09:06:54.204 [MainThread] DEBUG        [_swap_pixmap] anchor=(1221.7, 1024.7)
09:06:54.204 [MainThread] DEBUG        [_swap_pixmap] status=success
09:06:54.235 [MainThread] DEBUG    >>> wheelEvent.zoom | factor=1.25
09:06:54.235 [MainThread] DEBUG    >>> _abort_hq | old_token=552, active_hq=0
09:06:54.259 [MainThread] DEBUG    >>> wheelEvent.zoom | factor=1.25
09:06:54.259 [MainThread] DEBUG    >>> _abort_hq | old_token=553, active_hq=0
09:06:54.275 [MainThread] DEBUG    >>> wheelEvent.zoom | factor=1.25
09:06:54.275 [MainThread] DEBUG    >>> _abort_hq | old_token=554, active_hq=0
09:06:54.307 [MainThread] DEBUG    >>> wheelEvent.zoom | factor=1.25
09:06:54.307 [MainThread] DEBUG    >>> _abort_hq | old_token=555, active_hq=0
09:06:55.686 [MainThread] DEBUG    >>> classify | key=f, enforce_focus=True, move_in_progress=False, has_session=True
09:06:55.686 [MainThread] DEBUG        [classify] action=start_move, current_image=FRE0620_H4F067HDF11_F6570_FFE6816608_T_554.654683_218.153699_0189957_0213203_20260831_140217.jpg
09:06:55.700 [MainThread] DEBUG    >>> _handle_classify_finished | has_record=True, has_error=False, record_key=f, record_category=FB
09:06:55.701 [MainThread] DEBUG        [_handle_classify_finished] action=sync_after_session_change
09:06:55.701 [MainThread] DEBUG    >>> _load_current_image | current=None, previous=FRE0620_H4F067HDF11_F6570_FFE6816608_T_554.654683_218.153699_0189957_0213203_20260831_140217.jpg
09:06:55.701 [MainThread] DEBUG    >>> _abort_hq | old_token=556, active_hq=0
09:07:00.109 [MainThread] DEBUG    >>> _load_current_image | current=FRE0810_H4F067HDF11_F6570_FFE6802748_R_-429.372723_-1176.899351_0152745_0160189_20260827_055717.jpg, previous=None
09:07:00.109 [MainThread] DEBUG        [_load_current_image] action=load, path=FRE0810_H4F067HDF11_F6570_FFE6802748_R_-429.372723_-1176.899351_0152745_0160189_20260827_055717.jpg
09:07:00.109 [MainThread] DEBUG    >>> _abort_hq | old_token=557, active_hq=0
09:07:00.109 [MainThread] DEBUG    >>> load_image | token=77, path=FRE0810_H4F067HDF11_F6570_FFE6802748_R_-429.372723_-1176.899351_0152745_0160189_20260827_055717.jpg, has_image=False, active_threads=0, hq_threads=0
09:07:00.111 [Dummy-140 ] DEBUG        [Thread-77] ImageLoad.start | path=FRE0810_H4F067HDF11_F6570_FFE6802748_R_-429.372723_-1176.899351_0152745_0160189_20260827_055717.jpg
09:07:00.188 [Dummy-140 ] DEBUG        [Thread-77] ImageLoad.success | size=2447x2047
09:07:00.197 [MainThread] DEBUG    >>> _handle_image_loaded | token=77, current_token=77, path=FRE0810_H4F067HDF11_F6570_FFE6802748_R_-429.372723_-1176.899351_0152745_0160189_20260827_055717.jpg, has_error=False, image_valid=True
09:07:00.197 [MainThread] DEBUG    >>> _abort_hq | old_token=558, active_hq=0
09:07:00.197 [MainThread] DEBUG        [_handle_image_loaded] action=create_pixmap, size=2447x2047
09:07:00.197 [MainThread] DEBUG        [_handle_image_loaded] action=fit_to_window
09:07:00.197 [MainThread] DEBUG    >>> _abort_hq | old_token=559, active_hq=0
09:07:00.212 [MainThread] DEBUG    >>> _abort_hq | old_token=560, active_hq=0
09:07:00.344 [MainThread] DEBUG    >>> _start_hq_resize | token=562, target=1056x883, source=2447x2047
09:07:00.345 [Dummy-72  ] DEBUG        [Thread-562] HqResize.start | target=1056x883
09:07:00.502 [Dummy-72  ] DEBUG        [Thread-562] HqResize.success | scale=0.432
09:07:00.502 [Dummy-72  ] DEBUG    >>> _cleanup_hq_thread_early | token=562
09:07:00.502 [MainThread] DEBUG    >>> _handle_hq_resized | token=562, current_token=562, has_error=False, image_valid=True, has_image=True
09:07:00.502 [MainThread] DEBUG        [_handle_hq_resized] action=swap_pixmap, scale=0.4315, size=1056x883
09:07:00.504 [MainThread] DEBUG    >>> _swap_pixmap_preserving_view | old_scale=1.0000, new_scale=0.4315, pixmap_size=1056x883
09:07:00.504 [MainThread] DEBUG        [_swap_pixmap] anchor=(1221.7, 1024.7)
09:07:00.505 [MainThread] DEBUG        [_swap_pixmap] status=success
09:07:02.099 [MainThread] DEBUG    >>> wheelEvent.zoom | factor=1.25
09:07:02.099 [MainThread] DEBUG    >>> _abort_hq | old_token=562, active_hq=0
09:07:02.100 [MainThread] DEBUG    >>> _swap_pixmap_preserving_view | old_scale=0.4315, new_scale=1.0000, pixmap_size=2447x2047
09:07:02.100 [MainThread] DEBUG        [_swap_pixmap] anchor=(1221.7, 1024.7)
09:07:02.100 [MainThread] DEBUG        [_swap_pixmap] status=success
09:07:02.220 [MainThread] DEBUG    >>> wheelEvent.zoom | factor=1.25
09:07:02.220 [MainThread] DEBUG    >>> _abort_hq | old_token=563, active_hq=0
09:07:02.339 [MainThread] DEBUG    >>> wheelEvent.zoom | factor=1.25
09:07:02.339 [MainThread] DEBUG    >>> _abort_hq | old_token=564, active_hq=0
09:07:02.419 [MainThread] DEBUG    >>> wheelEvent.zoom | factor=1.25
09:07:02.420 [MainThread] DEBUG    >>> _abort_hq | old_token=565, active_hq=0
09:07:02.517 [MainThread] DEBUG    >>> wheelEvent.zoom | factor=1.25
09:07:02.517 [MainThread] DEBUG    >>> _abort_hq | old_token=566, active_hq=0
09:07:06.859 [MainThread] DEBUG    >>> wheelEvent.zoom | factor=0.8
09:07:06.859 [MainThread] DEBUG    >>> _abort_hq | old_token=567, active_hq=0
09:07:06.899 [MainThread] DEBUG    >>> wheelEvent.zoom | factor=0.8
09:07:06.899 [MainThread] DEBUG    >>> _abort_hq | old_token=568, active_hq=0
09:07:06.946 [MainThread] DEBUG    >>> wheelEvent.zoom | factor=0.8
09:07:06.947 [MainThread] DEBUG    >>> _abort_hq | old_token=569, active_hq=0
09:07:06.979 [MainThread] DEBUG    >>> wheelEvent.zoom | factor=0.8
09:07:06.979 [MainThread] DEBUG    >>> _abort_hq | old_token=570, active_hq=0
09:07:07.027 [MainThread] DEBUG    >>> wheelEvent.zoom | factor=0.8
09:07:07.027 [MainThread] DEBUG    >>> _abort_hq | old_token=571, active_hq=0
09:07:07.179 [MainThread] DEBUG    >>> _start_hq_resize | token=573, target=1056x883, source=2447x2047
09:07:07.180 [Dummy-141 ] DEBUG        [Thread-573] HqResize.start | target=1056x883
09:07:07.327 [Dummy-141 ] DEBUG        [Thread-573] HqResize.success | scale=0.432
09:07:07.327 [Dummy-141 ] DEBUG    >>> _cleanup_hq_thread_early | token=573
09:07:07.328 [MainThread] DEBUG    >>> _handle_hq_resized | token=573, current_token=573, has_error=False, image_valid=True, has_image=True
09:07:07.328 [MainThread] DEBUG        [_handle_hq_resized] action=swap_pixmap, scale=0.4315, size=1056x883
09:07:07.339 [MainThread] DEBUG    >>> _swap_pixmap_preserving_view | old_scale=1.0000, new_scale=0.4315, pixmap_size=1056x883
09:07:07.339 [MainThread] DEBUG        [_swap_pixmap] anchor=(1221.7, 1024.7)
09:07:07.340 [MainThread] DEBUG        [_swap_pixmap] status=success
09:07:07.716 [MainThread] DEBUG    >>> wheelEvent.zoom | factor=1.25
09:07:07.716 [MainThread] DEBUG    >>> _abort_hq | old_token=573, active_hq=0
09:07:07.717 [MainThread] DEBUG    >>> _swap_pixmap_preserving_view | old_scale=0.4315, new_scale=1.0000, pixmap_size=2447x2047
09:07:07.717 [MainThread] DEBUG        [_swap_pixmap] anchor=(1221.7, 1024.7)
09:07:07.719 [MainThread] DEBUG        [_swap_pixmap] status=success
09:07:07.758 [MainThread] DEBUG    >>> wheelEvent.zoom | factor=1.25
09:07:07.758 [MainThread] DEBUG    >>> _abort_hq | old_token=574, active_hq=0
09:07:07.804 [MainThread] DEBUG    >>> wheelEvent.zoom | factor=1.25
09:07:07.804 [MainThread] DEBUG    >>> _abort_hq | old_token=575, active_hq=0
09:07:07.876 [MainThread] DEBUG    >>> wheelEvent.zoom | factor=1.25
09:07:07.876 [MainThread] DEBUG    >>> _abort_hq | old_token=576, active_hq=0
09:07:10.515 [MainThread] DEBUG    >>> classify | key=G, enforce_focus=True, move_in_progress=False, has_session=True
09:07:10.516 [MainThread] DEBUG        [classify] action=start_move, current_image=FRE0810_H4F067HDF11_F6570_FFE6802748_R_-429.372723_-1176.899351_0152745_0160189_20260827_055717.jpg
09:07:10.527 [MainThread] DEBUG    >>> _handle_classify_finished | has_record=True, has_error=False, record_key=G, record_category=TP_GE
09:07:10.527 [MainThread] DEBUG        [_handle_classify_finished] action=sync_after_session_change
09:07:10.529 [MainThread] DEBUG    >>> _load_current_image | current=FRE0820_H4F067HDF11_F6570_FFE6803125_T_-1071.152511_181.128081_0213203_0153560_20260826_161230.jpg, previous=FRE0810_H4F067HDF11_F6570_FFE6802748_R_-429.372723_-1176.899351_0152745_0160189_20260827_055717.jpg
09:07:10.530 [MainThread] DEBUG        [_load_current_image] action=load, path=FRE0820_H4F067HDF11_F6570_FFE6803125_T_-1071.152511_181.128081_0213203_0153560_20260826_161230.jpg
09:07:10.530 [MainThread] DEBUG    >>> _abort_hq | old_token=577, active_hq=0
09:07:10.530 [MainThread] DEBUG    >>> load_image | token=78, path=FRE0820_H4F067HDF11_F6570_FFE6803125_T_-1071.152511_181.128081_0213203_0153560_20260826_161230.jpg, has_image=True, active_threads=0, hq_threads=0
09:07:10.532 [Dummy-142 ] DEBUG        [Thread-78] ImageLoad.start | path=FRE0820_H4F067HDF11_F6570_FFE6803125_T_-1071.152511_181.128081_0213203_0153560_20260826_161230.jpg
09:07:10.611 [Dummy-142 ] DEBUG        [Thread-78] ImageLoad.success | size=2447x2047
09:07:10.617 [MainThread] DEBUG    >>> _handle_image_loaded | token=78, current_token=78, path=FRE0820_H4F067HDF11_F6570_FFE6803125_T_-1071.152511_181.128081_0213203_0153560_20260826_161230.jpg, has_error=False, image_valid=True
09:07:10.617 [MainThread] DEBUG    >>> _abort_hq | old_token=578, active_hq=0
09:07:10.617 [MainThread] DEBUG        [_handle_image_loaded] action=create_pixmap, size=2447x2047
09:07:10.619 [MainThread] DEBUG        [_handle_image_loaded] action=fit_to_window
09:07:10.619 [MainThread] DEBUG    >>> _abort_hq | old_token=579, active_hq=0
09:07:10.626 [MainThread] DEBUG    >>> _abort_hq | old_token=580, active_hq=0
09:07:10.772 [MainThread] DEBUG    >>> _start_hq_resize | token=582, target=1056x883, source=2447x2047
09:07:10.775 [Dummy-143 ] DEBUG        [Thread-582] HqResize.start | target=1056x883
09:07:10.940 [Dummy-143 ] DEBUG        [Thread-582] HqResize.success | scale=0.432
09:07:10.940 [Dummy-143 ] DEBUG    >>> _cleanup_hq_thread_early | token=582
09:07:10.940 [MainThread] DEBUG    >>> _handle_hq_resized | token=582, current_token=582, has_error=False, image_valid=True, has_image=True
09:07:10.940 [MainThread] DEBUG        [_handle_hq_resized] action=swap_pixmap, scale=0.4315, size=1056x883
09:07:10.943 [MainThread] DEBUG    >>> _swap_pixmap_preserving_view | old_scale=1.0000, new_scale=0.4315, pixmap_size=1056x883
09:07:10.943 [MainThread] DEBUG        [_swap_pixmap] anchor=(1221.7, 1024.7)
09:07:10.943 [MainThread] DEBUG        [_swap_pixmap] status=success
09:07:12.301 [MainThread] DEBUG    >>> classify | key=o, enforce_focus=True, move_in_progress=False, has_session=True
09:07:12.301 [MainThread] DEBUG        [classify] action=start_move, current_image=FRE0820_H4F067HDF11_F6570_FFE6803125_T_-1071.152511_181.128081_0213203_0153560_20260826_161230.jpg
09:07:12.320 [MainThread] DEBUG    >>> _handle_classify_finished | has_record=True, has_error=False, record_key=o, record_category=OI
09:07:12.321 [MainThread] DEBUG        [_handle_classify_finished] action=sync_after_session_change
09:07:12.323 [MainThread] DEBUG    >>> _load_current_image | current=SAP1140_H4F045FWF01_F6570_FVJ6801722_R_-192.588585_906.604657_0194923_0269834_20260827_212704.jpg, previous=FRE0820_H4F067HDF11_F6570_FFE6803125_T_-1071.152511_181.128081_0213203_0153560_20260826_161230.jpg
09:07:12.323 [MainThread] DEBUG        [_load_current_image] action=load, path=SAP1140_H4F045FWF01_F6570_FVJ6801722_R_-192.588585_906.604657_0194923_0269834_20260827_212704.jpg
09:07:12.324 [MainThread] DEBUG    >>> _abort_hq | old_token=582, active_hq=0
09:07:12.324 [MainThread] DEBUG    >>> load_image | token=79, path=SAP1140_H4F045FWF01_F6570_FVJ6801722_R_-192.588585_906.604657_0194923_0269834_20260827_212704.jpg, has_image=True, active_threads=0, hq_threads=0
09:07:12.329 [Dummy-144 ] DEBUG        [Thread-79] ImageLoad.start | path=SAP1140_H4F045FWF01_F6570_FVJ6801722_R_-192.588585_906.604657_0194923_0269834_20260827_212704.jpg
09:07:12.435 [Dummy-144 ] DEBUG        [Thread-79] ImageLoad.success | size=2447x2047
09:07:12.441 [MainThread] DEBUG    >>> _handle_image_loaded | token=79, current_token=79, path=SAP1140_H4F045FWF01_F6570_FVJ6801722_R_-192.588585_906.604657_0194923_0269834_20260827_212704.jpg, has_error=False, image_valid=True
09:07:12.443 [MainThread] DEBUG    >>> _abort_hq | old_token=583, active_hq=0
09:07:12.443 [MainThread] DEBUG        [_handle_image_loaded] action=create_pixmap, size=2447x2047
09:07:12.444 [MainThread] DEBUG        [_handle_image_loaded] action=fit_to_window
09:07:12.444 [MainThread] DEBUG    >>> _abort_hq | old_token=584, active_hq=0
09:07:12.588 [MainThread] DEBUG    >>> _start_hq_resize | token=586, target=1056x883, source=2447x2047
09:07:12.593 [Dummy-145 ] DEBUG        [Thread-586] HqResize.start | target=1056x883
09:07:12.771 [Dummy-145 ] DEBUG        [Thread-586] HqResize.success | scale=0.432
09:07:12.772 [Dummy-145 ] DEBUG    >>> _cleanup_hq_thread_early | token=586
09:07:12.772 [MainThread] DEBUG    >>> _handle_hq_resized | token=586, current_token=586, has_error=False, image_valid=True, has_image=True
09:07:12.772 [MainThread] DEBUG        [_handle_hq_resized] action=swap_pixmap, scale=0.4315, size=1056x883
09:07:12.774 [MainThread] DEBUG    >>> _swap_pixmap_preserving_view | old_scale=1.0000, new_scale=0.4315, pixmap_size=1056x883
09:07:12.774 [MainThread] DEBUG        [_swap_pixmap] anchor=(1221.7, 1024.7)
09:07:12.774 [MainThread] DEBUG        [_swap_pixmap] status=success
09:07:13.469 [MainThread] DEBUG    >>> classify | key=o, enforce_focus=True, move_in_progress=False, has_session=True
09:07:13.469 [MainThread] DEBUG        [classify] action=start_move, current_image=SAP1140_H4F045FWF01_F6570_FVJ6801722_R_-192.588585_906.604657_0194923_0269834_20260827_212704.jpg
09:07:13.487 [MainThread] DEBUG    >>> _handle_classify_finished | has_record=True, has_error=False, record_key=o, record_category=OI
09:07:13.488 [MainThread] DEBUG        [_handle_classify_finished] action=sync_after_session_change
09:07:13.489 [MainThread] DEBUG    >>> _load_current_image | current=None, previous=SAP1140_H4F045FWF01_F6570_FVJ6801722_R_-192.588585_906.604657_0194923_0269834_20260827_212704.jpg
09:07:13.489 [MainThread] DEBUG    >>> _abort_hq | old_token=586, active_hq=0
09:07:16.666 [MainThread] DEBUG    >>> _load_current_image | current=SAP1140_H4F045FWF01_F6570_FVJ6801722_R_-192.588585_906.604657_0194923_0269834_20260827_212704.jpg, previous=None
09:07:16.666 [MainThread] DEBUG        [_load_current_image] action=load, path=SAP1140_H4F045FWF01_F6570_FVJ6801722_R_-192.588585_906.604657_0194923_0269834_20260827_212704.jpg
09:07:16.666 [MainThread] DEBUG    >>> _abort_hq | old_token=587, active_hq=0
09:07:16.666 [MainThread] DEBUG    >>> load_image | token=81, path=SAP1140_H4F045FWF01_F6570_FVJ6801722_R_-192.588585_906.604657_0194923_0269834_20260827_212704.jpg, has_image=False, active_threads=0, hq_threads=0
09:07:16.668 [Dummy-146 ] DEBUG        [Thread-81] ImageLoad.start | path=SAP1140_H4F045FWF01_F6570_FVJ6801722_R_-192.588585_906.604657_0194923_0269834_20260827_212704.jpg
09:07:16.739 [Dummy-146 ] DEBUG        [Thread-81] ImageLoad.success | size=2447x2047
09:07:16.746 [MainThread] DEBUG    >>> _handle_image_loaded | token=81, current_token=81, path=SAP1140_H4F045FWF01_F6570_FVJ6801722_R_-192.588585_906.604657_0194923_0269834_20260827_212704.jpg, has_error=False, image_valid=True
09:07:16.746 [MainThread] DEBUG    >>> _abort_hq | old_token=588, active_hq=0
09:07:16.746 [MainThread] DEBUG        [_handle_image_loaded] action=create_pixmap, size=2447x2047
09:07:16.746 [MainThread] DEBUG        [_handle_image_loaded] action=fit_to_window
09:07:16.746 [MainThread] DEBUG    >>> _abort_hq | old_token=589, active_hq=0
09:07:16.895 [MainThread] DEBUG    >>> _start_hq_resize | token=591, target=1056x883, source=2447x2047
09:07:16.897 [Dummy-147 ] DEBUG        [Thread-591] HqResize.start | target=1056x883
09:07:17.067 [Dummy-147 ] DEBUG        [Thread-591] HqResize.success | scale=0.432
09:07:17.067 [Dummy-147 ] DEBUG    >>> _cleanup_hq_thread_early | token=591
09:07:17.067 [MainThread] DEBUG    >>> _handle_hq_resized | token=591, current_token=591, has_error=False, image_valid=True, has_image=True
09:07:17.068 [MainThread] DEBUG        [_handle_hq_resized] action=swap_pixmap, scale=0.4315, size=1056x883
09:07:17.070 [MainThread] DEBUG    >>> _swap_pixmap_preserving_view | old_scale=1.0000, new_scale=0.4315, pixmap_size=1056x883
09:07:17.070 [MainThread] DEBUG        [_swap_pixmap] anchor=(1221.7, 1024.7)
09:07:17.070 [MainThread] DEBUG        [_swap_pixmap] status=success
09:07:22.147 [MainThread] DEBUG    >>> wheelEvent.zoom | factor=1.25
09:07:22.147 [MainThread] DEBUG    >>> _abort_hq | old_token=591, active_hq=0
09:07:22.147 [MainThread] DEBUG    >>> _swap_pixmap_preserving_view | old_scale=0.4315, new_scale=1.0000, pixmap_size=2447x2047
09:07:22.147 [MainThread] DEBUG        [_swap_pixmap] anchor=(1221.7, 1024.7)
09:07:22.148 [MainThread] DEBUG        [_swap_pixmap] status=success
09:07:22.163 [MainThread] DEBUG    >>> wheelEvent.zoom | factor=1.25
09:07:22.163 [MainThread] DEBUG    >>> _abort_hq | old_token=592, active_hq=0
09:07:22.171 [MainThread] DEBUG    >>> wheelEvent.zoom | factor=1.25
09:07:22.171 [MainThread] DEBUG    >>> _abort_hq | old_token=593, active_hq=0
09:07:22.195 [MainThread] DEBUG    >>> wheelEvent.zoom | factor=1.25
09:07:22.195 [MainThread] DEBUG    >>> _abort_hq | old_token=594, active_hq=0
09:07:22.220 [MainThread] DEBUG    >>> wheelEvent.zoom | factor=1.25
09:07:22.220 [MainThread] DEBUG    >>> _abort_hq | old_token=595, active_hq=0
09:07:28.214 [MainThread] DEBUG    >>> classify | key=H, enforce_focus=True, move_in_progress=False, has_session=True
09:07:28.214 [MainThread] DEBUG        [classify] action=start_move, current_image=SAP1140_H4F045FWF01_F6570_FVJ6801722_R_-192.588585_906.604657_0194923_0269834_20260827_212704.jpg
09:07:28.232 [MainThread] DEBUG    >>> _handle_classify_finished | has_record=True, has_error=False, record_key=H, record_category=TH
09:07:28.232 [MainThread] DEBUG        [_handle_classify_finished] action=sync_after_session_change
09:07:28.232 [MainThread] DEBUG    >>> _load_current_image | current=None, previous=SAP1140_H4F045FWF01_F6570_FVJ6801722_R_-192.588585_906.604657_0194923_0269834_20260827_212704.jpg
09:07:28.233 [MainThread] DEBUG    >>> _abort_hq | old_token=596, active_hq=0
09:07:32.474 [MainThread] DEBUG    >>> _load_current_image | current=FRE0230_H4F270FDF10_F6570_FLV6813802_T_-1089.812091_1208.949203_0270003_0245744_20260904_002733.jpg, previous=None
09:07:32.474 [MainThread] DEBUG        [_load_current_image] action=load, path=FRE0230_H4F270FDF10_F6570_FLV6813802_T_-1089.812091_1208.949203_0270003_0245744_20260904_002733.jpg
09:07:32.474 [MainThread] DEBUG    >>> _abort_hq | old_token=597, active_hq=0
09:07:32.474 [MainThread] DEBUG    >>> load_image | token=83, path=FRE0230_H4F270FDF10_F6570_FLV6813802_T_-1089.812091_1208.949203_0270003_0245744_20260904_002733.jpg, has_image=False, active_threads=0, hq_threads=0
09:07:32.476 [Dummy-148 ] DEBUG        [Thread-83] ImageLoad.start | path=FRE0230_H4F270FDF10_F6570_FLV6813802_T_-1089.812091_1208.949203_0270003_0245744_20260904_002733.jpg
09:07:32.555 [Dummy-148 ] DEBUG        [Thread-83] ImageLoad.success | size=2447x2047
09:07:32.561 [MainThread] DEBUG    >>> _handle_image_loaded | token=83, current_token=83, path=FRE0230_H4F270FDF10_F6570_FLV6813802_T_-1089.812091_1208.949203_0270003_0245744_20260904_002733.jpg, has_error=False, image_valid=True
09:07:32.561 [MainThread] DEBUG    >>> _abort_hq | old_token=598, active_hq=0
09:07:32.561 [MainThread] DEBUG        [_handle_image_loaded] action=create_pixmap, size=2447x2047
09:07:32.561 [MainThread] DEBUG        [_handle_image_loaded] action=fit_to_window
09:07:32.562 [MainThread] DEBUG    >>> _abort_hq | old_token=599, active_hq=0
09:07:32.574 [MainThread] DEBUG    >>> _abort_hq | old_token=600, active_hq=0
09:07:32.721 [MainThread] DEBUG    >>> _start_hq_resize | token=602, target=1056x883, source=2447x2047
09:07:32.722 [Dummy-149 ] DEBUG        [Thread-602] HqResize.start | target=1056x883
09:07:32.885 [Dummy-149 ] DEBUG        [Thread-602] HqResize.success | scale=0.432
09:07:32.885 [Dummy-149 ] DEBUG    >>> _cleanup_hq_thread_early | token=602
09:07:32.885 [MainThread] DEBUG    >>> _handle_hq_resized | token=602, current_token=602, has_error=False, image_valid=True, has_image=True
09:07:32.886 [MainThread] DEBUG        [_handle_hq_resized] action=swap_pixmap, scale=0.4315, size=1056x883
09:07:32.888 [MainThread] DEBUG    >>> _swap_pixmap_preserving_view | old_scale=1.0000, new_scale=0.4315, pixmap_size=1056x883
09:07:32.888 [MainThread] DEBUG        [_swap_pixmap] anchor=(1221.7, 1024.7)
09:07:32.888 [MainThread] DEBUG        [_swap_pixmap] status=success
09:07:35.516 [MainThread] DEBUG    >>> classify | key=D, enforce_focus=True, move_in_progress=False, has_session=True
09:07:35.516 [MainThread] DEBUG        [classify] action=start_move, current_image=FRE0230_H4F270FDF10_F6570_FLV6813802_T_-1089.812091_1208.949203_0270003_0245744_20260904_002733.jpg
09:07:35.525 [MainThread] DEBUG    >>> _handle_classify_finished | has_record=True, has_error=False, record_key=D, record_category=G_DT
09:07:35.525 [MainThread] DEBUG        [_handle_classify_finished] action=sync_after_session_change
09:07:35.527 [MainThread] DEBUG    >>> _load_current_image | current=FRE1430_H4F045FWF01_F6570_FXN6801348_R_341.193751_554.016128_0160189_0160189_20260827_053620.jpg, previous=FRE0230_H4F270FDF10_F6570_FLV6813802_T_-1089.812091_1208.949203_0270003_0245744_20260904_002733.jpg
09:07:35.527 [MainThread] DEBUG        [_load_current_image] action=load, path=FRE1430_H4F045FWF01_F6570_FXN6801348_R_341.193751_554.016128_0160189_0160189_20260827_053620.jpg
09:07:35.527 [MainThread] DEBUG    >>> _abort_hq | old_token=602, active_hq=0
09:07:35.527 [MainThread] DEBUG    >>> load_image | token=84, path=FRE1430_H4F045FWF01_F6570_FXN6801348_R_341.193751_554.016128_0160189_0160189_20260827_053620.jpg, has_image=True, active_threads=0, hq_threads=0
09:07:35.531 [Dummy-150 ] DEBUG        [Thread-84] ImageLoad.start | path=FRE1430_H4F045FWF01_F6570_FXN6801348_R_341.193751_554.016128_0160189_0160189_20260827_053620.jpg
09:07:35.621 [Dummy-150 ] DEBUG        [Thread-84] ImageLoad.success | size=2447x2047
09:07:35.626 [MainThread] DEBUG    >>> _handle_image_loaded | token=84, current_token=84, path=FRE1430_H4F045FWF01_F6570_FXN6801348_R_341.193751_554.016128_0160189_0160189_20260827_053620.jpg, has_error=False, image_valid=True
09:07:35.629 [MainThread] DEBUG    >>> _abort_hq | old_token=603, active_hq=0
09:07:35.629 [MainThread] DEBUG        [_handle_image_loaded] action=create_pixmap, size=2447x2047
09:07:35.629 [MainThread] DEBUG        [_handle_image_loaded] action=fit_to_window
09:07:35.629 [MainThread] DEBUG    >>> _abort_hq | old_token=604, active_hq=0
09:07:35.777 [MainThread] DEBUG    >>> _start_hq_resize | token=606, target=1056x883, source=2447x2047
09:07:35.778 [Dummy-151 ] DEBUG        [Thread-606] HqResize.start | target=1056x883
09:07:35.932 [Dummy-151 ] DEBUG        [Thread-606] HqResize.success | scale=0.432
09:07:35.932 [Dummy-151 ] DEBUG    >>> _cleanup_hq_thread_early | token=606
09:07:35.932 [MainThread] DEBUG    >>> _handle_hq_resized | token=606, current_token=606, has_error=False, image_valid=True, has_image=True
09:07:35.932 [MainThread] DEBUG        [_handle_hq_resized] action=swap_pixmap, scale=0.4315, size=1056x883
09:07:35.934 [MainThread] DEBUG    >>> _swap_pixmap_preserving_view | old_scale=1.0000, new_scale=0.4315, pixmap_size=1056x883
09:07:35.934 [MainThread] DEBUG        [_swap_pixmap] anchor=(1221.7, 1024.7)
09:07:35.935 [MainThread] DEBUG        [_swap_pixmap] status=success
09:07:40.253 [MainThread] DEBUG    >>> classify | key=h, enforce_focus=True, move_in_progress=False, has_session=True
09:07:40.253 [MainThread] DEBUG        [classify] action=start_move, current_image=FRE1430_H4F045FWF01_F6570_FXN6801348_R_341.193751_554.016128_0160189_0160189_20260827_053620.jpg
09:07:40.275 [MainThread] DEBUG    >>> _handle_classify_finished | has_record=True, has_error=False, record_key=h, record_category=PH
09:07:40.276 [MainThread] DEBUG        [_handle_classify_finished] action=sync_after_session_change
09:07:40.280 [MainThread] DEBUG    >>> _load_current_image | current=SAP1130_H4F195HDT02_F6570_FPB6801738_T_1037.353922_61.414900_0160189_0245744_20260903_174947.jpg, previous=FRE1430_H4F045FWF01_F6570_FXN6801348_R_341.193751_554.016128_0160189_0160189_20260827_053620.jpg
09:07:40.280 [MainThread] DEBUG        [_load_current_image] action=load, path=SAP1130_H4F195HDT02_F6570_FPB6801738_T_1037.353922_61.414900_0160189_0245744_20260903_174947.jpg
09:07:40.281 [MainThread] DEBUG    >>> _abort_hq | old_token=606, active_hq=0
09:07:40.281 [MainThread] DEBUG    >>> load_image | token=85, path=SAP1130_H4F195HDT02_F6570_FPB6801738_T_1037.353922_61.414900_0160189_0245744_20260903_174947.jpg, has_image=True, active_threads=0, hq_threads=0
09:07:40.286 [Dummy-152 ] DEBUG        [Thread-85] ImageLoad.start | path=SAP1130_H4F195HDT02_F6570_FPB6801738_T_1037.353922_61.414900_0160189_0245744_20260903_174947.jpg
09:07:40.380 [Dummy-152 ] DEBUG        [Thread-85] ImageLoad.success | size=2447x2047
09:07:40.386 [MainThread] DEBUG    >>> _handle_image_loaded | token=85, current_token=85, path=SAP1130_H4F195HDT02_F6570_FPB6801738_T_1037.353922_61.414900_0160189_0245744_20260903_174947.jpg, has_error=False, image_valid=True
09:07:40.388 [MainThread] DEBUG    >>> _abort_hq | old_token=607, active_hq=0
09:07:40.388 [MainThread] DEBUG        [_handle_image_loaded] action=create_pixmap, size=2447x2047
09:07:40.388 [MainThread] DEBUG        [_handle_image_loaded] action=fit_to_window
09:07:40.389 [MainThread] DEBUG    >>> _abort_hq | old_token=608, active_hq=0
09:07:40.537 [MainThread] DEBUG    >>> _start_hq_resize | token=610, target=1056x883, source=2447x2047
09:07:40.541 [Dummy-153 ] DEBUG        [Thread-610] HqResize.start | target=1056x883
09:07:40.717 [Dummy-153 ] DEBUG        [Thread-610] HqResize.success | scale=0.432
09:07:40.717 [Dummy-153 ] DEBUG    >>> _cleanup_hq_thread_early | token=610
09:07:40.717 [MainThread] DEBUG    >>> _handle_hq_resized | token=610, current_token=610, has_error=False, image_valid=True, has_image=True
09:07:40.717 [MainThread] DEBUG        [_handle_hq_resized] action=swap_pixmap, scale=0.4315, size=1056x883
09:07:40.719 [MainThread] DEBUG    >>> _swap_pixmap_preserving_view | old_scale=1.0000, new_scale=0.4315, pixmap_size=1056x883
09:07:40.719 [MainThread] DEBUG        [_swap_pixmap] anchor=(1221.7, 1024.7)
09:07:40.719 [MainThread] DEBUG        [_swap_pixmap] status=success
09:07:41.892 [MainThread] DEBUG    >>> classify | key=h, enforce_focus=True, move_in_progress=False, has_session=True
09:07:41.892 [MainThread] DEBUG        [classify] action=start_move, current_image=SAP1130_H4F195HDT02_F6570_FPB6801738_T_1037.353922_61.414900_0160189_0245744_20260903_174947.jpg
09:07:41.900 [MainThread] DEBUG    >>> _handle_classify_finished | has_record=True, has_error=False, record_key=h, record_category=PH
09:07:41.901 [MainThread] DEBUG        [_handle_classify_finished] action=sync_after_session_change
09:07:41.901 [MainThread] DEBUG    >>> _load_current_image | current=None, previous=SAP1130_H4F195HDT02_F6570_FPB6801738_T_1037.353922_61.414900_0160189_0245744_20260903_174947.jpg
09:07:41.901 [MainThread] DEBUG    >>> _abort_hq | old_token=610, active_hq=0
09:07:43.849 [MainThread] DEBUG    >>> _load_current_image | current=SAP1130_H4F195HDT02_F6570_FPB6801738_T_1037.353922_61.414900_0160189_0245744_20260903_174947.jpg, previous=None
09:07:43.849 [MainThread] DEBUG        [_load_current_image] action=load, path=SAP1130_H4F195HDT02_F6570_FPB6801738_T_1037.353922_61.414900_0160189_0245744_20260903_174947.jpg
09:07:43.850 [MainThread] DEBUG    >>> _abort_hq | old_token=611, active_hq=0
09:07:43.850 [MainThread] DEBUG    >>> load_image | token=87, path=SAP1130_H4F195HDT02_F6570_FPB6801738_T_1037.353922_61.414900_0160189_0245744_20260903_174947.jpg, has_image=False, active_threads=0, hq_threads=0
09:07:43.854 [Dummy-154 ] DEBUG        [Thread-87] ImageLoad.start | path=SAP1130_H4F195HDT02_F6570_FPB6801738_T_1037.353922_61.414900_0160189_0245744_20260903_174947.jpg
09:07:43.960 [Dummy-154 ] DEBUG        [Thread-87] ImageLoad.success | size=2447x2047
09:07:43.967 [MainThread] DEBUG    >>> _handle_image_loaded | token=87, current_token=87, path=SAP1130_H4F195HDT02_F6570_FPB6801738_T_1037.353922_61.414900_0160189_0245744_20260903_174947.jpg, has_error=False, image_valid=True
09:07:43.967 [MainThread] DEBUG    >>> _abort_hq | old_token=612, active_hq=0
09:07:43.967 [MainThread] DEBUG        [_handle_image_loaded] action=create_pixmap, size=2447x2047
09:07:43.967 [MainThread] DEBUG        [_handle_image_loaded] action=fit_to_window
09:07:43.968 [MainThread] DEBUG    >>> _abort_hq | old_token=613, active_hq=0
09:07:44.119 [MainThread] DEBUG    >>> _start_hq_resize | token=615, target=1056x883, source=2447x2047
09:07:44.123 [Dummy-155 ] DEBUG        [Thread-615] HqResize.start | target=1056x883
09:07:44.303 [Dummy-155 ] DEBUG        [Thread-615] HqResize.success | scale=0.432
09:07:44.303 [MainThread] DEBUG    >>> _handle_hq_resized | token=615, current_token=615, has_error=False, image_valid=True, has_image=True
09:07:44.303 [Dummy-155 ] DEBUG    >>> _cleanup_hq_thread_early | token=615
09:07:44.303 [MainThread] DEBUG        [_handle_hq_resized] action=swap_pixmap, scale=0.4315, size=1056x883
09:07:44.305 [MainThread] DEBUG    >>> _swap_pixmap_preserving_view | old_scale=1.0000, new_scale=0.4315, pixmap_size=1056x883
09:07:44.305 [MainThread] DEBUG        [_swap_pixmap] anchor=(1221.7, 1024.7)
09:07:44.305 [MainThread] DEBUG        [_swap_pixmap] status=success
09:07:44.796 [MainThread] DEBUG    >>> wheelEvent.zoom | factor=1.25
09:07:44.796 [MainThread] DEBUG    >>> _abort_hq | old_token=615, active_hq=0
09:07:44.796 [MainThread] DEBUG    >>> _swap_pixmap_preserving_view | old_scale=0.4315, new_scale=1.0000, pixmap_size=2447x2047
09:07:44.796 [MainThread] DEBUG        [_swap_pixmap] anchor=(1221.7, 1024.7)
09:07:44.797 [MainThread] DEBUG        [_swap_pixmap] status=success
09:07:44.813 [MainThread] DEBUG    >>> wheelEvent.zoom | factor=1.25
09:07:44.814 [MainThread] DEBUG    >>> _abort_hq | old_token=616, active_hq=0
09:07:44.843 [MainThread] DEBUG    >>> wheelEvent.zoom | factor=1.25
09:07:44.843 [MainThread] DEBUG    >>> _abort_hq | old_token=617, active_hq=0
09:07:44.899 [MainThread] DEBUG    >>> wheelEvent.zoom | factor=1.25
09:07:44.899 [MainThread] DEBUG    >>> _abort_hq | old_token=618, active_hq=0
09:07:47.787 [MainThread] DEBUG    >>> wheelEvent.zoom | factor=1.25
09:07:47.787 [MainThread] DEBUG    >>> _abort_hq | old_token=619, active_hq=0
09:07:47.812 [MainThread] DEBUG    >>> wheelEvent.zoom | factor=1.25
09:07:47.812 [MainThread] DEBUG    >>> _abort_hq | old_token=620, active_hq=0
09:07:47.851 [MainThread] DEBUG    >>> wheelEvent.zoom | factor=1.25
09:07:47.851 [MainThread] DEBUG    >>> _abort_hq | old_token=621, active_hq=0
09:07:47.891 [MainThread] DEBUG    >>> wheelEvent.zoom | factor=1.25
09:07:47.891 [MainThread] DEBUG    >>> _abort_hq | old_token=622, active_hq=0
09:07:47.954 [MainThread] DEBUG    >>> wheelEvent.zoom | factor=1.25
09:07:47.954 [MainThread] DEBUG    >>> _abort_hq | old_token=623, active_hq=0
09:07:50.115 [MainThread] DEBUG    >>> wheelEvent.zoom | factor=0.8
09:07:50.115 [MainThread] DEBUG    >>> _abort_hq | old_token=624, active_hq=0
09:07:50.139 [MainThread] DEBUG    >>> wheelEvent.zoom | factor=0.8
09:07:50.139 [MainThread] DEBUG    >>> _abort_hq | old_token=625, active_hq=0
09:07:50.155 [MainThread] DEBUG    >>> wheelEvent.zoom | factor=0.8
09:07:50.155 [MainThread] DEBUG    >>> _abort_hq | old_token=626, active_hq=0
09:07:50.170 [MainThread] DEBUG    >>> wheelEvent.zoom | factor=0.8
09:07:50.171 [MainThread] DEBUG    >>> _abort_hq | old_token=627, active_hq=0
09:07:50.186 [MainThread] DEBUG    >>> wheelEvent.zoom | factor=0.8
09:07:50.187 [MainThread] DEBUG    >>> _abort_hq | old_token=628, active_hq=0
09:07:50.219 [MainThread] DEBUG    >>> wheelEvent.zoom | factor=0.8
09:07:50.219 [MainThread] DEBUG    >>> _abort_hq | old_token=629, active_hq=0
09:07:50.369 [MainThread] DEBUG    >>> _start_hq_resize | token=631, target=2062x1725, source=2447x2047
09:07:50.371 [Dummy-81  ] DEBUG        [Thread-631] HqResize.start | target=2062x1725
09:07:50.474 [MainThread] DEBUG    >>> wheelEvent.zoom | factor=0.8
09:07:50.475 [MainThread] DEBUG    >>> _abort_hq | old_token=631, active_hq=1
09:07:50.506 [MainThread] DEBUG    >>> wheelEvent.zoom | factor=0.8
09:07:50.507 [MainThread] DEBUG    >>> _abort_hq | old_token=632, active_hq=1
09:07:50.522 [MainThread] DEBUG    >>> wheelEvent.zoom | factor=0.8
09:07:50.523 [MainThread] DEBUG    >>> _abort_hq | old_token=633, active_hq=1
09:07:50.538 [MainThread] DEBUG    >>> wheelEvent.zoom | factor=0.8
09:07:50.539 [MainThread] DEBUG    >>> _abort_hq | old_token=634, active_hq=1
09:07:50.554 [MainThread] DEBUG    >>> wheelEvent.zoom | factor=0.8
09:07:50.555 [MainThread] DEBUG    >>> _abort_hq | old_token=635, active_hq=1
09:07:50.598 [MainThread] DEBUG    >>> wheelEvent.zoom | factor=0.8
09:07:50.598 [MainThread] DEBUG    >>> _abort_hq | old_token=636, active_hq=1
09:07:50.622 [Dummy-81  ] DEBUG        [Thread-631] HqResize.cancelled_late | 
09:07:50.622 [MainThread] DEBUG    >>> _handle_hq_resized | token=631, current_token=637, has_error=True, image_valid=False, has_image=True
09:07:50.623 [MainThread] DEBUG        [_handle_hq_resized] action=ignore, reason=token_mismatch
09:07:50.737 [MainThread] WARNING  ⚠️  Found deleted C++ QObject in _hq_threads (cleaned up) | token=631
09:07:50.746 [MainThread] DEBUG    >>> _start_hq_resize | token=638, target=540x452, source=2447x2047
09:07:50.748 [Dummy-156 ] DEBUG        [Thread-638] HqResize.start | target=540x452
09:07:50.875 [Dummy-156 ] DEBUG        [Thread-638] HqResize.success | scale=0.221
09:07:50.876 [Dummy-156 ] DEBUG    >>> _cleanup_hq_thread_early | token=638
09:07:50.876 [MainThread] DEBUG    >>> _handle_hq_resized | token=638, current_token=638, has_error=False, image_valid=True, has_image=True
09:07:50.876 [MainThread] DEBUG        [_handle_hq_resized] action=swap_pixmap, scale=0.2207, size=540x452
09:07:50.876 [MainThread] DEBUG    >>> _swap_pixmap_preserving_view | old_scale=1.0000, new_scale=0.2207, pixmap_size=540x452
09:07:50.877 [MainThread] DEBUG        [_swap_pixmap] anchor=(1222.5, 1027.8)
09:07:50.877 [MainThread] DEBUG        [_swap_pixmap] status=success
09:07:51.059 [MainThread] DEBUG    >>> wheelEvent.zoom | factor=1.25
09:07:51.060 [MainThread] DEBUG    >>> _abort_hq | old_token=638, active_hq=0
09:07:51.060 [MainThread] DEBUG    >>> _swap_pixmap_preserving_view | old_scale=0.2207, new_scale=1.0000, pixmap_size=2447x2047
09:07:51.060 [MainThread] DEBUG        [_swap_pixmap] anchor=(1222.5, 1027.8)
09:07:51.061 [MainThread] DEBUG        [_swap_pixmap] status=success
09:07:51.092 [MainThread] DEBUG    >>> wheelEvent.zoom | factor=1.25
09:07:51.092 [MainThread] DEBUG    >>> _abort_hq | old_token=639, active_hq=0
09:07:51.124 [MainThread] DEBUG    >>> wheelEvent.zoom | factor=1.25
09:07:51.124 [MainThread] DEBUG    >>> _abort_hq | old_token=640, active_hq=0
09:07:51.273 [MainThread] DEBUG    >>> _start_hq_resize | token=642, target=1056x883, source=2447x2047
09:07:51.274 [Dummy-157 ] DEBUG        [Thread-642] HqResize.start | target=1056x883
09:07:51.432 [Dummy-157 ] DEBUG        [Thread-642] HqResize.success | scale=0.432
09:07:51.433 [Dummy-157 ] DEBUG    >>> _cleanup_hq_thread_early | token=642
09:07:51.433 [MainThread] DEBUG    >>> _handle_hq_resized | token=642, current_token=642, has_error=False, image_valid=True, has_image=True
09:07:51.433 [MainThread] DEBUG        [_handle_hq_resized] action=swap_pixmap, scale=0.4315, size=1056x883
09:07:51.435 [MainThread] DEBUG    >>> _swap_pixmap_preserving_view | old_scale=1.0000, new_scale=0.4315, pixmap_size=1056x883
09:07:51.435 [MainThread] DEBUG        [_swap_pixmap] anchor=(1221.7, 1024.7)
09:07:51.435 [MainThread] DEBUG        [_swap_pixmap] status=success
09:07:52.230 [MainThread] DEBUG    >>> classify | key=h, enforce_focus=True, move_in_progress=False, has_session=True
09:07:52.230 [MainThread] DEBUG        [classify] action=start_move, current_image=SAP1130_H4F195HDT02_F6570_FPB6801738_T_1037.353922_61.414900_0160189_0245744_20260903_174947.jpg
09:07:52.246 [MainThread] DEBUG    >>> _handle_classify_finished | has_record=True, has_error=False, record_key=h, record_category=PH
09:07:52.247 [MainThread] DEBUG        [_handle_classify_finished] action=sync_after_session_change
09:07:52.248 [MainThread] DEBUG    >>> _load_current_image | current=None, previous=SAP1130_H4F195HDT02_F6570_FPB6801738_T_1037.353922_61.414900_0160189_0245744_20260903_174947.jpg
09:07:52.248 [MainThread] DEBUG    >>> _abort_hq | old_token=642, active_hq=0
09:07:56.419 [MainThread] DEBUG    >>> _load_current_image | current=FRE0120_H4F069HDF04_F6570_FUJ6807942_R_-33.372220_566.872600_0068403_0189957_20260905_044634.jpg, previous=None
09:07:56.419 [MainThread] DEBUG        [_load_current_image] action=load, path=FRE0120_H4F069HDF04_F6570_FUJ6807942_R_-33.372220_566.872600_0068403_0189957_20260905_044634.jpg
09:07:56.419 [MainThread] DEBUG    >>> _abort_hq | old_token=643, active_hq=0
09:07:56.419 [MainThread] DEBUG    >>> load_image | token=89, path=FRE0120_H4F069HDF04_F6570_FUJ6807942_R_-33.372220_566.872600_0068403_0189957_20260905_044634.jpg, has_image=False, active_threads=0, hq_threads=0
09:07:56.421 [Dummy-158 ] DEBUG        [Thread-89] ImageLoad.start | path=FRE0120_H4F069HDF04_F6570_FUJ6807942_R_-33.372220_566.872600_0068403_0189957_20260905_044634.jpg
09:07:56.499 [Dummy-158 ] DEBUG        [Thread-89] ImageLoad.success | size=2447x2047
09:07:56.513 [MainThread] DEBUG    >>> _handle_image_loaded | token=89, current_token=89, path=FRE0120_H4F069HDF04_F6570_FUJ6807942_R_-33.372220_566.872600_0068403_0189957_20260905_044634.jpg, has_error=False, image_valid=True
09:07:56.513 [MainThread] DEBUG    >>> _abort_hq | old_token=644, active_hq=0
09:07:56.513 [MainThread] DEBUG        [_handle_image_loaded] action=create_pixmap, size=2447x2047
09:07:56.513 [MainThread] DEBUG        [_handle_image_loaded] action=fit_to_window
09:07:56.513 [MainThread] DEBUG    >>> _abort_hq | old_token=645, active_hq=0
09:07:56.664 [MainThread] DEBUG    >>> _start_hq_resize | token=647, target=1056x883, source=2447x2047
09:07:56.665 [Dummy-159 ] DEBUG        [Thread-647] HqResize.start | target=1056x883
09:07:56.831 [Dummy-159 ] DEBUG        [Thread-647] HqResize.success | scale=0.432
09:07:56.832 [Dummy-159 ] DEBUG    >>> _cleanup_hq_thread_early | token=647
09:07:56.832 [MainThread] DEBUG    >>> _handle_hq_resized | token=647, current_token=647, has_error=False, image_valid=True, has_image=True
09:07:56.832 [MainThread] DEBUG        [_handle_hq_resized] action=swap_pixmap, scale=0.4315, size=1056x883
09:07:56.834 [MainThread] DEBUG    >>> _swap_pixmap_preserving_view | old_scale=1.0000, new_scale=0.4315, pixmap_size=1056x883
09:07:56.834 [MainThread] DEBUG        [_swap_pixmap] anchor=(1221.7, 1024.7)
09:07:56.835 [MainThread] DEBUG        [_swap_pixmap] status=success
09:07:57.461 [MainThread] DEBUG    >>> wheelEvent.zoom | factor=1.25
09:07:57.461 [MainThread] DEBUG    >>> _abort_hq | old_token=647, active_hq=0
09:07:57.461 [MainThread] DEBUG    >>> _swap_pixmap_preserving_view | old_scale=0.4315, new_scale=1.0000, pixmap_size=2447x2047
09:07:57.462 [MainThread] DEBUG        [_swap_pixmap] anchor=(1221.7, 1024.7)
09:07:57.463 [MainThread] DEBUG        [_swap_pixmap] status=success
09:07:57.491 [MainThread] DEBUG    >>> wheelEvent.zoom | factor=1.25
09:07:57.492 [MainThread] DEBUG    >>> _abort_hq | old_token=648, active_hq=0
09:07:57.524 [MainThread] DEBUG    >>> wheelEvent.zoom | factor=1.25
09:07:57.524 [MainThread] DEBUG    >>> _abort_hq | old_token=649, active_hq=0
09:07:57.572 [MainThread] DEBUG    >>> wheelEvent.zoom | factor=1.25
09:07:57.572 [MainThread] DEBUG    >>> _abort_hq | old_token=650, active_hq=0
09:08:02.541 [MainThread] DEBUG    >>> classify | key=B, enforce_focus=True, move_in_progress=False, has_session=True
09:08:02.541 [MainThread] DEBUG        [classify] action=start_move, current_image=FRE0120_H4F069HDF04_F6570_FUJ6807942_R_-33.372220_566.872600_0068403_0189957_20260905_044634.jpg
09:08:02.556 [MainThread] DEBUG    >>> _handle_classify_finished | has_record=True, has_error=False, record_key=B, record_category=BM_BK
09:08:02.557 [MainThread] DEBUG        [_handle_classify_finished] action=sync_after_session_change
09:08:02.559 [MainThread] DEBUG    >>> _load_current_image | current=FRE0120_H4F069HDF04_F6570_FUJ6807942_R_-547.887990_229.380272_0068403_0189957_20260905_044553.jpg, previous=FRE0120_H4F069HDF04_F6570_FUJ6807942_R_-33.372220_566.872600_0068403_0189957_20260905_044634.jpg
09:08:02.560 [MainThread] DEBUG        [_load_current_image] action=load, path=FRE0120_H4F069HDF04_F6570_FUJ6807942_R_-547.887990_229.380272_0068403_0189957_20260905_044553.jpg
09:08:02.560 [MainThread] DEBUG    >>> _abort_hq | old_token=651, active_hq=0
09:08:02.560 [MainThread] DEBUG    >>> load_image | token=90, path=FRE0120_H4F069HDF04_F6570_FUJ6807942_R_-547.887990_229.380272_0068403_0189957_20260905_044553.jpg, has_image=True, active_threads=0, hq_threads=0
09:08:02.567 [Dummy-160 ] DEBUG        [Thread-90] ImageLoad.start | path=FRE0120_H4F069HDF04_F6570_FUJ6807942_R_-547.887990_229.380272_0068403_0189957_20260905_044553.jpg
09:08:02.669 [Dummy-160 ] DEBUG        [Thread-90] ImageLoad.success | size=2447x2047
09:08:02.680 [MainThread] DEBUG    >>> _handle_image_loaded | token=90, current_token=90, path=FRE0120_H4F069HDF04_F6570_FUJ6807942_R_-547.887990_229.380272_0068403_0189957_20260905_044553.jpg, has_error=False, image_valid=True
09:08:02.680 [MainThread] DEBUG    >>> _abort_hq | old_token=652, active_hq=0
09:08:02.680 [MainThread] DEBUG        [_handle_image_loaded] action=create_pixmap, size=2447x2047
09:08:02.682 [MainThread] DEBUG        [_handle_image_loaded] action=fit_to_window
09:08:02.682 [MainThread] DEBUG    >>> _abort_hq | old_token=653, active_hq=0
09:08:02.686 [MainThread] DEBUG    >>> _abort_hq | old_token=654, active_hq=0
09:08:02.837 [MainThread] DEBUG    >>> _start_hq_resize | token=656, target=1056x883, source=2447x2047
09:08:02.838 [Dummy-87  ] DEBUG        [Thread-656] HqResize.start | target=1056x883
09:08:02.986 [Dummy-87  ] DEBUG        [Thread-656] HqResize.success | scale=0.432
09:08:02.987 [Dummy-87  ] DEBUG    >>> _cleanup_hq_thread_early | token=656
09:08:02.987 [MainThread] DEBUG    >>> _handle_hq_resized | token=656, current_token=656, has_error=False, image_valid=True, has_image=True
09:08:02.987 [MainThread] DEBUG        [_handle_hq_resized] action=swap_pixmap, scale=0.4315, size=1056x883
09:08:02.990 [MainThread] DEBUG    >>> _swap_pixmap_preserving_view | old_scale=1.0000, new_scale=0.4315, pixmap_size=1056x883
09:08:02.990 [MainThread] DEBUG        [_swap_pixmap] anchor=(1221.7, 1024.7)
09:08:02.990 [MainThread] DEBUG        [_swap_pixmap] status=success
09:08:03.469 [MainThread] DEBUG    >>> classify | key=B, enforce_focus=True, move_in_progress=False, has_session=True
09:08:03.469 [MainThread] DEBUG        [classify] action=start_move, current_image=FRE0120_H4F069HDF04_F6570_FUJ6807942_R_-547.887990_229.380272_0068403_0189957_20260905_044553.jpg
09:08:03.484 [MainThread] DEBUG    >>> _handle_classify_finished | has_record=True, has_error=False, record_key=B, record_category=BM_BK
09:08:03.485 [MainThread] DEBUG        [_handle_classify_finished] action=sync_after_session_change
09:08:03.488 [MainThread] DEBUG    >>> _load_current_image | current=FRE0520_H4F045FWF01_F6570_FUY6800407_T_250.961264_836.132171_0153560_0269834_20260827_202836.jpg, previous=FRE0120_H4F069HDF04_F6570_FUJ6807942_R_-547.887990_229.380272_0068403_0189957_20260905_044553.jpg
09:08:03.488 [MainThread] DEBUG        [_load_current_image] action=load, path=FRE0520_H4F045FWF01_F6570_FUY6800407_T_250.961264_836.132171_0153560_0269834_20260827_202836.jpg
09:08:03.489 [MainThread] DEBUG    >>> _abort_hq | old_token=656, active_hq=0
09:08:03.489 [MainThread] DEBUG    >>> load_image | token=91, path=FRE0520_H4F045FWF01_F6570_FUY6800407_T_250.961264_836.132171_0153560_0269834_20260827_202836.jpg, has_image=True, active_threads=0, hq_threads=0
09:08:03.493 [Dummy-161 ] DEBUG        [Thread-91] ImageLoad.start | path=FRE0520_H4F045FWF01_F6570_FUY6800407_T_250.961264_836.132171_0153560_0269834_20260827_202836.jpg
09:08:03.589 [Dummy-161 ] DEBUG        [Thread-91] ImageLoad.success | size=2447x2047
09:08:03.599 [MainThread] DEBUG    >>> _handle_image_loaded | token=91, current_token=91, path=FRE0520_H4F045FWF01_F6570_FUY6800407_T_250.961264_836.132171_0153560_0269834_20260827_202836.jpg, has_error=False, image_valid=True
09:08:03.601 [MainThread] DEBUG    >>> _abort_hq | old_token=657, active_hq=0
09:08:03.601 [MainThread] DEBUG        [_handle_image_loaded] action=create_pixmap, size=2447x2047
09:08:03.601 [MainThread] DEBUG        [_handle_image_loaded] action=fit_to_window
09:08:03.601 [MainThread] DEBUG    >>> _abort_hq | old_token=658, active_hq=0
09:08:03.738 [MainThread] DEBUG    >>> _start_hq_resize | token=660, target=1056x883, source=2447x2047
09:08:03.740 [Dummy-88  ] DEBUG        [Thread-660] HqResize.start | target=1056x883
09:08:03.888 [Dummy-88  ] DEBUG        [Thread-660] HqResize.success | scale=0.432
09:08:03.888 [Dummy-88  ] DEBUG    >>> _cleanup_hq_thread_early | token=660
09:08:03.888 [MainThread] DEBUG    >>> _handle_hq_resized | token=660, current_token=660, has_error=False, image_valid=True, has_image=True
09:08:03.889 [MainThread] DEBUG        [_handle_hq_resized] action=swap_pixmap, scale=0.4315, size=1056x883
09:08:03.890 [MainThread] DEBUG    >>> _swap_pixmap_preserving_view | old_scale=1.0000, new_scale=0.4315, pixmap_size=1056x883
09:08:03.891 [MainThread] DEBUG        [_swap_pixmap] anchor=(1221.7, 1024.7)
09:08:03.891 [MainThread] DEBUG        [_swap_pixmap] status=success
09:08:06.339 [MainThread] DEBUG    >>> wheelEvent.zoom | factor=1.25
09:08:06.340 [MainThread] DEBUG    >>> _abort_hq | old_token=660, active_hq=0
09:08:06.340 [MainThread] DEBUG    >>> _swap_pixmap_preserving_view | old_scale=0.4315, new_scale=1.0000, pixmap_size=2447x2047
09:08:06.340 [MainThread] DEBUG        [_swap_pixmap] anchor=(1221.7, 1024.7)
09:08:06.342 [MainThread] DEBUG        [_swap_pixmap] status=success
09:08:06.364 [MainThread] DEBUG    >>> wheelEvent.zoom | factor=1.25
09:08:06.364 [MainThread] DEBUG    >>> _abort_hq | old_token=661, active_hq=0
09:08:06.405 [MainThread] DEBUG    >>> wheelEvent.zoom | factor=1.25
09:08:06.406 [MainThread] DEBUG    >>> _abort_hq | old_token=662, active_hq=0
09:08:06.436 [MainThread] DEBUG    >>> wheelEvent.zoom | factor=1.25
09:08:06.436 [MainThread] DEBUG    >>> _abort_hq | old_token=663, active_hq=0
09:08:07.651 [MainThread] DEBUG    >>> wheelEvent.zoom | factor=1.25
09:08:07.651 [MainThread] DEBUG    >>> _abort_hq | old_token=664, active_hq=0
09:08:46.884 [MainThread] DEBUG    >>> classify | key=B, enforce_focus=True, move_in_progress=False, has_session=True
09:08:46.885 [MainThread] DEBUG        [classify] action=start_move, current_image=FRE0520_H4F045FWF01_F6570_FUY6800407_T_250.961264_836.132171_0153560_0269834_20260827_202836.jpg
09:08:46.909 [MainThread] DEBUG    >>> _handle_classify_finished | has_record=True, has_error=False, record_key=B, record_category=BM_BK
09:08:46.910 [MainThread] DEBUG        [_handle_classify_finished] action=sync_after_session_change
09:08:46.913 [MainThread] DEBUG    >>> _load_current_image | current=FRE0540_H4F045FWF01_F6570_FUY6801119_T_-972.941327_-467.762234_0153560_0069094_20260827_083814.jpg, previous=FRE0520_H4F045FWF01_F6570_FUY6800407_T_250.961264_836.132171_0153560_0269834_20260827_202836.jpg
09:08:46.913 [MainThread] DEBUG        [_load_current_image] action=load, path=FRE0540_H4F045FWF01_F6570_FUY6801119_T_-972.941327_-467.762234_0153560_0069094_20260827_083814.jpg
09:08:46.913 [MainThread] DEBUG    >>> _abort_hq | old_token=665, active_hq=0
09:08:46.914 [MainThread] DEBUG    >>> load_image | token=92, path=FRE0540_H4F045FWF01_F6570_FUY6801119_T_-972.941327_-467.762234_0153560_0069094_20260827_083814.jpg, has_image=True, active_threads=0, hq_threads=0
09:08:46.920 [Dummy-108 ] DEBUG        [Thread-92] ImageLoad.start | path=FRE0540_H4F045FWF01_F6570_FUY6801119_T_-972.941327_-467.762234_0153560_0069094_20260827_083814.jpg
09:08:47.023 [Dummy-108 ] DEBUG        [Thread-92] ImageLoad.success | size=2447x2047
09:08:47.032 [MainThread] DEBUG    >>> _handle_image_loaded | token=92, current_token=92, path=FRE0540_H4F045FWF01_F6570_FUY6801119_T_-972.941327_-467.762234_0153560_0069094_20260827_083814.jpg, has_error=False, image_valid=True
09:08:47.032 [MainThread] DEBUG    >>> _abort_hq | old_token=666, active_hq=0
09:08:47.032 [MainThread] DEBUG        [_handle_image_loaded] action=create_pixmap, size=2447x2047
09:08:47.034 [MainThread] DEBUG        [_handle_image_loaded] action=fit_to_window
09:08:47.034 [MainThread] DEBUG    >>> _abort_hq | old_token=667, active_hq=0
09:08:47.041 [MainThread] DEBUG    >>> _abort_hq | old_token=668, active_hq=0
09:08:47.174 [MainThread] DEBUG    >>> _start_hq_resize | token=670, target=1056x883, source=2447x2047
09:08:47.175 [Dummy-114 ] DEBUG        [Thread-670] HqResize.start | target=1056x883
09:08:47.322 [Dummy-114 ] DEBUG        [Thread-670] HqResize.success | scale=0.432
09:08:47.323 [Dummy-114 ] DEBUG    >>> _cleanup_hq_thread_early | token=670
09:08:47.323 [MainThread] DEBUG    >>> _handle_hq_resized | token=670, current_token=670, has_error=False, image_valid=True, has_image=True
09:08:47.323 [MainThread] DEBUG        [_handle_hq_resized] action=swap_pixmap, scale=0.4315, size=1056x883
09:08:47.325 [MainThread] DEBUG    >>> _swap_pixmap_preserving_view | old_scale=1.0000, new_scale=0.4315, pixmap_size=1056x883
09:08:47.325 [MainThread] DEBUG        [_swap_pixmap] anchor=(1221.7, 1024.7)
09:08:47.325 [MainThread] DEBUG        [_swap_pixmap] status=success
09:08:48.107 [MainThread] DEBUG    >>> classify | key=B, enforce_focus=True, move_in_progress=False, has_session=True
09:08:48.107 [MainThread] DEBUG        [classify] action=start_move, current_image=FRE0540_H4F045FWF01_F6570_FUY6801119_T_-972.941327_-467.762234_0153560_0069094_20260827_083814.jpg
09:08:48.114 [MainThread] DEBUG    >>> _handle_classify_finished | has_record=True, has_error=False, record_key=B, record_category=BM_BK
09:08:48.114 [MainThread] DEBUG        [_handle_classify_finished] action=sync_after_session_change
09:08:48.115 [MainThread] DEBUG    >>> _load_current_image | current=FRE0810_H4F069HDF04_F6570_FUJ6811303_T_733.021682_-1176.238064_0160189_0269834_20260905_082939.jpg, previous=FRE0540_H4F045FWF01_F6570_FUY6801119_T_-972.941327_-467.762234_0153560_0069094_20260827_083814.jpg
09:08:48.115 [MainThread] DEBUG        [_load_current_image] action=load, path=FRE0810_H4F069HDF04_F6570_FUJ6811303_T_733.021682_-1176.238064_0160189_0269834_20260905_082939.jpg
09:08:48.115 [MainThread] DEBUG    >>> _abort_hq | old_token=670, active_hq=0
09:08:48.115 [MainThread] DEBUG    >>> load_image | token=93, path=FRE0810_H4F069HDF04_F6570_FUJ6811303_T_733.021682_-1176.238064_0160189_0269834_20260905_082939.jpg, has_image=True, active_threads=0, hq_threads=0
09:08:48.117 [Dummy-162 ] DEBUG        [Thread-93] ImageLoad.start | path=FRE0810_H4F069HDF04_F6570_FUJ6811303_T_733.021682_-1176.238064_0160189_0269834_20260905_082939.jpg
09:08:48.203 [Dummy-162 ] DEBUG        [Thread-93] ImageLoad.success | size=2447x2047
09:08:48.209 [MainThread] DEBUG    >>> _handle_image_loaded | token=93, current_token=93, path=FRE0810_H4F069HDF04_F6570_FUJ6811303_T_733.021682_-1176.238064_0160189_0269834_20260905_082939.jpg, has_error=False, image_valid=True
09:08:48.212 [MainThread] DEBUG    >>> _abort_hq | old_token=671, active_hq=0
09:08:48.212 [MainThread] DEBUG        [_handle_image_loaded] action=create_pixmap, size=2447x2047
09:08:48.212 [MainThread] DEBUG        [_handle_image_loaded] action=fit_to_window
09:08:48.212 [MainThread] DEBUG    >>> _abort_hq | old_token=672, active_hq=0
09:08:48.367 [MainThread] DEBUG    >>> _start_hq_resize | token=674, target=1056x883, source=2447x2047
09:08:48.370 [Dummy-116 ] DEBUG        [Thread-674] HqResize.start | target=1056x883
09:08:48.532 [Dummy-116 ] DEBUG        [Thread-674] HqResize.success | scale=0.432
09:08:48.532 [Dummy-116 ] DEBUG    >>> _cleanup_hq_thread_early | token=674
09:08:48.532 [MainThread] DEBUG    >>> _handle_hq_resized | token=674, current_token=674, has_error=False, image_valid=True, has_image=True
09:08:48.532 [MainThread] DEBUG        [_handle_hq_resized] action=swap_pixmap, scale=0.4315, size=1056x883
09:08:48.534 [MainThread] DEBUG    >>> _swap_pixmap_preserving_view | old_scale=1.0000, new_scale=0.4315, pixmap_size=1056x883
09:08:48.534 [MainThread] DEBUG        [_swap_pixmap] anchor=(1221.7, 1024.7)
09:08:48.535 [MainThread] DEBUG        [_swap_pixmap] status=success
09:08:49.348 [MainThread] DEBUG    >>> classify | key=B, enforce_focus=True, move_in_progress=False, has_session=True
09:08:49.348 [MainThread] DEBUG        [classify] action=start_move, current_image=FRE0810_H4F069HDF04_F6570_FUJ6811303_T_733.021682_-1176.238064_0160189_0269834_20260905_082939.jpg
09:08:49.353 [MainThread] DEBUG    >>> _handle_classify_finished | has_record=True, has_error=False, record_key=B, record_category=BM_BK
09:08:49.354 [MainThread] DEBUG        [_handle_classify_finished] action=sync_after_session_change
09:08:49.355 [MainThread] DEBUG    >>> _load_current_image | current=FRE0840_H4F067HDF11_F6570_FFE6807117_T_-201.741919_-301.797078_0160189_0269834_20260827_215040.jpg, previous=FRE0810_H4F069HDF04_F6570_FUJ6811303_T_733.021682_-1176.238064_0160189_0269834_20260905_082939.jpg
09:08:49.355 [MainThread] DEBUG        [_load_current_image] action=load, path=FRE0840_H4F067HDF11_F6570_FFE6807117_T_-201.741919_-301.797078_0160189_0269834_20260827_215040.jpg
09:08:49.355 [MainThread] DEBUG    >>> _abort_hq | old_token=674, active_hq=0
09:08:49.355 [MainThread] DEBUG    >>> load_image | token=94, path=FRE0840_H4F067HDF11_F6570_FFE6807117_T_-201.741919_-301.797078_0160189_0269834_20260827_215040.jpg, has_image=True, active_threads=0, hq_threads=0
09:08:49.357 [Dummy-118 ] DEBUG        [Thread-94] ImageLoad.start | path=FRE0840_H4F067HDF11_F6570_FFE6807117_T_-201.741919_-301.797078_0160189_0269834_20260827_215040.jpg
09:08:49.438 [Dummy-118 ] DEBUG        [Thread-94] ImageLoad.success | size=2447x2047
09:08:49.443 [MainThread] DEBUG    >>> _handle_image_loaded | token=94, current_token=94, path=FRE0840_H4F067HDF11_F6570_FFE6807117_T_-201.741919_-301.797078_0160189_0269834_20260827_215040.jpg, has_error=False, image_valid=True
09:08:49.445 [MainThread] DEBUG    >>> _abort_hq | old_token=675, active_hq=0
09:08:49.445 [MainThread] DEBUG        [_handle_image_loaded] action=create_pixmap, size=2447x2047
09:08:49.446 [MainThread] DEBUG        [_handle_image_loaded] action=fit_to_window
09:08:49.446 [MainThread] DEBUG    >>> _abort_hq | old_token=676, active_hq=0
09:08:49.589 [MainThread] DEBUG    >>> _start_hq_resize | token=678, target=1056x883, source=2447x2047
09:08:49.590 [Dummy-119 ] DEBUG        [Thread-678] HqResize.start | target=1056x883
09:08:49.757 [Dummy-119 ] DEBUG        [Thread-678] HqResize.success | scale=0.432
09:08:49.757 [Dummy-119 ] DEBUG    >>> _cleanup_hq_thread_early | token=678
09:08:49.757 [MainThread] DEBUG    >>> _handle_hq_resized | token=678, current_token=678, has_error=False, image_valid=True, has_image=True
09:08:49.757 [MainThread] DEBUG        [_handle_hq_resized] action=swap_pixmap, scale=0.4315, size=1056x883
09:08:49.759 [MainThread] DEBUG    >>> _swap_pixmap_preserving_view | old_scale=1.0000, new_scale=0.4315, pixmap_size=1056x883
09:08:49.759 [MainThread] DEBUG        [_swap_pixmap] anchor=(1221.7, 1024.7)
09:08:49.760 [MainThread] DEBUG        [_swap_pixmap] status=success
09:08:52.147 [MainThread] DEBUG    >>> wheelEvent.zoom | factor=1.25
09:08:52.147 [MainThread] DEBUG    >>> _abort_hq | old_token=678, active_hq=0
09:08:52.147 [MainThread] DEBUG    >>> _swap_pixmap_preserving_view | old_scale=0.4315, new_scale=1.0000, pixmap_size=2447x2047
09:08:52.147 [MainThread] DEBUG        [_swap_pixmap] anchor=(1221.7, 1024.7)
09:08:52.147 [MainThread] DEBUG        [_swap_pixmap] status=success
09:08:52.172 [MainThread] DEBUG    >>> wheelEvent.zoom | factor=1.25
09:08:52.172 [MainThread] DEBUG    >>> _abort_hq | old_token=679, active_hq=0
09:08:52.195 [MainThread] DEBUG    >>> wheelEvent.zoom | factor=1.25
09:08:52.195 [MainThread] DEBUG    >>> _abort_hq | old_token=680, active_hq=0
09:08:52.219 [MainThread] DEBUG    >>> wheelEvent.zoom | factor=1.25
09:08:52.220 [MainThread] DEBUG    >>> _abort_hq | old_token=681, active_hq=0
09:08:52.242 [MainThread] DEBUG    >>> wheelEvent.zoom | factor=1.25
09:08:52.242 [MainThread] DEBUG    >>> _abort_hq | old_token=682, active_hq=0
09:08:52.507 [MainThread] DEBUG    >>> wheelEvent.zoom | factor=1.25
09:08:52.507 [MainThread] DEBUG    >>> _abort_hq | old_token=683, active_hq=0
09:08:52.547 [MainThread] DEBUG    >>> wheelEvent.zoom | factor=1.25
09:08:52.547 [MainThread] DEBUG    >>> _abort_hq | old_token=684, active_hq=0
09:08:55.651 [MainThread] DEBUG    >>> wheelEvent.zoom | factor=0.8
09:08:55.651 [MainThread] DEBUG    >>> _abort_hq | old_token=685, active_hq=0
09:08:55.683 [MainThread] DEBUG    >>> wheelEvent.zoom | factor=0.8
09:08:55.684 [MainThread] DEBUG    >>> _abort_hq | old_token=686, active_hq=0
09:08:55.708 [MainThread] DEBUG    >>> wheelEvent.zoom | factor=0.8
09:08:55.708 [MainThread] DEBUG    >>> _abort_hq | old_token=687, active_hq=0
09:08:55.725 [MainThread] DEBUG    >>> wheelEvent.zoom | factor=0.8
09:08:55.726 [MainThread] DEBUG    >>> _abort_hq | old_token=688, active_hq=0
09:08:55.747 [MainThread] DEBUG    >>> wheelEvent.zoom | factor=0.8
09:08:55.747 [MainThread] DEBUG    >>> _abort_hq | old_token=689, active_hq=0
09:08:55.763 [MainThread] DEBUG    >>> wheelEvent.zoom | factor=0.8
09:08:55.763 [MainThread] DEBUG    >>> _abort_hq | old_token=690, active_hq=0
09:08:55.796 [MainThread] DEBUG    >>> wheelEvent.zoom | factor=0.8
09:08:55.796 [MainThread] DEBUG    >>> _abort_hq | old_token=691, active_hq=0
09:08:55.843 [MainThread] DEBUG    >>> wheelEvent.zoom | factor=0.8
09:08:55.843 [MainThread] DEBUG    >>> _abort_hq | old_token=692, active_hq=0
09:08:56.001 [MainThread] DEBUG    >>> _start_hq_resize | token=694, target=844x706, source=2447x2047
09:08:56.002 [Dummy-163 ] DEBUG        [Thread-694] HqResize.start | target=844x706
09:08:56.152 [Dummy-163 ] DEBUG        [Thread-694] HqResize.success | scale=0.345
09:08:56.153 [Dummy-163 ] DEBUG    >>> _cleanup_hq_thread_early | token=694
09:08:56.153 [MainThread] DEBUG    >>> _handle_hq_resized | token=694, current_token=694, has_error=False, image_valid=True, has_image=True
09:08:56.153 [MainThread] DEBUG        [_handle_hq_resized] action=swap_pixmap, scale=0.3449, size=844x706
09:08:56.154 [MainThread] DEBUG    >>> _swap_pixmap_preserving_view | old_scale=1.0000, new_scale=0.3449, pixmap_size=844x706
09:08:56.155 [MainThread] DEBUG        [_swap_pixmap] anchor=(1222.9, 1025.8)
09:08:56.155 [MainThread] DEBUG        [_swap_pixmap] status=success
09:08:56.516 [MainThread] DEBUG    >>> wheelEvent.zoom | factor=1.25
09:08:56.516 [MainThread] DEBUG    >>> _abort_hq | old_token=694, active_hq=0
09:08:56.516 [MainThread] DEBUG    >>> _swap_pixmap_preserving_view | old_scale=0.3449, new_scale=1.0000, pixmap_size=2447x2047
09:08:56.516 [MainThread] DEBUG        [_swap_pixmap] anchor=(1222.9, 1025.8)
09:08:56.516 [MainThread] DEBUG        [_swap_pixmap] status=success
09:08:56.548 [MainThread] DEBUG    >>> wheelEvent.zoom | factor=1.25
09:08:56.548 [MainThread] DEBUG    >>> _abort_hq | old_token=695, active_hq=0
09:08:56.571 [MainThread] DEBUG    >>> wheelEvent.zoom | factor=1.25
09:08:56.571 [MainThread] DEBUG    >>> _abort_hq | old_token=696, active_hq=0
09:08:56.579 [MainThread] DEBUG    >>> wheelEvent.zoom | factor=1.25
09:08:56.580 [MainThread] DEBUG    >>> _abort_hq | old_token=697, active_hq=0
09:08:56.597 [MainThread] DEBUG    >>> wheelEvent.zoom | factor=1.25
09:08:56.597 [MainThread] DEBUG    >>> _abort_hq | old_token=698, active_hq=0
09:08:56.627 [MainThread] DEBUG    >>> wheelEvent.zoom | factor=1.25
09:08:56.628 [MainThread] DEBUG    >>> _abort_hq | old_token=699, active_hq=0
09:08:57.188 [MainThread] DEBUG    >>> wheelEvent.zoom | factor=0.8
09:08:57.188 [MainThread] DEBUG    >>> _abort_hq | old_token=700, active_hq=0
09:08:57.204 [MainThread] DEBUG    >>> wheelEvent.zoom | factor=0.8
09:08:57.204 [MainThread] DEBUG    >>> _abort_hq | old_token=701, active_hq=0
09:08:57.220 [MainThread] DEBUG    >>> wheelEvent.zoom | factor=0.8
09:08:57.220 [MainThread] DEBUG    >>> _abort_hq | old_token=702, active_hq=0
09:08:57.236 [MainThread] DEBUG    >>> wheelEvent.zoom | factor=0.8
09:08:57.236 [MainThread] DEBUG    >>> _abort_hq | old_token=703, active_hq=0
09:08:57.260 [MainThread] DEBUG    >>> wheelEvent.zoom | factor=0.8
09:08:57.260 [MainThread] DEBUG    >>> _abort_hq | old_token=704, active_hq=0
09:08:57.300 [MainThread] DEBUG    >>> wheelEvent.zoom | factor=0.8
09:08:57.301 [MainThread] DEBUG    >>> _abort_hq | old_token=705, active_hq=0
09:08:57.449 [MainThread] DEBUG    >>> _start_hq_resize | token=707, target=844x706, source=2447x2047
09:08:57.450 [Dummy-164 ] DEBUG        [Thread-707] HqResize.start | target=844x706
09:08:57.591 [Dummy-164 ] DEBUG        [Thread-707] HqResize.success | scale=0.345
09:08:57.591 [Dummy-164 ] DEBUG    >>> _cleanup_hq_thread_early | token=707
09:08:57.592 [MainThread] DEBUG    >>> _handle_hq_resized | token=707, current_token=707, has_error=False, image_valid=True, has_image=True
09:08:57.592 [MainThread] DEBUG        [_handle_hq_resized] action=swap_pixmap, scale=0.3449, size=844x706
09:08:57.594 [MainThread] DEBUG    >>> _swap_pixmap_preserving_view | old_scale=1.0000, new_scale=0.3449, pixmap_size=844x706
09:08:57.594 [MainThread] DEBUG        [_swap_pixmap] anchor=(1222.9, 1025.8)
09:08:57.594 [MainThread] DEBUG        [_swap_pixmap] status=success
09:08:58.847 [MainThread] DEBUG    >>> wheelEvent.zoom | factor=1.25
09:08:58.848 [MainThread] DEBUG    >>> _abort_hq | old_token=707, active_hq=0
09:08:58.848 [MainThread] DEBUG    >>> _swap_pixmap_preserving_view | old_scale=0.3449, new_scale=1.0000, pixmap_size=2447x2047
09:08:58.848 [MainThread] DEBUG        [_swap_pixmap] anchor=(1222.9, 1025.8)
09:08:58.850 [MainThread] DEBUG        [_swap_pixmap] status=success
09:08:58.893 [MainThread] DEBUG    >>> wheelEvent.zoom | factor=1.25
09:08:58.894 [MainThread] DEBUG    >>> _abort_hq | old_token=708, active_hq=0
09:08:58.964 [MainThread] DEBUG    >>> wheelEvent.zoom | factor=1.25
09:08:58.964 [MainThread] DEBUG    >>> _abort_hq | old_token=709, active_hq=0
09:08:59.113 [MainThread] DEBUG    >>> _start_hq_resize | token=711, target=1649x1380, source=2447x2047
09:08:59.114 [Dummy-165 ] DEBUG        [Thread-711] HqResize.start | target=1649x1380
09:08:59.304 [Dummy-165 ] DEBUG        [Thread-711] HqResize.success | scale=0.674
09:08:59.304 [Dummy-165 ] DEBUG    >>> _cleanup_hq_thread_early | token=711
09:08:59.304 [MainThread] DEBUG    >>> _handle_hq_resized | token=711, current_token=711, has_error=False, image_valid=True, has_image=True
09:08:59.304 [MainThread] DEBUG        [_handle_hq_resized] action=swap_pixmap, scale=0.6739, size=1649x1380
09:08:59.309 [MainThread] DEBUG    >>> _swap_pixmap_preserving_view | old_scale=1.0000, new_scale=0.6739, pixmap_size=1649x1380
09:08:59.310 [MainThread] DEBUG        [_swap_pixmap] anchor=(1167.6, 970.3)
09:08:59.312 [MainThread] DEBUG        [_swap_pixmap] status=success
09:09:00.949 [MainThread] DEBUG    >>> classify | key=p, enforce_focus=True, move_in_progress=False, has_session=True
09:09:00.949 [MainThread] DEBUG        [classify] action=start_move, current_image=FRE0840_H4F067HDF11_F6570_FFE6807117_T_-201.741919_-301.797078_0160189_0269834_20260827_215040.jpg
09:09:00.972 [MainThread] DEBUG    >>> _handle_classify_finished | has_record=True, has_error=False, record_key=p, record_category=PR_GE
09:09:00.973 [MainThread] DEBUG        [_handle_classify_finished] action=sync_after_session_change
09:09:00.976 [MainThread] DEBUG    >>> _load_current_image | current=FRE1440_H4F069HDF04_F6570_FUJ6808314_R_-981.037746_925.781967_0160189_0069094_20260904_191105.jpg, previous=FRE0840_H4F067HDF11_F6570_FFE6807117_T_-201.741919_-301.797078_0160189_0269834_20260827_215040.jpg
09:09:00.976 [MainThread] DEBUG        [_load_current_image] action=load, path=FRE1440_H4F069HDF04_F6570_FUJ6808314_R_-981.037746_925.781967_0160189_0069094_20260904_191105.jpg
09:09:00.976 [MainThread] DEBUG    >>> _abort_hq | old_token=711, active_hq=0
09:09:00.977 [MainThread] DEBUG    >>> load_image | token=95, path=FRE1440_H4F069HDF04_F6570_FUJ6808314_R_-981.037746_925.781967_0160189_0069094_20260904_191105.jpg, has_image=True, active_threads=0, hq_threads=0
09:09:00.981 [Dummy-166 ] DEBUG        [Thread-95] ImageLoad.start | path=FRE1440_H4F069HDF04_F6570_FUJ6808314_R_-981.037746_925.781967_0160189_0069094_20260904_191105.jpg
09:09:01.077 [Dummy-166 ] DEBUG        [Thread-95] ImageLoad.success | size=2447x2047
09:09:01.083 [MainThread] DEBUG    >>> _handle_image_loaded | token=95, current_token=95, path=FRE1440_H4F069HDF04_F6570_FUJ6808314_R_-981.037746_925.781967_0160189_0069094_20260904_191105.jpg, has_error=False, image_valid=True
09:09:01.085 [MainThread] DEBUG    >>> _abort_hq | old_token=712, active_hq=0
09:09:01.085 [MainThread] DEBUG        [_handle_image_loaded] action=create_pixmap, size=2447x2047
09:09:01.086 [MainThread] DEBUG        [_handle_image_loaded] action=fit_to_window
09:09:01.086 [MainThread] DEBUG    >>> _abort_hq | old_token=713, active_hq=0
09:09:01.091 [MainThread] DEBUG    >>> _abort_hq | old_token=714, active_hq=0
09:09:01.248 [MainThread] DEBUG    >>> _start_hq_resize | token=716, target=1056x883, source=2447x2047
09:09:01.249 [Dummy-167 ] DEBUG        [Thread-716] HqResize.start | target=1056x883
09:09:01.396 [Dummy-167 ] DEBUG        [Thread-716] HqResize.success | scale=0.432
09:09:01.396 [Dummy-167 ] DEBUG    >>> _cleanup_hq_thread_early | token=716
09:09:01.396 [MainThread] DEBUG    >>> _handle_hq_resized | token=716, current_token=716, has_error=False, image_valid=True, has_image=True
09:09:01.397 [MainThread] DEBUG        [_handle_hq_resized] action=swap_pixmap, scale=0.4315, size=1056x883
09:09:01.399 [MainThread] DEBUG    >>> _swap_pixmap_preserving_view | old_scale=1.0000, new_scale=0.4315, pixmap_size=1056x883
09:09:01.399 [MainThread] DEBUG        [_swap_pixmap] anchor=(1221.7, 1024.7)
09:09:01.399 [MainThread] DEBUG        [_swap_pixmap] status=success
09:09:03.932 [MainThread] DEBUG    >>> classify | key=B, enforce_focus=True, move_in_progress=False, has_session=True
09:09:03.932 [MainThread] DEBUG        [classify] action=start_move, current_image=FRE1440_H4F069HDF04_F6570_FUJ6808314_R_-981.037746_925.781967_0160189_0069094_20260904_191105.jpg
09:09:03.948 [MainThread] DEBUG    >>> _handle_classify_finished | has_record=True, has_error=False, record_key=B, record_category=BM_BK
09:09:03.949 [MainThread] DEBUG        [_handle_classify_finished] action=sync_after_session_change
09:09:03.949 [MainThread] DEBUG    >>> _load_current_image | current=None, previous=FRE1440_H4F069HDF04_F6570_FUJ6808314_R_-981.037746_925.781967_0160189_0069094_20260904_191105.jpg
09:09:03.950 [MainThread] DEBUG    >>> _abort_hq | old_token=716, active_hq=0
09:09:09.699 [MainThread] DEBUG    >>> _load_current_image | current=FRE0210_H4F270FDF10_F6570_FLV6800937_T_-937.034190_1056.695194_0194923_0245744_20260826_015940.jpg, previous=None
09:09:09.699 [MainThread] DEBUG        [_load_current_image] action=load, path=FRE0210_H4F270FDF10_F6570_FLV6800937_T_-937.034190_1056.695194_0194923_0245744_20260826_015940.jpg
09:09:09.699 [MainThread] DEBUG    >>> _abort_hq | old_token=717, active_hq=0
09:09:09.699 [MainThread] DEBUG    >>> load_image | token=97, path=FRE0210_H4F270FDF10_F6570_FLV6800937_T_-937.034190_1056.695194_0194923_0245744_20260826_015940.jpg, has_image=False, active_threads=0, hq_threads=0
09:09:09.701 [Dummy-168 ] DEBUG        [Thread-97] ImageLoad.start | path=FRE0210_H4F270FDF10_F6570_FLV6800937_T_-937.034190_1056.695194_0194923_0245744_20260826_015940.jpg
09:09:09.779 [Dummy-168 ] DEBUG        [Thread-97] ImageLoad.success | size=2447x2047
09:09:09.784 [MainThread] DEBUG    >>> _handle_image_loaded | token=97, current_token=97, path=FRE0210_H4F270FDF10_F6570_FLV6800937_T_-937.034190_1056.695194_0194923_0245744_20260826_015940.jpg, has_error=False, image_valid=True
09:09:09.784 [MainThread] DEBUG    >>> _abort_hq | old_token=718, active_hq=0
09:09:09.784 [MainThread] DEBUG        [_handle_image_loaded] action=create_pixmap, size=2447x2047
09:09:09.785 [MainThread] DEBUG        [_handle_image_loaded] action=fit_to_window
09:09:09.785 [MainThread] DEBUG    >>> _abort_hq | old_token=719, active_hq=0
09:09:09.924 [MainThread] DEBUG    >>> _start_hq_resize | token=721, target=1056x883, source=2447x2047
09:09:09.925 [Dummy-169 ] DEBUG        [Thread-721] HqResize.start | target=1056x883
09:09:10.074 [Dummy-169 ] DEBUG        [Thread-721] HqResize.success | scale=0.432
09:09:10.075 [Dummy-169 ] DEBUG    >>> _cleanup_hq_thread_early | token=721
09:09:10.075 [MainThread] DEBUG    >>> _handle_hq_resized | token=721, current_token=721, has_error=False, image_valid=True, has_image=True
09:09:10.075 [MainThread] DEBUG        [_handle_hq_resized] action=swap_pixmap, scale=0.4315, size=1056x883
09:09:10.077 [MainThread] DEBUG    >>> _swap_pixmap_preserving_view | old_scale=1.0000, new_scale=0.4315, pixmap_size=1056x883
09:09:10.078 [MainThread] DEBUG        [_swap_pixmap] anchor=(1221.7, 1024.7)
09:09:10.078 [MainThread] DEBUG        [_swap_pixmap] status=success
09:09:24.355 [MainThread] DEBUG    >>> wheelEvent.zoom | factor=1.25
09:09:24.355 [MainThread] DEBUG    >>> _abort_hq | old_token=721, active_hq=0
09:09:24.355 [MainThread] DEBUG    >>> _swap_pixmap_preserving_view | old_scale=0.4315, new_scale=1.0000, pixmap_size=2447x2047
09:09:24.355 [MainThread] DEBUG        [_swap_pixmap] anchor=(1221.7, 1024.7)
09:09:24.356 [MainThread] DEBUG        [_swap_pixmap] status=success
09:09:24.404 [MainThread] DEBUG    >>> wheelEvent.zoom | factor=1.25
09:09:24.404 [MainThread] DEBUG    >>> _abort_hq | old_token=722, active_hq=0
09:09:24.452 [MainThread] DEBUG    >>> wheelEvent.zoom | factor=1.25
09:09:24.452 [MainThread] DEBUG    >>> _abort_hq | old_token=723, active_hq=0
09:09:24.598 [MainThread] DEBUG    >>> _start_hq_resize | token=725, target=2062x1725, source=2447x2047
09:09:24.600 [Dummy-170 ] DEBUG        [Thread-725] HqResize.start | target=2062x1725
09:09:24.832 [Dummy-170 ] DEBUG        [Thread-725] HqResize.success | scale=0.843
09:09:24.832 [Dummy-170 ] DEBUG    >>> _cleanup_hq_thread_early | token=725
09:09:24.832 [MainThread] DEBUG    >>> _handle_hq_resized | token=725, current_token=725, has_error=False, image_valid=True, has_image=True
09:09:24.832 [MainThread] DEBUG        [_handle_hq_resized] action=swap_pixmap, scale=0.8427, size=2062x1725
09:09:24.839 [MainThread] DEBUG    >>> _swap_pixmap_preserving_view | old_scale=1.0000, new_scale=0.8427, pixmap_size=2062x1725
09:09:24.839 [MainThread] DEBUG        [_swap_pixmap] anchor=(1516.9, 1005.3)
09:09:24.840 [MainThread] DEBUG        [_swap_pixmap] status=success
09:11:53.059 [MainThread] DEBUG    >>> wheelEvent.navigation | delta=120, direction=prev
09:11:53.059 [MainThread] DEBUG    >>> _abort_hq | old_token=725, active_hq=0
09:11:53.059 [MainThread] DEBUG    >>> _load_current_image | current=FRE0210_H4F270FDF10_F6570_FLV6800937_T_-937.034190_1056.695194_0194923_0245744_20260826_015940.jpg, previous=FRE0210_H4F270FDF10_F6570_FLV6800937_T_-937.034190_1056.695194_0194923_0245744_20260826_015940.jpg
09:11:53.059 [MainThread] DEBUG        [_load_current_image] action=skip, reason=already_loaded
09:11:53.123 [MainThread] DEBUG    >>> wheelEvent.navigation | delta=120, direction=prev
09:11:53.123 [MainThread] DEBUG    >>> _abort_hq | old_token=726, active_hq=0
09:11:53.123 [MainThread] DEBUG    >>> _load_current_image | current=FRE0210_H4F270FDF10_F6570_FLV6800937_T_-937.034190_1056.695194_0194923_0245744_20260826_015940.jpg, previous=FRE0210_H4F270FDF10_F6570_FLV6800937_T_-937.034190_1056.695194_0194923_0245744_20260826_015940.jpg
09:11:53.123 [MainThread] DEBUG        [_load_current_image] action=skip, reason=already_loaded
09:11:53.163 [MainThread] DEBUG    >>> wheelEvent.navigation | delta=120, direction=prev
09:11:53.163 [MainThread] DEBUG    >>> _abort_hq | old_token=727, active_hq=0
09:11:53.163 [MainThread] DEBUG    >>> _load_current_image | current=FRE0210_H4F270FDF10_F6570_FLV6800937_T_-937.034190_1056.695194_0194923_0245744_20260826_015940.jpg, previous=FRE0210_H4F270FDF10_F6570_FLV6800937_T_-937.034190_1056.695194_0194923_0245744_20260826_015940.jpg
09:11:53.163 [MainThread] DEBUG        [_load_current_image] action=skip, reason=already_loaded
09:11:53.187 [MainThread] DEBUG    >>> wheelEvent.navigation | delta=120, direction=prev
09:11:53.187 [MainThread] DEBUG    >>> _abort_hq | old_token=728, active_hq=0
09:11:53.187 [MainThread] DEBUG    >>> _load_current_image | current=FRE0210_H4F270FDF10_F6570_FLV6800937_T_-937.034190_1056.695194_0194923_0245744_20260826_015940.jpg, previous=FRE0210_H4F270FDF10_F6570_FLV6800937_T_-937.034190_1056.695194_0194923_0245744_20260826_015940.jpg
09:11:53.187 [MainThread] DEBUG        [_load_current_image] action=skip, reason=already_loaded
09:11:53.227 [MainThread] DEBUG    >>> wheelEvent.navigation | delta=120, direction=prev
09:11:53.227 [MainThread] DEBUG    >>> _abort_hq | old_token=729, active_hq=0
09:11:53.227 [MainThread] DEBUG    >>> _load_current_image | current=FRE0210_H4F270FDF10_F6570_FLV6800937_T_-937.034190_1056.695194_0194923_0245744_20260826_015940.jpg, previous=FRE0210_H4F270FDF10_F6570_FLV6800937_T_-937.034190_1056.695194_0194923_0245744_20260826_015940.jpg
09:11:53.227 [MainThread] DEBUG        [_load_current_image] action=skip, reason=already_loaded
09:11:53.299 [MainThread] DEBUG    >>> wheelEvent.navigation | delta=120, direction=prev
09:11:53.299 [MainThread] DEBUG    >>> _abort_hq | old_token=730, active_hq=0
09:11:53.299 [MainThread] DEBUG    >>> _load_current_image | current=FRE0210_H4F270FDF10_F6570_FLV6800937_T_-937.034190_1056.695194_0194923_0245744_20260826_015940.jpg, previous=FRE0210_H4F270FDF10_F6570_FLV6800937_T_-937.034190_1056.695194_0194923_0245744_20260826_015940.jpg
09:11:53.299 [MainThread] DEBUG        [_load_current_image] action=skip, reason=already_loaded
09:11:53.859 [MainThread] DEBUG    >>> wheelEvent.navigation | delta=120, direction=prev
09:11:53.859 [MainThread] DEBUG    >>> _abort_hq | old_token=731, active_hq=0
09:11:53.860 [MainThread] DEBUG    >>> _load_current_image | current=FRE0210_H4F270FDF10_F6570_FLV6800937_T_-937.034190_1056.695194_0194923_0245744_20260826_015940.jpg, previous=FRE0210_H4F270FDF10_F6570_FLV6800937_T_-937.034190_1056.695194_0194923_0245744_20260826_015940.jpg
09:11:53.860 [MainThread] DEBUG        [_load_current_image] action=skip, reason=already_loaded
09:11:53.930 [MainThread] DEBUG    >>> wheelEvent.navigation | delta=120, direction=prev
09:11:53.930 [MainThread] DEBUG    >>> _abort_hq | old_token=732, active_hq=0
09:11:53.931 [MainThread] DEBUG    >>> _load_current_image | current=FRE0210_H4F270FDF10_F6570_FLV6800937_T_-937.034190_1056.695194_0194923_0245744_20260826_015940.jpg, previous=FRE0210_H4F270FDF10_F6570_FLV6800937_T_-937.034190_1056.695194_0194923_0245744_20260826_015940.jpg
09:11:53.931 [MainThread] DEBUG        [_load_current_image] action=skip, reason=already_loaded
09:11:53.995 [MainThread] DEBUG    >>> wheelEvent.navigation | delta=120, direction=prev
09:11:53.995 [MainThread] DEBUG    >>> _abort_hq | old_token=733, active_hq=0
09:11:53.995 [MainThread] DEBUG    >>> _load_current_image | current=FRE0210_H4F270FDF10_F6570_FLV6800937_T_-937.034190_1056.695194_0194923_0245744_20260826_015940.jpg, previous=FRE0210_H4F270FDF10_F6570_FLV6800937_T_-937.034190_1056.695194_0194923_0245744_20260826_015940.jpg
09:11:53.995 [MainThread] DEBUG        [_load_current_image] action=skip, reason=already_loaded
09:11:54.219 [MainThread] DEBUG    >>> wheelEvent.navigation | delta=-120, direction=next
09:11:54.219 [MainThread] DEBUG    >>> _abort_hq | old_token=734, active_hq=0
09:11:54.219 [MainThread] DEBUG    >>> next_image | current=0, requested=0, total=1
09:11:54.219 [MainThread] DEBUG    >>> _load_current_image | current=FRE0210_H4F270FDF10_F6570_FLV6800937_T_-937.034190_1056.695194_0194923_0245744_20260826_015940.jpg, previous=FRE0210_H4F270FDF10_F6570_FLV6800937_T_-937.034190_1056.695194_0194923_0245744_20260826_015940.jpg
09:11:54.219 [MainThread] DEBUG        [_load_current_image] action=skip, reason=already_loaded
09:11:54.258 [MainThread] DEBUG    >>> wheelEvent.navigation | delta=-120, direction=next
09:11:54.258 [MainThread] DEBUG    >>> _abort_hq | old_token=735, active_hq=0
09:11:54.258 [MainThread] DEBUG    >>> next_image | current=0, requested=0, total=1
09:11:54.259 [MainThread] DEBUG    >>> _load_current_image | current=FRE0210_H4F270FDF10_F6570_FLV6800937_T_-937.034190_1056.695194_0194923_0245744_20260826_015940.jpg, previous=FRE0210_H4F270FDF10_F6570_FLV6800937_T_-937.034190_1056.695194_0194923_0245744_20260826_015940.jpg
09:11:54.259 [MainThread] DEBUG        [_load_current_image] action=skip, reason=already_loaded
09:11:54.291 [MainThread] DEBUG    >>> wheelEvent.navigation | delta=-120, direction=next
09:11:54.291 [MainThread] DEBUG    >>> _abort_hq | old_token=736, active_hq=0
09:11:54.291 [MainThread] DEBUG    >>> next_image | current=0, requested=0, total=1
09:11:54.291 [MainThread] DEBUG    >>> _load_current_image | current=FRE0210_H4F270FDF10_F6570_FLV6800937_T_-937.034190_1056.695194_0194923_0245744_20260826_015940.jpg, previous=FRE0210_H4F270FDF10_F6570_FLV6800937_T_-937.034190_1056.695194_0194923_0245744_20260826_015940.jpg
09:11:54.291 [MainThread] DEBUG        [_load_current_image] action=skip, reason=already_loaded
09:11:54.347 [MainThread] DEBUG    >>> wheelEvent.navigation | delta=-120, direction=next
09:11:54.347 [MainThread] DEBUG    >>> _abort_hq | old_token=737, active_hq=0
09:11:54.347 [MainThread] DEBUG    >>> next_image | current=0, requested=0, total=1
09:11:54.347 [MainThread] DEBUG    >>> _load_current_image | current=FRE0210_H4F270FDF10_F6570_FLV6800937_T_-937.034190_1056.695194_0194923_0245744_20260826_015940.jpg, previous=FRE0210_H4F270FDF10_F6570_FLV6800937_T_-937.034190_1056.695194_0194923_0245744_20260826_015940.jpg
09:11:54.347 [MainThread] DEBUG        [_load_current_image] action=skip, reason=already_loaded
09:11:54.403 [MainThread] DEBUG    >>> wheelEvent.navigation | delta=-120, direction=next
09:11:54.403 [MainThread] DEBUG    >>> _abort_hq | old_token=738, active_hq=0
09:11:54.403 [MainThread] DEBUG    >>> next_image | current=0, requested=0, total=1
09:11:54.403 [MainThread] DEBUG    >>> _load_current_image | current=FRE0210_H4F270FDF10_F6570_FLV6800937_T_-937.034190_1056.695194_0194923_0245744_20260826_015940.jpg, previous=FRE0210_H4F270FDF10_F6570_FLV6800937_T_-937.034190_1056.695194_0194923_0245744_20260826_015940.jpg
09:11:54.403 [MainThread] DEBUG        [_load_current_image] action=skip, reason=already_loaded
09:11:56.955 [MainThread] DEBUG    >>> wheelEvent.zoom | factor=0.8
09:11:56.955 [MainThread] DEBUG    >>> _abort_hq | old_token=739, active_hq=0
09:11:56.955 [MainThread] DEBUG    >>> _swap_pixmap_preserving_view | old_scale=0.8427, new_scale=1.0000, pixmap_size=2447x2047
09:11:56.956 [MainThread] DEBUG        [_swap_pixmap] anchor=(1540.6, 746.6)
09:11:56.958 [MainThread] DEBUG        [_swap_pixmap] status=success
09:11:56.979 [MainThread] DEBUG    >>> wheelEvent.zoom | factor=0.8
09:11:56.979 [MainThread] DEBUG    >>> _abort_hq | old_token=740, active_hq=0
09:11:57.003 [MainThread] DEBUG    >>> wheelEvent.zoom | factor=0.8
09:11:57.003 [MainThread] DEBUG    >>> _abort_hq | old_token=741, active_hq=0
09:11:57.027 [MainThread] DEBUG    >>> wheelEvent.zoom | factor=0.8
09:11:57.027 [MainThread] DEBUG    >>> _abort_hq | old_token=742, active_hq=0
09:11:57.091 [MainThread] DEBUG    >>> wheelEvent.zoom | factor=0.8
09:11:57.091 [MainThread] DEBUG    >>> _abort_hq | old_token=743, active_hq=0
09:11:57.242 [MainThread] DEBUG    >>> _start_hq_resize | token=745, target=676x565, source=2447x2047
09:11:57.243 [Dummy-171 ] DEBUG        [Thread-745] HqResize.start | target=676x565
09:11:57.275 [MainThread] DEBUG    >>> wheelEvent.zoom | factor=1.25
09:11:57.276 [MainThread] DEBUG    >>> _abort_hq | old_token=745, active_hq=1
09:11:57.308 [MainThread] DEBUG    >>> wheelEvent.zoom | factor=1.25
09:11:57.308 [MainThread] DEBUG    >>> _abort_hq | old_token=746, active_hq=1
09:11:57.315 [MainThread] DEBUG    >>> wheelEvent.zoom | factor=1.25
09:11:57.315 [MainThread] DEBUG    >>> _abort_hq | old_token=747, active_hq=1
09:11:57.340 [MainThread] DEBUG    >>> wheelEvent.zoom | factor=1.25
09:11:57.341 [MainThread] DEBUG    >>> _abort_hq | old_token=748, active_hq=1
09:11:57.373 [MainThread] DEBUG    >>> wheelEvent.zoom | factor=1.25
09:11:57.374 [MainThread] DEBUG    >>> _abort_hq | old_token=749, active_hq=1
09:11:57.382 [Dummy-171 ] DEBUG        [Thread-745] HqResize.cancelled_late | 
09:11:57.384 [MainThread] DEBUG    >>> _handle_hq_resized | token=745, current_token=750, has_error=True, image_valid=False, has_image=True
09:11:57.384 [MainThread] DEBUG        [_handle_hq_resized] action=ignore, reason=token_mismatch
09:11:57.515 [MainThread] WARNING  ⚠️  Found deleted C++ QObject in _hq_threads (cleaned up) | token=745
09:11:57.522 [MainThread] DEBUG    >>> _start_hq_resize | token=751, target=2062x1725, source=2447x2047
09:11:57.523 [Dummy-172 ] DEBUG        [Thread-751] HqResize.start | target=2062x1725
09:11:57.571 [MainThread] DEBUG    >>> wheelEvent.zoom | factor=1.25
09:11:57.571 [MainThread] DEBUG    >>> _abort_hq | old_token=751, active_hq=1
09:11:57.587 [MainThread] DEBUG    >>> wheelEvent.zoom | factor=1.25
09:11:57.587 [MainThread] DEBUG    >>> _abort_hq | old_token=752, active_hq=1
09:11:57.603 [MainThread] DEBUG    >>> wheelEvent.zoom | factor=1.25
09:11:57.603 [MainThread] DEBUG    >>> _abort_hq | old_token=753, active_hq=1
09:11:57.628 [MainThread] DEBUG    >>> wheelEvent.zoom | factor=1.25
09:11:57.628 [MainThread] DEBUG    >>> _abort_hq | old_token=754, active_hq=1
09:11:57.764 [MainThread] DEBUG        [_start_hq_resize] action=skip, reason=thread_running
09:11:57.765 [Dummy-172 ] DEBUG        [Thread-751] HqResize.cancelled_late | 
09:11:57.765 [MainThread] DEBUG    >>> _handle_hq_resized | token=751, current_token=755, has_error=True, image_valid=False, has_image=True
09:11:57.765 [MainThread] DEBUG        [_handle_hq_resized] action=ignore, reason=token_mismatch
09:12:02.267 [MainThread] DEBUG    >>> wheelEvent.zoom | factor=0.8
09:12:02.268 [MainThread] DEBUG    >>> _abort_hq | old_token=755, active_hq=1
09:12:02.268 [MainThread] WARNING  ⚠️  Found deleted C++ QObject in _hq_threads (cleaned up) | token=751
09:12:02.307 [MainThread] DEBUG    >>> wheelEvent.zoom | factor=0.8
09:12:02.307 [MainThread] DEBUG    >>> _abort_hq | old_token=756, active_hq=0
09:12:02.363 [MainThread] DEBUG    >>> wheelEvent.zoom | factor=0.8
09:12:02.364 [MainThread] DEBUG    >>> _abort_hq | old_token=757, active_hq=0
09:12:02.676 [MainThread] DEBUG    >>> wheelEvent.zoom | factor=1.25
09:12:02.676 [MainThread] DEBUG    >>> _abort_hq | old_token=758, active_hq=0
09:12:02.716 [MainThread] DEBUG    >>> wheelEvent.zoom | factor=1.25
09:12:02.717 [MainThread] DEBUG    >>> _abort_hq | old_token=759, active_hq=0
09:12:02.757 [MainThread] DEBUG    >>> wheelEvent.zoom | factor=1.25
09:12:02.758 [MainThread] DEBUG    >>> _abort_hq | old_token=760, active_hq=0
09:12:04.315 [MainThread] DEBUG    >>> wheelEvent.zoom | factor=0.8
09:12:04.315 [MainThread] DEBUG    >>> _abort_hq | old_token=761, active_hq=0
09:12:04.354 [MainThread] DEBUG    >>> wheelEvent.zoom | factor=0.8
09:12:04.355 [MainThread] DEBUG    >>> _abort_hq | old_token=762, active_hq=0
09:12:04.731 [MainThread] DEBUG    >>> wheelEvent.zoom | factor=1.25
09:12:04.731 [MainThread] DEBUG    >>> _abort_hq | old_token=763, active_hq=0
09:12:04.851 [MainThread] DEBUG    >>> wheelEvent.zoom | factor=1.25
09:12:04.851 [MainThread] DEBUG    >>> _abort_hq | old_token=764, active_hq=0
09:12:05.786 [MainThread] DEBUG    >>> wheelEvent.zoom | factor=1.25
09:12:05.786 [MainThread] DEBUG    >>> _abort_hq | old_token=765, active_hq=0
09:12:05.795 [MainThread] DEBUG    >>> wheelEvent.zoom | factor=1.25
09:12:05.795 [MainThread] DEBUG    >>> _abort_hq | old_token=766, active_hq=0
09:12:05.819 [MainThread] DEBUG    >>> wheelEvent.zoom | factor=1.25
09:12:05.819 [MainThread] DEBUG    >>> _abort_hq | old_token=767, active_hq=0
09:12:05.850 [MainThread] DEBUG    >>> wheelEvent.zoom | factor=1.25
09:12:05.850 [MainThread] DEBUG    >>> _abort_hq | old_token=768, active_hq=0
09:12:06.876 [MainThread] DEBUG    >>> wheelEvent.zoom | factor=0.8
09:12:06.877 [MainThread] DEBUG    >>> _abort_hq | old_token=769, active_hq=0
09:12:06.939 [MainThread] DEBUG    >>> wheelEvent.zoom | factor=0.8
09:12:06.939 [MainThread] DEBUG    >>> _abort_hq | old_token=770, active_hq=0
09:12:06.995 [MainThread] DEBUG    >>> wheelEvent.zoom | factor=0.8
09:12:06.995 [MainThread] DEBUG    >>> _abort_hq | old_token=771, active_hq=0
09:12:07.076 [MainThread] DEBUG    >>> wheelEvent.zoom | factor=0.8
09:12:07.076 [MainThread] DEBUG    >>> _abort_hq | old_token=772, active_hq=0
09:12:07.734 [MainThread] DEBUG    >>> wheelEvent.zoom | factor=1.25
09:12:07.734 [MainThread] DEBUG    >>> _abort_hq | old_token=773, active_hq=0
09:12:07.748 [MainThread] DEBUG    >>> wheelEvent.zoom | factor=1.25
09:12:07.748 [MainThread] DEBUG    >>> _abort_hq | old_token=774, active_hq=0
09:12:07.811 [MainThread] DEBUG    >>> wheelEvent.zoom | factor=1.25
09:12:07.811 [MainThread] DEBUG    >>> _abort_hq | old_token=775, active_hq=0
09:12:12.051 [MainThread] DEBUG    >>> wheelEvent.zoom | factor=0.8
09:12:12.051 [MainThread] DEBUG    >>> _abort_hq | old_token=776, active_hq=0
09:12:12.083 [MainThread] DEBUG    >>> wheelEvent.zoom | factor=0.8
09:12:12.084 [MainThread] DEBUG    >>> _abort_hq | old_token=777, active_hq=0
09:12:12.110 [MainThread] DEBUG    >>> wheelEvent.zoom | factor=0.8
09:12:12.110 [MainThread] DEBUG    >>> _abort_hq | old_token=778, active_hq=0
09:12:12.131 [MainThread] DEBUG    >>> wheelEvent.zoom | factor=0.8
09:12:12.131 [MainThread] DEBUG    >>> _abort_hq | old_token=779, active_hq=0
09:12:12.163 [MainThread] DEBUG    >>> wheelEvent.zoom | factor=0.8
09:12:12.163 [MainThread] DEBUG    >>> _abort_hq | old_token=780, active_hq=0
09:12:12.475 [MainThread] DEBUG    >>> wheelEvent.zoom | factor=0.8
09:12:12.476 [MainThread] DEBUG    >>> _abort_hq | old_token=781, active_hq=0
09:12:12.491 [MainThread] DEBUG    >>> wheelEvent.zoom | factor=0.8
09:12:12.492 [MainThread] DEBUG    >>> _abort_hq | old_token=782, active_hq=0
09:12:12.518 [MainThread] DEBUG    >>> wheelEvent.zoom | factor=0.8
09:12:12.519 [MainThread] DEBUG    >>> _abort_hq | old_token=783, active_hq=0
09:12:12.547 [MainThread] DEBUG    >>> wheelEvent.zoom | factor=0.8
09:12:12.547 [MainThread] DEBUG    >>> _abort_hq | old_token=784, active_hq=0
09:12:12.699 [MainThread] DEBUG    >>> _start_hq_resize | token=786, target=1319x1104, source=2447x2047
09:12:12.703 [Dummy-173 ] DEBUG        [Thread-786] HqResize.start | target=1319x1104
09:12:12.795 [MainThread] DEBUG    >>> wheelEvent.zoom | factor=0.8
09:12:12.795 [MainThread] DEBUG    >>> _abort_hq | old_token=786, active_hq=1
09:12:12.811 [MainThread] DEBUG    >>> wheelEvent.zoom | factor=0.8
09:12:12.811 [MainThread] DEBUG    >>> _abort_hq | old_token=787, active_hq=1
09:12:12.827 [MainThread] DEBUG    >>> wheelEvent.zoom | factor=0.8
09:12:12.827 [MainThread] DEBUG    >>> _abort_hq | old_token=788, active_hq=1
09:12:12.867 [MainThread] DEBUG    >>> wheelEvent.zoom | factor=0.8
09:12:12.867 [MainThread] DEBUG    >>> _abort_hq | old_token=789, active_hq=1
09:12:12.907 [Dummy-173 ] DEBUG        [Thread-786] HqResize.cancelled_late | 
09:12:12.908 [MainThread] DEBUG    >>> _handle_hq_resized | token=786, current_token=790, has_error=True, image_valid=False, has_image=True
09:12:12.908 [MainThread] DEBUG        [_handle_hq_resized] action=ignore, reason=token_mismatch
09:12:13.001 [MainThread] WARNING  ⚠️  Found deleted C++ QObject in _hq_threads (cleaned up) | token=786
09:12:13.015 [MainThread] DEBUG    >>> _start_hq_resize | token=791, target=540x452, source=2447x2047
09:12:13.019 [Dummy-87  ] DEBUG        [Thread-791] HqResize.start | target=540x452
09:12:13.153 [Dummy-87  ] DEBUG        [Thread-791] HqResize.success | scale=0.221
09:12:13.153 [Dummy-87  ] DEBUG    >>> _cleanup_hq_thread_early | token=791
09:12:13.154 [MainThread] DEBUG    >>> _handle_hq_resized | token=791, current_token=791, has_error=False, image_valid=True, has_image=True
09:12:13.154 [MainThread] DEBUG        [_handle_hq_resized] action=swap_pixmap, scale=0.2207, size=540x452
09:12:13.154 [MainThread] DEBUG    >>> _swap_pixmap_preserving_view | old_scale=1.0000, new_scale=0.2207, pixmap_size=540x452
09:12:13.154 [MainThread] DEBUG        [_swap_pixmap] anchor=(1222.5, 1027.8)
09:12:13.154 [MainThread] DEBUG        [_swap_pixmap] status=success
09:12:13.926 [MainThread] DEBUG    >>> wheelEvent.zoom | factor=1.25
09:12:13.926 [MainThread] DEBUG    >>> _abort_hq | old_token=791, active_hq=0
09:12:13.926 [MainThread] DEBUG    >>> _swap_pixmap_preserving_view | old_scale=0.2207, new_scale=1.0000, pixmap_size=2447x2047
09:12:13.927 [MainThread] DEBUG        [_swap_pixmap] anchor=(1222.5, 1027.8)
09:12:13.928 [MainThread] DEBUG        [_swap_pixmap] status=success
09:12:13.996 [MainThread] DEBUG    >>> wheelEvent.zoom | factor=1.25
09:12:13.996 [MainThread] DEBUG    >>> _abort_hq | old_token=792, active_hq=0
09:12:14.074 [MainThread] DEBUG    >>> wheelEvent.zoom | factor=1.25
09:12:14.074 [MainThread] DEBUG    >>> _abort_hq | old_token=793, active_hq=0
09:12:14.155 [MainThread] DEBUG    >>> wheelEvent.zoom | factor=1.25
09:12:14.155 [MainThread] DEBUG    >>> _abort_hq | old_token=794, active_hq=0
09:12:14.304 [MainThread] DEBUG    >>> _start_hq_resize | token=796, target=1319x1104, source=2447x2047
09:12:14.305 [Dummy-161 ] DEBUG        [Thread-796] HqResize.start | target=1319x1104
09:12:14.479 [Dummy-161 ] DEBUG        [Thread-796] HqResize.success | scale=0.539
09:12:14.479 [Dummy-161 ] DEBUG    >>> _cleanup_hq_thread_early | token=796
09:12:14.480 [MainThread] DEBUG    >>> _handle_hq_resized | token=796, current_token=796, has_error=False, image_valid=True, has_image=True
09:12:14.480 [MainThread] DEBUG        [_handle_hq_resized] action=swap_pixmap, scale=0.5390, size=1319x1104
09:12:14.483 [MainThread] DEBUG    >>> _swap_pixmap_preserving_view | old_scale=1.0000, new_scale=0.5390, pixmap_size=1319x1104
09:12:14.484 [MainThread] DEBUG        [_swap_pixmap] anchor=(1229.6, 1059.0)
09:12:14.485 [MainThread] DEBUG        [_swap_pixmap] status=success
09:12:15.179 [MainThread] DEBUG    >>> wheelEvent.zoom | factor=1.25
09:12:15.179 [MainThread] DEBUG    >>> _abort_hq | old_token=796, active_hq=0
09:12:15.179 [MainThread] DEBUG    >>> _swap_pixmap_preserving_view | old_scale=0.5390, new_scale=1.0000, pixmap_size=2447x2047
09:12:15.179 [MainThread] DEBUG        [_swap_pixmap] anchor=(1229.6, 1057.1)
09:12:15.183 [MainThread] DEBUG        [_swap_pixmap] status=success
09:12:15.211 [MainThread] DEBUG    >>> wheelEvent.zoom | factor=1.25
09:12:15.211 [MainThread] DEBUG    >>> _abort_hq | old_token=797, active_hq=0
09:12:15.235 [MainThread] DEBUG    >>> wheelEvent.zoom | factor=1.25
09:12:15.235 [MainThread] DEBUG    >>> _abort_hq | old_token=798, active_hq=0
09:12:15.260 [MainThread] DEBUG    >>> wheelEvent.zoom | factor=1.25
09:12:15.260 [MainThread] DEBUG    >>> _abort_hq | old_token=799, active_hq=0
09:12:15.306 [MainThread] DEBUG    >>> wheelEvent.zoom | factor=1.25
09:12:15.306 [MainThread] DEBUG    >>> _abort_hq | old_token=800, active_hq=0
09:12:17.731 [MainThread] DEBUG    >>> wheelEvent.zoom | factor=1.25
09:12:17.731 [MainThread] DEBUG    >>> _abort_hq | old_token=801, active_hq=0
09:12:17.755 [MainThread] DEBUG    >>> wheelEvent.zoom | factor=1.25
09:12:17.755 [MainThread] DEBUG    >>> _abort_hq | old_token=802, active_hq=0
09:12:17.779 [MainThread] DEBUG    >>> wheelEvent.zoom | factor=1.25
09:12:17.780 [MainThread] DEBUG    >>> _abort_hq | old_token=803, active_hq=0
09:12:17.827 [MainThread] DEBUG    >>> wheelEvent.zoom | factor=1.25
09:12:17.827 [MainThread] DEBUG    >>> _abort_hq | old_token=804, active_hq=0
09:12:24.092 [MainThread] DEBUG    >>> classify | key=>, enforce_focus=True, move_in_progress=False, has_session=True
09:12:24.092 [MainThread] DEBUG        [classify] action=start_move, current_image=FRE0210_H4F270FDF10_F6570_FLV6800937_T_-937.034190_1056.695194_0194923_0245744_20260826_015940.jpg
09:12:24.108 [MainThread] DEBUG    >>> _handle_classify_finished | has_record=True, has_error=False, record_key=>, record_category=可要可不要
09:12:24.108 [MainThread] DEBUG        [_handle_classify_finished] action=sync_after_session_change
09:12:24.109 [MainThread] DEBUG    >>> _load_current_image | current=None, previous=FRE0210_H4F270FDF10_F6570_FLV6800937_T_-937.034190_1056.695194_0194923_0245744_20260826_015940.jpg
09:12:24.109 [MainThread] DEBUG    >>> _abort_hq | old_token=805, active_hq=0
09:12:29.164 [MainThread] DEBUG    >>> _load_current_image | current=FRE0140_H4F065HDF09_F6570_FVJ6801427_T_140.763624_-900.079583_0194923_0160189_20260829_034233.jpg, previous=None
09:12:29.164 [MainThread] DEBUG        [_load_current_image] action=load, path=FRE0140_H4F065HDF09_F6570_FVJ6801427_T_140.763624_-900.079583_0194923_0160189_20260829_034233.jpg
09:12:29.164 [MainThread] DEBUG    >>> _abort_hq | old_token=806, active_hq=0
09:12:29.164 [MainThread] DEBUG    >>> load_image | token=99, path=FRE0140_H4F065HDF09_F6570_FVJ6801427_T_140.763624_-900.079583_0194923_0160189_20260829_034233.jpg, has_image=False, active_threads=0, hq_threads=0
09:12:29.165 [Dummy-174 ] DEBUG        [Thread-99] ImageLoad.start | path=FRE0140_H4F065HDF09_F6570_FVJ6801427_T_140.763624_-900.079583_0194923_0160189_20260829_034233.jpg
09:12:29.239 [Dummy-174 ] DEBUG        [Thread-99] ImageLoad.success | size=2447x2047
09:12:29.255 [MainThread] DEBUG    >>> _handle_image_loaded | token=99, current_token=99, path=FRE0140_H4F065HDF09_F6570_FVJ6801427_T_140.763624_-900.079583_0194923_0160189_20260829_034233.jpg, has_error=False, image_valid=True
09:12:29.255 [MainThread] DEBUG    >>> _abort_hq | old_token=807, active_hq=0
09:12:29.255 [MainThread] DEBUG        [_handle_image_loaded] action=create_pixmap, size=2447x2047
09:12:29.256 [MainThread] DEBUG        [_handle_image_loaded] action=fit_to_window
09:12:29.256 [MainThread] DEBUG    >>> _abort_hq | old_token=808, active_hq=0
09:12:29.268 [MainThread] DEBUG    >>> _abort_hq | old_token=809, active_hq=0
09:12:29.423 [MainThread] DEBUG    >>> _start_hq_resize | token=811, target=1056x883, source=2447x2047
09:12:29.424 [Dummy-175 ] DEBUG        [Thread-811] HqResize.start | target=1056x883
09:12:29.585 [Dummy-175 ] DEBUG        [Thread-811] HqResize.success | scale=0.432
09:12:29.585 [MainThread] DEBUG    >>> _handle_hq_resized | token=811, current_token=811, has_error=False, image_valid=True, has_image=True
09:12:29.585 [Dummy-175 ] DEBUG    >>> _cleanup_hq_thread_early | token=811
09:12:29.585 [MainThread] DEBUG        [_handle_hq_resized] action=swap_pixmap, scale=0.4315, size=1056x883
09:12:29.587 [MainThread] DEBUG    >>> _swap_pixmap_preserving_view | old_scale=1.0000, new_scale=0.4315, pixmap_size=1056x883
09:12:29.587 [MainThread] DEBUG        [_swap_pixmap] anchor=(1221.7, 1024.7)
09:12:29.588 [MainThread] DEBUG        [_swap_pixmap] status=success
09:12:32.891 [MainThread] DEBUG    >>> wheelEvent.zoom | factor=1.25
09:12:32.892 [MainThread] DEBUG    >>> _abort_hq | old_token=811, active_hq=0
09:12:32.892 [MainThread] DEBUG    >>> _swap_pixmap_preserving_view | old_scale=0.4315, new_scale=1.0000, pixmap_size=2447x2047
09:12:32.892 [MainThread] DEBUG        [_swap_pixmap] anchor=(1221.7, 1024.7)
09:12:32.892 [MainThread] DEBUG        [_swap_pixmap] status=success
09:12:32.931 [MainThread] DEBUG    >>> wheelEvent.zoom | factor=1.25
09:12:32.931 [MainThread] DEBUG    >>> _abort_hq | old_token=812, active_hq=0
09:12:32.971 [MainThread] DEBUG    >>> wheelEvent.zoom | factor=1.25
09:12:32.971 [MainThread] DEBUG    >>> _abort_hq | old_token=813, active_hq=0
09:12:33.116 [MainThread] DEBUG    >>> _start_hq_resize | token=815, target=2062x1725, source=2447x2047
09:12:33.117 [Dummy-176 ] DEBUG        [Thread-815] HqResize.start | target=2062x1725
09:12:33.365 [Dummy-176 ] DEBUG        [Thread-815] HqResize.success | scale=0.843
09:12:33.365 [Dummy-176 ] DEBUG    >>> _cleanup_hq_thread_early | token=815
09:12:33.365 [MainThread] DEBUG    >>> _handle_hq_resized | token=815, current_token=815, has_error=False, image_valid=True, has_image=True
09:12:33.365 [MainThread] DEBUG        [_handle_hq_resized] action=swap_pixmap, scale=0.8427, size=2062x1725
09:12:33.373 [MainThread] DEBUG    >>> _swap_pixmap_preserving_view | old_scale=1.0000, new_scale=0.8427, pixmap_size=2062x1725
09:12:33.373 [MainThread] DEBUG        [_swap_pixmap] anchor=(1271.2, 1078.9)
09:12:33.374 [MainThread] DEBUG        [_swap_pixmap] status=success
09:12:58.787 [MainThread] DEBUG    >>> classify | key=t, enforce_focus=True, move_in_progress=False, has_session=True
09:12:58.787 [MainThread] DEBUG        [classify] action=start_move, current_image=FRE0140_H4F065HDF09_F6570_FVJ6801427_T_140.763624_-900.079583_0194923_0160189_20260829_034233.jpg
09:12:58.802 [MainThread] DEBUG    >>> _handle_classify_finished | has_record=True, has_error=False, record_key=t, record_category=PT
09:12:58.803 [MainThread] DEBUG        [_handle_classify_finished] action=sync_after_session_change
09:12:58.804 [MainThread] DEBUG    >>> _load_current_image | current=FRE0720_H4F065HDF09_F6570_FFD6808622_T_848.219545_-860.093996_0194923_0160189_20260828_203716.jpg, previous=FRE0140_H4F065HDF09_F6570_FVJ6801427_T_140.763624_-900.079583_0194923_0160189_20260829_034233.jpg
09:12:58.805 [MainThread] DEBUG        [_load_current_image] action=load, path=FRE0720_H4F065HDF09_F6570_FFD6808622_T_848.219545_-860.093996_0194923_0160189_20260828_203716.jpg
09:12:58.805 [MainThread] DEBUG    >>> _abort_hq | old_token=815, active_hq=0
09:12:58.805 [MainThread] DEBUG    >>> load_image | token=100, path=FRE0720_H4F065HDF09_F6570_FFD6808622_T_848.219545_-860.093996_0194923_0160189_20260828_203716.jpg, has_image=True, active_threads=0, hq_threads=0
09:12:58.807 [Dummy-162 ] DEBUG        [Thread-100] ImageLoad.start | path=FRE0720_H4F065HDF09_F6570_FFD6808622_T_848.219545_-860.093996_0194923_0160189_20260828_203716.jpg
09:12:58.891 [Dummy-162 ] DEBUG        [Thread-100] ImageLoad.success | size=2447x2047
09:12:58.910 [MainThread] DEBUG    >>> _handle_image_loaded | token=100, current_token=100, path=FRE0720_H4F065HDF09_F6570_FFD6808622_T_848.219545_-860.093996_0194923_0160189_20260828_203716.jpg, has_error=False, image_valid=True
09:12:58.912 [MainThread] DEBUG    >>> _abort_hq | old_token=816, active_hq=0
09:12:58.912 [MainThread] DEBUG        [_handle_image_loaded] action=create_pixmap, size=2447x2047
09:12:58.913 [MainThread] DEBUG        [_handle_image_loaded] action=fit_to_window
09:12:58.913 [MainThread] DEBUG    >>> _abort_hq | old_token=817, active_hq=0
09:12:58.917 [MainThread] DEBUG    >>> _abort_hq | old_token=818, active_hq=0
09:12:59.077 [MainThread] DEBUG    >>> _start_hq_resize | token=820, target=1056x883, source=2447x2047
09:12:59.081 [Dummy-177 ] DEBUG        [Thread-820] HqResize.start | target=1056x883
09:12:59.257 [Dummy-177 ] DEBUG        [Thread-820] HqResize.success | scale=0.432
09:12:59.257 [Dummy-177 ] DEBUG    >>> _cleanup_hq_thread_early | token=820
09:12:59.258 [MainThread] DEBUG    >>> _handle_hq_resized | token=820, current_token=820, has_error=False, image_valid=True, has_image=True
09:12:59.258 [MainThread] DEBUG        [_handle_hq_resized] action=swap_pixmap, scale=0.4315, size=1056x883
09:12:59.260 [MainThread] DEBUG    >>> _swap_pixmap_preserving_view | old_scale=1.0000, new_scale=0.4315, pixmap_size=1056x883
09:12:59.260 [MainThread] DEBUG        [_swap_pixmap] anchor=(1221.7, 1024.7)
09:12:59.260 [MainThread] DEBUG        [_swap_pixmap] status=success
09:13:00.339 [MainThread] DEBUG    >>> classify | key=t, enforce_focus=True, move_in_progress=False, has_session=True
09:13:00.339 [MainThread] DEBUG        [classify] action=start_move, current_image=FRE0720_H4F065HDF09_F6570_FFD6808622_T_848.219545_-860.093996_0194923_0160189_20260828_203716.jpg
09:13:00.346 [MainThread] DEBUG    >>> _handle_classify_finished | has_record=True, has_error=False, record_key=t, record_category=PT
09:13:00.346 [MainThread] DEBUG        [_handle_classify_finished] action=sync_after_session_change
09:13:00.347 [MainThread] DEBUG    >>> _load_current_image | current=FRE0920_H4F270FDF14_F6570_FLV6800119_T_817.464800_202.250385_0270003_0189957_20260824_194704.jpg, previous=FRE0720_H4F065HDF09_F6570_FFD6808622_T_848.219545_-860.093996_0194923_0160189_20260828_203716.jpg
09:13:00.347 [MainThread] DEBUG        [_load_current_image] action=load, path=FRE0920_H4F270FDF14_F6570_FLV6800119_T_817.464800_202.250385_0270003_0189957_20260824_194704.jpg
09:13:00.347 [MainThread] DEBUG    >>> _abort_hq | old_token=820, active_hq=0
09:13:00.347 [MainThread] DEBUG    >>> load_image | token=101, path=FRE0920_H4F270FDF14_F6570_FLV6800119_T_817.464800_202.250385_0270003_0189957_20260824_194704.jpg, has_image=True, active_threads=0, hq_threads=0
09:13:00.349 [Dummy-116 ] DEBUG        [Thread-101] ImageLoad.start | path=FRE0920_H4F270FDF14_F6570_FLV6800119_T_817.464800_202.250385_0270003_0189957_20260824_194704.jpg
09:13:00.431 [Dummy-116 ] DEBUG        [Thread-101] ImageLoad.success | size=2447x2047
09:13:00.438 [MainThread] DEBUG    >>> _handle_image_loaded | token=101, current_token=101, path=FRE0920_H4F270FDF14_F6570_FLV6800119_T_817.464800_202.250385_0270003_0189957_20260824_194704.jpg, has_error=False, image_valid=True
09:13:00.440 [MainThread] DEBUG    >>> _abort_hq | old_token=821, active_hq=0
09:13:00.440 [MainThread] DEBUG        [_handle_image_loaded] action=create_pixmap, size=2447x2047
09:13:00.440 [MainThread] DEBUG        [_handle_image_loaded] action=fit_to_window
09:13:00.440 [MainThread] DEBUG    >>> _abort_hq | old_token=822, active_hq=0
09:13:00.592 [MainThread] DEBUG    >>> _start_hq_resize | token=824, target=1056x883, source=2447x2047
09:13:00.597 [Dummy-45  ] DEBUG        [Thread-824] HqResize.start | target=1056x883
09:13:00.756 [Dummy-45  ] DEBUG        [Thread-824] HqResize.success | scale=0.432
09:13:00.756 [Dummy-45  ] DEBUG    >>> _cleanup_hq_thread_early | token=824
09:13:00.756 [MainThread] DEBUG    >>> _handle_hq_resized | token=824, current_token=824, has_error=False, image_valid=True, has_image=True
09:13:00.756 [MainThread] DEBUG        [_handle_hq_resized] action=swap_pixmap, scale=0.4315, size=1056x883
09:13:00.758 [MainThread] DEBUG    >>> _swap_pixmap_preserving_view | old_scale=1.0000, new_scale=0.4315, pixmap_size=1056x883
09:13:00.758 [MainThread] DEBUG        [_swap_pixmap] anchor=(1221.7, 1024.7)
09:13:00.758 [MainThread] DEBUG        [_swap_pixmap] status=success
09:13:03.789 [MainThread] DEBUG    >>> classify | key=t, enforce_focus=True, move_in_progress=False, has_session=True
09:13:03.790 [MainThread] DEBUG        [classify] action=start_move, current_image=FRE0920_H4F270FDF14_F6570_FLV6800119_T_817.464800_202.250385_0270003_0189957_20260824_194704.jpg
09:13:03.809 [MainThread] DEBUG    >>> _handle_classify_finished | has_record=True, has_error=False, record_key=t, record_category=PT
09:13:03.810 [MainThread] DEBUG        [_handle_classify_finished] action=sync_after_session_change
09:13:03.813 [MainThread] DEBUG    >>> _load_current_image | current=FRE1440_H4F067HDF11_F6570_FFE6808411_T_-836.023462_-513.910091_0270003_0068176_20260829_182331.jpg, previous=FRE0920_H4F270FDF14_F6570_FLV6800119_T_817.464800_202.250385_0270003_0189957_20260824_194704.jpg
09:13:03.813 [MainThread] DEBUG        [_load_current_image] action=load, path=FRE1440_H4F067HDF11_F6570_FFE6808411_T_-836.023462_-513.910091_0270003_0068176_20260829_182331.jpg
09:13:03.813 [MainThread] DEBUG    >>> _abort_hq | old_token=824, active_hq=0
09:13:03.814 [MainThread] DEBUG    >>> load_image | token=102, path=FRE1440_H4F067HDF11_F6570_FFE6808411_T_-836.023462_-513.910091_0270003_0068176_20260829_182331.jpg, has_image=True, active_threads=0, hq_threads=0
09:13:03.819 [Dummy-178 ] DEBUG        [Thread-102] ImageLoad.start | path=FRE1440_H4F067HDF11_F6570_FFE6808411_T_-836.023462_-513.910091_0270003_0068176_20260829_182331.jpg
09:13:03.904 [Dummy-178 ] DEBUG        [Thread-102] ImageLoad.success | size=2447x2047
09:13:03.913 [MainThread] DEBUG    >>> _handle_image_loaded | token=102, current_token=102, path=FRE1440_H4F067HDF11_F6570_FFE6808411_T_-836.023462_-513.910091_0270003_0068176_20260829_182331.jpg, has_error=False, image_valid=True
09:13:03.915 [MainThread] DEBUG    >>> _abort_hq | old_token=825, active_hq=0
09:13:03.915 [MainThread] DEBUG        [_handle_image_loaded] action=create_pixmap, size=2447x2047
09:13:03.915 [MainThread] DEBUG        [_handle_image_loaded] action=fit_to_window
09:13:03.915 [MainThread] DEBUG    >>> _abort_hq | old_token=826, active_hq=0
09:13:04.063 [MainThread] DEBUG    >>> _start_hq_resize | token=828, target=1056x883, source=2447x2047
09:13:04.066 [Dummy-179 ] DEBUG        [Thread-828] HqResize.start | target=1056x883
09:13:04.236 [Dummy-179 ] DEBUG        [Thread-828] HqResize.success | scale=0.432
09:13:04.236 [Dummy-179 ] DEBUG    >>> _cleanup_hq_thread_early | token=828
09:13:04.236 [MainThread] DEBUG    >>> _handle_hq_resized | token=828, current_token=828, has_error=False, image_valid=True, has_image=True
09:13:04.236 [MainThread] DEBUG        [_handle_hq_resized] action=swap_pixmap, scale=0.4315, size=1056x883
09:13:04.238 [MainThread] DEBUG    >>> _swap_pixmap_preserving_view | old_scale=1.0000, new_scale=0.4315, pixmap_size=1056x883
09:13:04.239 [MainThread] DEBUG        [_swap_pixmap] anchor=(1221.7, 1024.7)
09:13:04.239 [MainThread] DEBUG        [_swap_pixmap] status=success
09:13:06.580 [MainThread] DEBUG    >>> wheelEvent.zoom | factor=1.25
09:13:06.580 [MainThread] DEBUG    >>> _abort_hq | old_token=828, active_hq=0
09:13:06.580 [MainThread] DEBUG    >>> _swap_pixmap_preserving_view | old_scale=0.4315, new_scale=1.0000, pixmap_size=2447x2047
09:13:06.581 [MainThread] DEBUG        [_swap_pixmap] anchor=(1221.7, 1024.7)
09:13:06.582 [MainThread] DEBUG        [_swap_pixmap] status=success
09:13:06.612 [MainThread] DEBUG    >>> wheelEvent.zoom | factor=1.25
09:13:06.612 [MainThread] DEBUG    >>> _abort_hq | old_token=829, active_hq=0
09:13:06.692 [MainThread] DEBUG    >>> wheelEvent.zoom | factor=1.25
09:13:06.693 [MainThread] DEBUG    >>> _abort_hq | old_token=830, active_hq=0
09:13:06.724 [MainThread] DEBUG    >>> wheelEvent.zoom | factor=1.25
09:13:06.725 [MainThread] DEBUG    >>> _abort_hq | old_token=831, active_hq=0
09:13:08.243 [MainThread] DEBUG    >>> wheelEvent.zoom | factor=1.25
09:13:08.243 [MainThread] DEBUG    >>> _abort_hq | old_token=832, active_hq=0
09:13:08.259 [MainThread] DEBUG    >>> wheelEvent.zoom | factor=1.25
09:13:08.259 [MainThread] DEBUG    >>> _abort_hq | old_token=833, active_hq=0
09:13:08.290 [MainThread] DEBUG    >>> wheelEvent.zoom | factor=1.25
09:13:08.291 [MainThread] DEBUG    >>> _abort_hq | old_token=834, active_hq=0
09:13:09.711 [MainThread] DEBUG    >>> classify | key=t, enforce_focus=True, move_in_progress=False, has_session=True
09:13:09.711 [MainThread] DEBUG        [classify] action=start_move, current_image=FRE1440_H4F067HDF11_F6570_FFE6808411_T_-836.023462_-513.910091_0270003_0068176_20260829_182331.jpg
09:13:09.730 [MainThread] DEBUG    >>> _handle_classify_finished | has_record=True, has_error=False, record_key=t, record_category=PT
09:13:09.731 [MainThread] DEBUG        [_handle_classify_finished] action=sync_after_session_change
09:13:09.733 [MainThread] DEBUG    >>> _load_current_image | current=SAP1110_H4F065HDF09_F6570_FVJ6802630_T_-880.347539_340.242424_0245744_0160189_20260828_221604.jpg, previous=FRE1440_H4F067HDF11_F6570_FFE6808411_T_-836.023462_-513.910091_0270003_0068176_20260829_182331.jpg
09:13:09.733 [MainThread] DEBUG        [_load_current_image] action=load, path=SAP1110_H4F065HDF09_F6570_FVJ6802630_T_-880.347539_340.242424_0245744_0160189_20260828_221604.jpg
09:13:09.733 [MainThread] DEBUG    >>> _abort_hq | old_token=835, active_hq=0
09:13:09.733 [MainThread] DEBUG    >>> load_image | token=103, path=SAP1110_H4F065HDF09_F6570_FVJ6802630_T_-880.347539_340.242424_0245744_0160189_20260828_221604.jpg, has_image=True, active_threads=0, hq_threads=0
09:13:09.735 [Dummy-180 ] DEBUG        [Thread-103] ImageLoad.start | path=SAP1110_H4F065HDF09_F6570_FVJ6802630_T_-880.347539_340.242424_0245744_0160189_20260828_221604.jpg
09:13:09.831 [Dummy-180 ] DEBUG        [Thread-103] ImageLoad.success | size=2447x2047
09:13:09.840 [MainThread] DEBUG    >>> _handle_image_loaded | token=103, current_token=103, path=SAP1110_H4F065HDF09_F6570_FVJ6802630_T_-880.347539_340.242424_0245744_0160189_20260828_221604.jpg, has_error=False, image_valid=True
09:13:09.840 [MainThread] DEBUG    >>> _abort_hq | old_token=836, active_hq=0
09:13:09.840 [MainThread] DEBUG        [_handle_image_loaded] action=create_pixmap, size=2447x2047
09:13:09.842 [MainThread] DEBUG        [_handle_image_loaded] action=fit_to_window
09:13:09.842 [MainThread] DEBUG    >>> _abort_hq | old_token=837, active_hq=0
09:13:09.847 [MainThread] DEBUG    >>> _abort_hq | old_token=838, active_hq=0
09:13:09.995 [MainThread] DEBUG    >>> _start_hq_resize | token=840, target=1056x883, source=2447x2047
09:13:09.997 [Dummy-65  ] DEBUG        [Thread-840] HqResize.start | target=1056x883
09:13:10.174 [Dummy-65  ] DEBUG        [Thread-840] HqResize.success | scale=0.432
09:13:10.174 [Dummy-65  ] DEBUG    >>> _cleanup_hq_thread_early | token=840
09:13:10.174 [MainThread] DEBUG    >>> _handle_hq_resized | token=840, current_token=840, has_error=False, image_valid=True, has_image=True
09:13:10.175 [MainThread] DEBUG        [_handle_hq_resized] action=swap_pixmap, scale=0.4315, size=1056x883
09:13:10.176 [MainThread] DEBUG    >>> _swap_pixmap_preserving_view | old_scale=1.0000, new_scale=0.4315, pixmap_size=1056x883
09:13:10.177 [MainThread] DEBUG        [_swap_pixmap] anchor=(1221.7, 1024.7)
09:13:10.177 [MainThread] DEBUG        [_swap_pixmap] status=success
09:13:11.862 [MainThread] DEBUG    >>> _load_current_image | current=FRE1440_H4F067HDF11_F6570_FFE6808411_T_-836.023462_-513.910091_0270003_0068176_20260829_182331.jpg, previous=SAP1110_H4F065HDF09_F6570_FVJ6802630_T_-880.347539_340.242424_0245744_0160189_20260828_221604.jpg
09:13:11.863 [MainThread] DEBUG        [_load_current_image] action=load, path=FRE1440_H4F067HDF11_F6570_FFE6808411_T_-836.023462_-513.910091_0270003_0068176_20260829_182331.jpg
09:13:11.863 [MainThread] DEBUG    >>> _abort_hq | old_token=840, active_hq=0
09:13:11.863 [MainThread] DEBUG    >>> load_image | token=104, path=FRE1440_H4F067HDF11_F6570_FFE6808411_T_-836.023462_-513.910091_0270003_0068176_20260829_182331.jpg, has_image=True, active_threads=0, hq_threads=0
09:13:11.868 [Dummy-181 ] DEBUG        [Thread-104] ImageLoad.start | path=FRE1440_H4F067HDF11_F6570_FFE6808411_T_-836.023462_-513.910091_0270003_0068176_20260829_182331.jpg
09:13:11.964 [Dummy-181 ] DEBUG        [Thread-104] ImageLoad.success | size=2447x2047
09:13:11.975 [MainThread] DEBUG    >>> _handle_image_loaded | token=104, current_token=104, path=FRE1440_H4F067HDF11_F6570_FFE6808411_T_-836.023462_-513.910091_0270003_0068176_20260829_182331.jpg, has_error=False, image_valid=True
09:13:11.977 [MainThread] DEBUG    >>> _abort_hq | old_token=841, active_hq=0
09:13:11.977 [MainThread] DEBUG        [_handle_image_loaded] action=create_pixmap, size=2447x2047
09:13:11.977 [MainThread] DEBUG        [_handle_image_loaded] action=fit_to_window
09:13:11.977 [MainThread] DEBUG    >>> _abort_hq | old_token=842, active_hq=0
09:13:12.128 [MainThread] DEBUG    >>> _start_hq_resize | token=844, target=1056x883, source=2447x2047
09:13:12.130 [Dummy-166 ] DEBUG        [Thread-844] HqResize.start | target=1056x883
09:13:12.301 [Dummy-166 ] DEBUG        [Thread-844] HqResize.success | scale=0.432
09:13:12.302 [Dummy-166 ] DEBUG    >>> _cleanup_hq_thread_early | token=844
09:13:12.302 [MainThread] DEBUG    >>> _handle_hq_resized | token=844, current_token=844, has_error=False, image_valid=True, has_image=True
09:13:12.302 [MainThread] DEBUG        [_handle_hq_resized] action=swap_pixmap, scale=0.4315, size=1056x883
09:13:12.304 [MainThread] DEBUG    >>> _swap_pixmap_preserving_view | old_scale=1.0000, new_scale=0.4315, pixmap_size=1056x883
09:13:12.305 [MainThread] DEBUG        [_swap_pixmap] anchor=(1221.7, 1024.7)
09:13:12.305 [MainThread] DEBUG        [_swap_pixmap] status=success
09:13:14.395 [MainThread] DEBUG    >>> wheelEvent.zoom | factor=1.25
09:13:14.395 [MainThread] DEBUG    >>> _abort_hq | old_token=844, active_hq=0
09:13:14.395 [MainThread] DEBUG    >>> _swap_pixmap_preserving_view | old_scale=0.4315, new_scale=1.0000, pixmap_size=2447x2047
09:13:14.396 [MainThread] DEBUG        [_swap_pixmap] anchor=(1221.7, 1024.7)
09:13:14.397 [MainThread] DEBUG        [_swap_pixmap] status=success
09:13:14.443 [MainThread] DEBUG    >>> wheelEvent.zoom | factor=1.25
09:13:14.443 [MainThread] DEBUG    >>> _abort_hq | old_token=845, active_hq=0
09:13:14.459 [MainThread] DEBUG    >>> wheelEvent.zoom | factor=1.25
09:13:14.459 [MainThread] DEBUG    >>> _abort_hq | old_token=846, active_hq=0
09:13:14.483 [MainThread] DEBUG    >>> wheelEvent.zoom | factor=1.25
09:13:14.483 [MainThread] DEBUG    >>> _abort_hq | old_token=847, active_hq=0
09:13:15.227 [MainThread] DEBUG    >>> wheelEvent.zoom | factor=1.25
09:13:15.227 [MainThread] DEBUG    >>> _abort_hq | old_token=848, active_hq=0
09:13:15.259 [MainThread] DEBUG    >>> wheelEvent.zoom | factor=1.25
09:13:15.259 [MainThread] DEBUG    >>> _abort_hq | old_token=849, active_hq=0
09:13:15.282 [MainThread] DEBUG    >>> wheelEvent.zoom | factor=1.25
09:13:15.282 [MainThread] DEBUG    >>> _abort_hq | old_token=850, active_hq=0
09:13:15.307 [MainThread] DEBUG    >>> wheelEvent.zoom | factor=1.25
09:13:15.307 [MainThread] DEBUG    >>> _abort_hq | old_token=851, active_hq=0
09:13:15.330 [MainThread] DEBUG    >>> wheelEvent.zoom | factor=1.25
09:13:15.331 [MainThread] DEBUG    >>> _abort_hq | old_token=852, active_hq=0
09:13:17.472 [MainThread] DEBUG    >>> classify | key=t, enforce_focus=True, move_in_progress=False, has_session=True
09:13:17.472 [MainThread] DEBUG        [classify] action=start_move, current_image=FRE1440_H4F067HDF11_F6570_FFE6808411_T_-836.023462_-513.910091_0270003_0068176_20260829_182331.jpg
09:13:17.491 [MainThread] DEBUG    >>> _handle_classify_finished | has_record=True, has_error=False, record_key=t, record_category=PT
09:13:17.492 [MainThread] DEBUG        [_handle_classify_finished] action=sync_after_session_change
09:13:17.494 [MainThread] DEBUG    >>> _load_current_image | current=SAP1110_H4F065HDF09_F6570_FVJ6802630_T_-880.347539_340.242424_0245744_0160189_20260828_221604.jpg, previous=FRE1440_H4F067HDF11_F6570_FFE6808411_T_-836.023462_-513.910091_0270003_0068176_20260829_182331.jpg
09:13:17.494 [MainThread] DEBUG        [_load_current_image] action=load, path=SAP1110_H4F065HDF09_F6570_FVJ6802630_T_-880.347539_340.242424_0245744_0160189_20260828_221604.jpg
09:13:17.495 [MainThread] DEBUG    >>> _abort_hq | old_token=853, active_hq=0
09:13:17.495 [MainThread] DEBUG    >>> load_image | token=105, path=SAP1110_H4F065HDF09_F6570_FVJ6802630_T_-880.347539_340.242424_0245744_0160189_20260828_221604.jpg, has_image=True, active_threads=0, hq_threads=0
09:13:17.501 [Dummy-182 ] DEBUG        [Thread-105] ImageLoad.start | path=SAP1110_H4F065HDF09_F6570_FVJ6802630_T_-880.347539_340.242424_0245744_0160189_20260828_221604.jpg
09:13:17.580 [Dummy-182 ] DEBUG        [Thread-105] ImageLoad.success | size=2447x2047
09:13:17.592 [MainThread] DEBUG    >>> _handle_image_loaded | token=105, current_token=105, path=SAP1110_H4F065HDF09_F6570_FVJ6802630_T_-880.347539_340.242424_0245744_0160189_20260828_221604.jpg, has_error=False, image_valid=True
09:13:17.592 [MainThread] DEBUG    >>> _abort_hq | old_token=854, active_hq=0
09:13:17.592 [MainThread] DEBUG        [_handle_image_loaded] action=create_pixmap, size=2447x2047
09:13:17.594 [MainThread] DEBUG        [_handle_image_loaded] action=fit_to_window
09:13:17.594 [MainThread] DEBUG    >>> _abort_hq | old_token=855, active_hq=0
09:13:17.599 [MainThread] DEBUG    >>> _abort_hq | old_token=856, active_hq=0
09:13:17.736 [MainThread] DEBUG    >>> _start_hq_resize | token=858, target=1056x883, source=2447x2047
09:13:17.738 [Dummy-183 ] DEBUG        [Thread-858] HqResize.start | target=1056x883
09:13:17.889 [Dummy-183 ] DEBUG        [Thread-858] HqResize.success | scale=0.432
09:13:17.889 [Dummy-183 ] DEBUG    >>> _cleanup_hq_thread_early | token=858
09:13:17.889 [MainThread] DEBUG    >>> _handle_hq_resized | token=858, current_token=858, has_error=False, image_valid=True, has_image=True
09:13:17.889 [MainThread] DEBUG        [_handle_hq_resized] action=swap_pixmap, scale=0.4315, size=1056x883
09:13:17.891 [MainThread] DEBUG    >>> _swap_pixmap_preserving_view | old_scale=1.0000, new_scale=0.4315, pixmap_size=1056x883
09:13:17.891 [MainThread] DEBUG        [_swap_pixmap] anchor=(1221.7, 1024.7)
09:13:17.892 [MainThread] DEBUG        [_swap_pixmap] status=success
09:13:18.517 [MainThread] DEBUG    >>> classify | key=t, enforce_focus=True, move_in_progress=False, has_session=True
09:13:18.517 [MainThread] DEBUG        [classify] action=start_move, current_image=SAP1110_H4F065HDF09_F6570_FVJ6802630_T_-880.347539_340.242424_0245744_0160189_20260828_221604.jpg
09:13:18.523 [MainThread] DEBUG    >>> _handle_classify_finished | has_record=True, has_error=False, record_key=t, record_category=PT
09:13:18.524 [MainThread] DEBUG        [_handle_classify_finished] action=sync_after_session_change
09:13:18.525 [MainThread] DEBUG    >>> _load_current_image | current=SAP1110_H4F195HDT02_F6570_FPB6800642_T_-755.384908_1089.375151_0160189_0245744_20260903_085722.jpg, previous=SAP1110_H4F065HDF09_F6570_FVJ6802630_T_-880.347539_340.242424_0245744_0160189_20260828_221604.jpg
09:13:18.525 [MainThread] DEBUG        [_load_current_image] action=load, path=SAP1110_H4F195HDT02_F6570_FPB6800642_T_-755.384908_1089.375151_0160189_0245744_20260903_085722.jpg
09:13:18.525 [MainThread] DEBUG    >>> _abort_hq | old_token=858, active_hq=0
09:13:18.525 [MainThread] DEBUG    >>> load_image | token=106, path=SAP1110_H4F195HDT02_F6570_FPB6800642_T_-755.384908_1089.375151_0160189_0245744_20260903_085722.jpg, has_image=True, active_threads=0, hq_threads=0
09:13:18.526 [Dummy-184 ] DEBUG        [Thread-106] ImageLoad.start | path=SAP1110_H4F195HDT02_F6570_FPB6800642_T_-755.384908_1089.375151_0160189_0245744_20260903_085722.jpg
09:13:18.603 [Dummy-184 ] DEBUG        [Thread-106] ImageLoad.success | size=2447x2047
09:13:18.610 [MainThread] DEBUG    >>> _handle_image_loaded | token=106, current_token=106, path=SAP1110_H4F195HDT02_F6570_FPB6800642_T_-755.384908_1089.375151_0160189_0245744_20260903_085722.jpg, has_error=False, image_valid=True
09:13:18.612 [MainThread] DEBUG    >>> _abort_hq | old_token=859, active_hq=0
09:13:18.612 [MainThread] DEBUG        [_handle_image_loaded] action=create_pixmap, size=2447x2047
09:13:18.613 [MainThread] DEBUG        [_handle_image_loaded] action=fit_to_window
09:13:18.613 [MainThread] DEBUG    >>> _abort_hq | old_token=860, active_hq=0
09:13:18.763 [MainThread] DEBUG    >>> _start_hq_resize | token=862, target=1056x883, source=2447x2047
09:13:18.767 [Dummy-185 ] DEBUG        [Thread-862] HqResize.start | target=1056x883
09:13:18.943 [Dummy-185 ] DEBUG        [Thread-862] HqResize.success | scale=0.432
09:13:18.944 [Dummy-185 ] DEBUG    >>> _cleanup_hq_thread_early | token=862
09:13:18.944 [MainThread] DEBUG    >>> _handle_hq_resized | token=862, current_token=862, has_error=False, image_valid=True, has_image=True
09:13:18.944 [MainThread] DEBUG        [_handle_hq_resized] action=swap_pixmap, scale=0.4315, size=1056x883
09:13:18.946 [MainThread] DEBUG    >>> _swap_pixmap_preserving_view | old_scale=1.0000, new_scale=0.4315, pixmap_size=1056x883
09:13:18.946 [MainThread] DEBUG        [_swap_pixmap] anchor=(1221.7, 1024.7)
09:13:18.946 [MainThread] DEBUG        [_swap_pixmap] status=success
09:13:19.108 [MainThread] DEBUG    >>> classify | key=t, enforce_focus=True, move_in_progress=False, has_session=True
09:13:19.109 [MainThread] DEBUG        [classify] action=start_move, current_image=SAP1110_H4F195HDT02_F6570_FPB6800642_T_-755.384908_1089.375151_0160189_0245744_20260903_085722.jpg
09:13:19.121 [MainThread] DEBUG    >>> _handle_classify_finished | has_record=True, has_error=False, record_key=t, record_category=PT
09:13:19.122 [MainThread] DEBUG        [_handle_classify_finished] action=sync_after_session_change
09:13:19.124 [MainThread] DEBUG    >>> _load_current_image | current=SAP1110_H4F195HDT02_F6570_FPB6803121_T_253.145575_-1147.684630_0160189_0245744_20260903_174314.jpg, previous=SAP1110_H4F195HDT02_F6570_FPB6800642_T_-755.384908_1089.375151_0160189_0245744_20260903_085722.jpg
09:13:19.124 [MainThread] DEBUG        [_load_current_image] action=load, path=SAP1110_H4F195HDT02_F6570_FPB6803121_T_253.145575_-1147.684630_0160189_0245744_20260903_174314.jpg
09:13:19.124 [MainThread] DEBUG    >>> _abort_hq | old_token=862, active_hq=0
09:13:19.125 [MainThread] DEBUG    >>> load_image | token=107, path=SAP1110_H4F195HDT02_F6570_FPB6803121_T_253.145575_-1147.684630_0160189_0245744_20260903_174314.jpg, has_image=True, active_threads=0, hq_threads=0
09:13:19.129 [Dummy-186 ] DEBUG        [Thread-107] ImageLoad.start | path=SAP1110_H4F195HDT02_F6570_FPB6803121_T_253.145575_-1147.684630_0160189_0245744_20260903_174314.jpg
09:13:19.233 [Dummy-186 ] DEBUG        [Thread-107] ImageLoad.success | size=2447x2047
09:13:19.239 [MainThread] DEBUG    >>> _handle_image_loaded | token=107, current_token=107, path=SAP1110_H4F195HDT02_F6570_FPB6803121_T_253.145575_-1147.684630_0160189_0245744_20260903_174314.jpg, has_error=False, image_valid=True
09:13:19.241 [MainThread] DEBUG    >>> _abort_hq | old_token=863, active_hq=0
09:13:19.242 [MainThread] DEBUG        [_handle_image_loaded] action=create_pixmap, size=2447x2047
09:13:19.242 [MainThread] DEBUG        [_handle_image_loaded] action=fit_to_window
09:13:19.242 [MainThread] DEBUG    >>> _abort_hq | old_token=864, active_hq=0
09:13:19.387 [MainThread] DEBUG    >>> _start_hq_resize | token=866, target=1056x883, source=2447x2047
09:13:19.389 [Dummy-187 ] DEBUG        [Thread-866] HqResize.start | target=1056x883
09:13:19.550 [Dummy-187 ] DEBUG        [Thread-866] HqResize.success | scale=0.432
09:13:19.550 [Dummy-187 ] DEBUG    >>> _cleanup_hq_thread_early | token=866
09:13:19.550 [MainThread] DEBUG    >>> _handle_hq_resized | token=866, current_token=866, has_error=False, image_valid=True, has_image=True
09:13:19.550 [MainThread] DEBUG        [_handle_hq_resized] action=swap_pixmap, scale=0.4315, size=1056x883
09:13:19.552 [MainThread] DEBUG    >>> _swap_pixmap_preserving_view | old_scale=1.0000, new_scale=0.4315, pixmap_size=1056x883
09:13:19.552 [MainThread] DEBUG        [_swap_pixmap] anchor=(1221.7, 1024.7)
09:13:19.552 [MainThread] DEBUG        [_swap_pixmap] status=success
09:13:19.733 [MainThread] DEBUG    >>> classify | key=t, enforce_focus=True, move_in_progress=False, has_session=True
09:13:19.733 [MainThread] DEBUG        [classify] action=start_move, current_image=SAP1110_H4F195HDT02_F6570_FPB6803121_T_253.145575_-1147.684630_0160189_0245744_20260903_174314.jpg
09:13:19.747 [MainThread] DEBUG    >>> _handle_classify_finished | has_record=True, has_error=False, record_key=t, record_category=PT
09:13:19.747 [MainThread] DEBUG        [_handle_classify_finished] action=sync_after_session_change
09:13:19.751 [MainThread] DEBUG    >>> _load_current_image | current=SAP1130_H4F195HDT02_F6570_FPB6800502_T_973.711060_-684.455808_0152745_0270003_20260903_072106.jpg, previous=SAP1110_H4F195HDT02_F6570_FPB6803121_T_253.145575_-1147.684630_0160189_0245744_20260903_174314.jpg
09:13:19.752 [MainThread] DEBUG        [_load_current_image] action=load, path=SAP1130_H4F195HDT02_F6570_FPB6800502_T_973.711060_-684.455808_0152745_0270003_20260903_072106.jpg
09:13:19.752 [MainThread] DEBUG    >>> _abort_hq | old_token=866, active_hq=0
09:13:19.752 [MainThread] DEBUG    >>> load_image | token=108, path=SAP1130_H4F195HDT02_F6570_FPB6800502_T_973.711060_-684.455808_0152745_0270003_20260903_072106.jpg, has_image=True, active_threads=0, hq_threads=0
09:13:19.757 [Dummy-188 ] DEBUG        [Thread-108] ImageLoad.start | path=SAP1130_H4F195HDT02_F6570_FPB6800502_T_973.711060_-684.455808_0152745_0270003_20260903_072106.jpg
09:13:19.860 [Dummy-188 ] DEBUG        [Thread-108] ImageLoad.success | size=2447x2047
09:13:19.868 [MainThread] DEBUG    >>> _handle_image_loaded | token=108, current_token=108, path=SAP1130_H4F195HDT02_F6570_FPB6800502_T_973.711060_-684.455808_0152745_0270003_20260903_072106.jpg, has_error=False, image_valid=True
09:13:19.870 [MainThread] DEBUG    >>> _abort_hq | old_token=867, active_hq=0
09:13:19.870 [MainThread] DEBUG        [_handle_image_loaded] action=create_pixmap, size=2447x2047
09:13:19.870 [MainThread] DEBUG        [_handle_image_loaded] action=fit_to_window
09:13:19.871 [MainThread] DEBUG    >>> _abort_hq | old_token=868, active_hq=0
09:13:20.023 [MainThread] DEBUG    >>> _start_hq_resize | token=870, target=1056x883, source=2447x2047
09:13:20.024 [Dummy-189 ] DEBUG        [Thread-870] HqResize.start | target=1056x883
09:13:20.182 [Dummy-189 ] DEBUG        [Thread-870] HqResize.success | scale=0.432
09:13:20.182 [Dummy-189 ] DEBUG    >>> _cleanup_hq_thread_early | token=870
09:13:20.182 [MainThread] DEBUG    >>> _handle_hq_resized | token=870, current_token=870, has_error=False, image_valid=True, has_image=True
09:13:20.182 [MainThread] DEBUG        [_handle_hq_resized] action=swap_pixmap, scale=0.4315, size=1056x883
09:13:20.184 [MainThread] DEBUG    >>> _swap_pixmap_preserving_view | old_scale=1.0000, new_scale=0.4315, pixmap_size=1056x883
09:13:20.185 [MainThread] DEBUG        [_swap_pixmap] anchor=(1221.7, 1024.7)
09:13:20.185 [MainThread] DEBUG        [_swap_pixmap] status=success
09:13:20.315 [MainThread] DEBUG    >>> classify | key=t, enforce_focus=True, move_in_progress=False, has_session=True
09:13:20.316 [MainThread] DEBUG        [classify] action=start_move, current_image=SAP1130_H4F195HDT02_F6570_FPB6800502_T_973.711060_-684.455808_0152745_0270003_20260903_072106.jpg
09:13:20.320 [MainThread] DEBUG    >>> _handle_classify_finished | has_record=True, has_error=False, record_key=t, record_category=PT
09:13:20.321 [MainThread] DEBUG        [_handle_classify_finished] action=sync_after_session_change
09:13:20.321 [MainThread] DEBUG    >>> _load_current_image | current=SAP1340_H4F067HDF11_F6570_FFE6803536_T_286.158775_-707.379687_0068176_0153560_20260826_195859.jpg, previous=SAP1130_H4F195HDT02_F6570_FPB6800502_T_973.711060_-684.455808_0152745_0270003_20260903_072106.jpg
09:13:20.322 [MainThread] DEBUG        [_load_current_image] action=load, path=SAP1340_H4F067HDF11_F6570_FFE6803536_T_286.158775_-707.379687_0068176_0153560_20260826_195859.jpg
09:13:20.322 [MainThread] DEBUG    >>> _abort_hq | old_token=870, active_hq=0
09:13:20.322 [MainThread] DEBUG    >>> load_image | token=109, path=SAP1340_H4F067HDF11_F6570_FFE6803536_T_286.158775_-707.379687_0068176_0153560_20260826_195859.jpg, has_image=True, active_threads=0, hq_threads=0
09:13:20.323 [Dummy-190 ] DEBUG        [Thread-109] ImageLoad.start | path=SAP1340_H4F067HDF11_F6570_FFE6803536_T_286.158775_-707.379687_0068176_0153560_20260826_195859.jpg
09:13:20.401 [Dummy-190 ] DEBUG        [Thread-109] ImageLoad.success | size=2447x2047
09:13:20.407 [MainThread] DEBUG    >>> _handle_image_loaded | token=109, current_token=109, path=SAP1340_H4F067HDF11_F6570_FFE6803536_T_286.158775_-707.379687_0068176_0153560_20260826_195859.jpg, has_error=False, image_valid=True
09:13:20.409 [MainThread] DEBUG    >>> _abort_hq | old_token=871, active_hq=0
09:13:20.409 [MainThread] DEBUG        [_handle_image_loaded] action=create_pixmap, size=2447x2047
09:13:20.409 [MainThread] DEBUG        [_handle_image_loaded] action=fit_to_window
09:13:20.409 [MainThread] DEBUG    >>> _abort_hq | old_token=872, active_hq=0
09:13:20.561 [MainThread] DEBUG    >>> _start_hq_resize | token=874, target=1056x883, source=2447x2047
09:13:20.564 [Dummy-191 ] DEBUG        [Thread-874] HqResize.start | target=1056x883
09:13:20.744 [Dummy-191 ] DEBUG        [Thread-874] HqResize.success | scale=0.432
09:13:20.744 [MainThread] DEBUG    >>> _handle_hq_resized | token=874, current_token=874, has_error=False, image_valid=True, has_image=True
09:13:20.744 [Dummy-191 ] DEBUG    >>> _cleanup_hq_thread_early | token=874
09:13:20.744 [MainThread] DEBUG        [_handle_hq_resized] action=swap_pixmap, scale=0.4315, size=1056x883
09:13:20.746 [MainThread] DEBUG    >>> _swap_pixmap_preserving_view | old_scale=1.0000, new_scale=0.4315, pixmap_size=1056x883
09:13:20.747 [MainThread] DEBUG        [_swap_pixmap] anchor=(1221.7, 1024.7)
09:13:20.747 [MainThread] DEBUG        [_swap_pixmap] status=success
09:13:20.900 [MainThread] DEBUG    >>> classify | key=t, enforce_focus=True, move_in_progress=False, has_session=True
09:13:20.901 [MainThread] DEBUG        [classify] action=start_move, current_image=SAP1340_H4F067HDF11_F6570_FFE6803536_T_286.158775_-707.379687_0068176_0153560_20260826_195859.jpg
09:13:20.925 [MainThread] DEBUG    >>> _handle_classify_finished | has_record=True, has_error=False, record_key=t, record_category=PT
09:13:20.925 [MainThread] DEBUG        [_handle_classify_finished] action=sync_after_session_change
09:13:20.926 [MainThread] DEBUG    >>> _load_current_image | current=None, previous=SAP1340_H4F067HDF11_F6570_FFE6803536_T_286.158775_-707.379687_0068176_0153560_20260826_195859.jpg
09:13:20.926 [MainThread] DEBUG    >>> _abort_hq | old_token=874, active_hq=0
09:13:27.369 [MainThread] DEBUG    >>> _load_current_image | current=FRE0120_H4F067HDF11_F6570_FFE6806921_T_-795.075087_242.602416_0153560_0068176_20260829_181433.jpg, previous=None
09:13:27.369 [MainThread] DEBUG        [_load_current_image] action=load, path=FRE0120_H4F067HDF11_F6570_FFE6806921_T_-795.075087_242.602416_0153560_0068176_20260829_181433.jpg
09:13:27.369 [MainThread] DEBUG    >>> _abort_hq | old_token=875, active_hq=0
09:13:27.369 [MainThread] DEBUG    >>> load_image | token=111, path=FRE0120_H4F067HDF11_F6570_FFE6806921_T_-795.075087_242.602416_0153560_0068176_20260829_181433.jpg, has_image=False, active_threads=0, hq_threads=0
09:13:27.370 [Dummy-192 ] DEBUG        [Thread-111] ImageLoad.start | path=FRE0120_H4F067HDF11_F6570_FFE6806921_T_-795.075087_242.602416_0153560_0068176_20260829_181433.jpg
09:13:27.445 [Dummy-192 ] DEBUG        [Thread-111] ImageLoad.success | size=2447x2047
09:13:27.474 [MainThread] DEBUG    >>> _handle_image_loaded | token=111, current_token=111, path=FRE0120_H4F067HDF11_F6570_FFE6806921_T_-795.075087_242.602416_0153560_0068176_20260829_181433.jpg, has_error=False, image_valid=True
09:13:27.474 [MainThread] DEBUG    >>> _abort_hq | old_token=876, active_hq=0
09:13:27.474 [MainThread] DEBUG        [_handle_image_loaded] action=create_pixmap, size=2447x2047
09:13:27.475 [MainThread] DEBUG        [_handle_image_loaded] action=fit_to_window
09:13:27.475 [MainThread] DEBUG    >>> _abort_hq | old_token=877, active_hq=0
09:13:27.619 [MainThread] DEBUG    >>> _start_hq_resize | token=879, target=1056x883, source=2447x2047
09:13:27.620 [Dummy-20  ] DEBUG        [Thread-879] HqResize.start | target=1056x883
09:13:27.788 [Dummy-20  ] DEBUG        [Thread-879] HqResize.success | scale=0.432
09:13:27.788 [Dummy-20  ] DEBUG    >>> _cleanup_hq_thread_early | token=879
09:13:27.788 [MainThread] DEBUG    >>> _handle_hq_resized | token=879, current_token=879, has_error=False, image_valid=True, has_image=True
09:13:27.788 [MainThread] DEBUG        [_handle_hq_resized] action=swap_pixmap, scale=0.4315, size=1056x883
09:13:27.790 [MainThread] DEBUG    >>> _swap_pixmap_preserving_view | old_scale=1.0000, new_scale=0.4315, pixmap_size=1056x883
09:13:27.790 [MainThread] DEBUG        [_swap_pixmap] anchor=(1221.7, 1024.7)
09:13:27.790 [MainThread] DEBUG        [_swap_pixmap] status=success
09:13:29.733 [MainThread] DEBUG    >>> classify | key=g, enforce_focus=True, move_in_progress=False, has_session=True
09:13:29.734 [MainThread] DEBUG        [classify] action=start_move, current_image=FRE0120_H4F067HDF11_F6570_FFE6806921_T_-795.075087_242.602416_0153560_0068176_20260829_181433.jpg
09:13:29.758 [MainThread] DEBUG    >>> _handle_classify_finished | has_record=True, has_error=False, record_key=g, record_category=GE
09:13:29.759 [MainThread] DEBUG        [_handle_classify_finished] action=sync_after_session_change
09:13:29.763 [MainThread] DEBUG    >>> _load_current_image | current=FRE0210_H4F066HDF07_F6570_FUR6801820_T_-1083.679102_-1167.936587_0189957_0068176_20260829_141411.jpg, previous=FRE0120_H4F067HDF11_F6570_FFE6806921_T_-795.075087_242.602416_0153560_0068176_20260829_181433.jpg
09:13:29.763 [MainThread] DEBUG        [_load_current_image] action=load, path=FRE0210_H4F066HDF07_F6570_FUR6801820_T_-1083.679102_-1167.936587_0189957_0068176_20260829_141411.jpg
09:13:29.763 [MainThread] DEBUG    >>> _abort_hq | old_token=879, active_hq=0
09:13:29.764 [MainThread] DEBUG    >>> load_image | token=112, path=FRE0210_H4F066HDF07_F6570_FUR6801820_T_-1083.679102_-1167.936587_0189957_0068176_20260829_141411.jpg, has_image=True, active_threads=0, hq_threads=0
09:13:29.770 [Dummy-193 ] DEBUG        [Thread-112] ImageLoad.start | path=FRE0210_H4F066HDF07_F6570_FUR6801820_T_-1083.679102_-1167.936587_0189957_0068176_20260829_141411.jpg
09:13:29.848 [Dummy-193 ] DEBUG        [Thread-112] ImageLoad.success | size=2447x2047
09:13:29.867 [MainThread] DEBUG    >>> _handle_image_loaded | token=112, current_token=112, path=FRE0210_H4F066HDF07_F6570_FUR6801820_T_-1083.679102_-1167.936587_0189957_0068176_20260829_141411.jpg, has_error=False, image_valid=True
09:13:29.869 [MainThread] DEBUG    >>> _abort_hq | old_token=880, active_hq=0
09:13:29.869 [MainThread] DEBUG        [_handle_image_loaded] action=create_pixmap, size=2447x2047
09:13:29.870 [MainThread] DEBUG        [_handle_image_loaded] action=fit_to_window
09:13:29.870 [MainThread] DEBUG    >>> _abort_hq | old_token=881, active_hq=0
09:13:30.014 [MainThread] DEBUG    >>> _start_hq_resize | token=883, target=1056x883, source=2447x2047
09:13:30.015 [Dummy-194 ] DEBUG        [Thread-883] HqResize.start | target=1056x883
09:13:30.166 [Dummy-194 ] DEBUG        [Thread-883] HqResize.success | scale=0.432
09:13:30.167 [Dummy-194 ] DEBUG    >>> _cleanup_hq_thread_early | token=883
09:13:30.168 [MainThread] DEBUG    >>> _handle_hq_resized | token=883, current_token=883, has_error=False, image_valid=True, has_image=True
09:13:30.168 [MainThread] DEBUG        [_handle_hq_resized] action=swap_pixmap, scale=0.4315, size=1056x883
09:13:30.170 [MainThread] DEBUG    >>> _swap_pixmap_preserving_view | old_scale=1.0000, new_scale=0.4315, pixmap_size=1056x883
09:13:30.170 [MainThread] DEBUG        [_swap_pixmap] anchor=(1221.7, 1024.7)
09:13:30.170 [MainThread] DEBUG        [_swap_pixmap] status=success
09:13:31.396 [MainThread] DEBUG    >>> wheelEvent.zoom | factor=1.25
09:13:31.396 [MainThread] DEBUG    >>> _abort_hq | old_token=883, active_hq=0
09:13:31.396 [MainThread] DEBUG    >>> _swap_pixmap_preserving_view | old_scale=0.4315, new_scale=1.0000, pixmap_size=2447x2047
09:13:31.397 [MainThread] DEBUG        [_swap_pixmap] anchor=(1221.7, 1024.7)
09:13:31.397 [MainThread] DEBUG        [_swap_pixmap] status=success
09:13:31.412 [MainThread] DEBUG    >>> wheelEvent.zoom | factor=1.25
09:13:31.412 [MainThread] DEBUG    >>> _abort_hq | old_token=884, active_hq=0
09:13:31.436 [MainThread] DEBUG    >>> wheelEvent.zoom | factor=1.25
09:13:31.436 [MainThread] DEBUG    >>> _abort_hq | old_token=885, active_hq=0
09:13:31.475 [MainThread] DEBUG    >>> wheelEvent.zoom | factor=1.25
09:13:31.475 [MainThread] DEBUG    >>> _abort_hq | old_token=886, active_hq=0
09:13:31.884 [MainThread] DEBUG    >>> wheelEvent.zoom | factor=1.25
09:13:31.884 [MainThread] DEBUG    >>> _abort_hq | old_token=887, active_hq=0
09:13:31.908 [MainThread] DEBUG    >>> wheelEvent.zoom | factor=1.25
09:13:31.909 [MainThread] DEBUG    >>> _abort_hq | old_token=888, active_hq=0
09:13:47.774 [MainThread] DEBUG    >>> classify | key=r, enforce_focus=True, move_in_progress=False, has_session=True
09:13:47.774 [MainThread] DEBUG        [classify] action=start_move, current_image=FRE0210_H4F066HDF07_F6570_FUR6801820_T_-1083.679102_-1167.936587_0189957_0068176_20260829_141411.jpg
09:13:47.799 [MainThread] DEBUG    >>> _handle_classify_finished | has_record=True, has_error=False, record_key=r, record_category=RD
09:13:47.800 [MainThread] DEBUG        [_handle_classify_finished] action=sync_after_session_change
09:13:47.802 [MainThread] DEBUG    >>> _load_current_image | current=FRE0330_H4F065HDF13_F6570_FUQ6802040_T_-414.149706_-1008.596913_0153560_0245744_20260903_194821.jpg, previous=FRE0210_H4F066HDF07_F6570_FUR6801820_T_-1083.679102_-1167.936587_0189957_0068176_20260829_141411.jpg
09:13:47.802 [MainThread] DEBUG        [_load_current_image] action=load, path=FRE0330_H4F065HDF13_F6570_FUQ6802040_T_-414.149706_-1008.596913_0153560_0245744_20260903_194821.jpg
09:13:47.802 [MainThread] DEBUG    >>> _abort_hq | old_token=889, active_hq=0
09:13:47.803 [MainThread] DEBUG    >>> load_image | token=113, path=FRE0330_H4F065HDF13_F6570_FUQ6802040_T_-414.149706_-1008.596913_0153560_0245744_20260903_194821.jpg, has_image=True, active_threads=0, hq_threads=0
09:13:47.807 [Dummy-195 ] DEBUG        [Thread-113] ImageLoad.start | path=FRE0330_H4F065HDF13_F6570_FUQ6802040_T_-414.149706_-1008.596913_0153560_0245744_20260903_194821.jpg
09:13:47.889 [Dummy-195 ] DEBUG        [Thread-113] ImageLoad.success | size=2447x2047
09:13:47.908 [MainThread] DEBUG    >>> _handle_image_loaded | token=113, current_token=113, path=FRE0330_H4F065HDF13_F6570_FUQ6802040_T_-414.149706_-1008.596913_0153560_0245744_20260903_194821.jpg, has_error=False, image_valid=True
09:13:47.908 [MainThread] DEBUG    >>> _abort_hq | old_token=890, active_hq=0
09:13:47.909 [MainThread] DEBUG        [_handle_image_loaded] action=create_pixmap, size=2447x2047
09:13:47.910 [MainThread] DEBUG        [_handle_image_loaded] action=fit_to_window
09:13:47.910 [MainThread] DEBUG    >>> _abort_hq | old_token=891, active_hq=0
09:13:47.915 [MainThread] DEBUG    >>> _abort_hq | old_token=892, active_hq=0
09:13:48.058 [MainThread] DEBUG    >>> _start_hq_resize | token=894, target=1056x883, source=2447x2047
09:13:48.060 [Dummy-196 ] DEBUG        [Thread-894] HqResize.start | target=1056x883
09:13:48.226 [Dummy-196 ] DEBUG        [Thread-894] HqResize.success | scale=0.432
09:13:48.227 [Dummy-196 ] DEBUG    >>> _cleanup_hq_thread_early | token=894
09:13:48.227 [MainThread] DEBUG    >>> _handle_hq_resized | token=894, current_token=894, has_error=False, image_valid=True, has_image=True
09:13:48.227 [MainThread] DEBUG        [_handle_hq_resized] action=swap_pixmap, scale=0.4315, size=1056x883
09:13:48.229 [MainThread] DEBUG    >>> _swap_pixmap_preserving_view | old_scale=1.0000, new_scale=0.4315, pixmap_size=1056x883
09:13:48.229 [MainThread] DEBUG        [_swap_pixmap] anchor=(1221.7, 1024.7)
09:13:48.229 [MainThread] DEBUG        [_swap_pixmap] status=success
09:13:50.261 [MainThread] DEBUG    >>> wheelEvent.zoom | factor=1.25
09:13:50.261 [MainThread] DEBUG    >>> _abort_hq | old_token=894, active_hq=0
09:13:50.261 [MainThread] DEBUG    >>> _swap_pixmap_preserving_view | old_scale=0.4315, new_scale=1.0000, pixmap_size=2447x2047
09:13:50.261 [MainThread] DEBUG        [_swap_pixmap] anchor=(1221.7, 1024.7)
09:13:50.262 [MainThread] DEBUG        [_swap_pixmap] status=success
09:13:50.292 [MainThread] DEBUG    >>> wheelEvent.zoom | factor=1.25
09:13:50.293 [MainThread] DEBUG    >>> _abort_hq | old_token=895, active_hq=0
09:13:50.308 [MainThread] DEBUG    >>> wheelEvent.zoom | factor=1.25
09:13:50.308 [MainThread] DEBUG    >>> _abort_hq | old_token=896, active_hq=0
09:13:50.332 [MainThread] DEBUG    >>> wheelEvent.zoom | factor=1.25
09:13:50.332 [MainThread] DEBUG    >>> _abort_hq | old_token=897, active_hq=0
09:13:50.340 [MainThread] DEBUG    >>> wheelEvent.zoom | factor=1.25
09:13:50.340 [MainThread] DEBUG    >>> _abort_hq | old_token=898, active_hq=0
09:13:50.373 [MainThread] DEBUG    >>> wheelEvent.zoom | factor=1.25
09:13:50.374 [MainThread] DEBUG    >>> _abort_hq | old_token=899, active_hq=0
09:13:53.279 [MainThread] DEBUG    >>> next_image | current=0, requested=1, total=25
09:13:53.280 [MainThread] DEBUG    >>> _load_current_image | current=FRE0510_H4F065HDF13_F6570_FUQ6802408_T_-1071.874866_1128.009872_0153560_0245744_20260903_144251.jpg, previous=FRE0330_H4F065HDF13_F6570_FUQ6802040_T_-414.149706_-1008.596913_0153560_0245744_20260903_194821.jpg
09:13:53.280 [MainThread] DEBUG        [_load_current_image] action=load, path=FRE0510_H4F065HDF13_F6570_FUQ6802408_T_-1071.874866_1128.009872_0153560_0245744_20260903_144251.jpg
09:13:53.280 [MainThread] DEBUG    >>> _abort_hq | old_token=900, active_hq=0
09:13:53.281 [MainThread] DEBUG    >>> load_image | token=114, path=FRE0510_H4F065HDF13_F6570_FUQ6802408_T_-1071.874866_1128.009872_0153560_0245744_20260903_144251.jpg, has_image=True, active_threads=0, hq_threads=0
09:13:53.285 [Dummy-197 ] DEBUG        [Thread-114] ImageLoad.start | path=FRE0510_H4F065HDF13_F6570_FUQ6802408_T_-1071.874866_1128.009872_0153560_0245744_20260903_144251.jpg
09:13:53.389 [Dummy-197 ] DEBUG        [Thread-114] ImageLoad.success | size=2447x2047
09:13:53.394 [MainThread] DEBUG    >>> _handle_image_loaded | token=114, current_token=114, path=FRE0510_H4F065HDF13_F6570_FUQ6802408_T_-1071.874866_1128.009872_0153560_0245744_20260903_144251.jpg, has_error=False, image_valid=True
09:13:53.395 [MainThread] DEBUG    >>> _abort_hq | old_token=901, active_hq=0
09:13:53.395 [MainThread] DEBUG        [_handle_image_loaded] action=create_pixmap, size=2447x2047
09:13:53.397 [MainThread] DEBUG        [_handle_image_loaded] action=fit_to_window
09:13:53.397 [MainThread] DEBUG    >>> _abort_hq | old_token=902, active_hq=0
09:13:53.402 [MainThread] DEBUG    >>> _abort_hq | old_token=903, active_hq=0
09:13:53.563 [MainThread] DEBUG    >>> _start_hq_resize | token=905, target=1056x883, source=2447x2047
09:13:53.565 [Dummy-198 ] DEBUG        [Thread-905] HqResize.start | target=1056x883
09:13:53.728 [Dummy-198 ] DEBUG        [Thread-905] HqResize.success | scale=0.432
09:13:53.728 [MainThread] DEBUG    >>> _handle_hq_resized | token=905, current_token=905, has_error=False, image_valid=True, has_image=True
09:13:53.728 [Dummy-198 ] DEBUG    >>> _cleanup_hq_thread_early | token=905
09:13:53.728 [MainThread] DEBUG        [_handle_hq_resized] action=swap_pixmap, scale=0.4315, size=1056x883
09:13:53.730 [MainThread] DEBUG    >>> _swap_pixmap_preserving_view | old_scale=1.0000, new_scale=0.4315, pixmap_size=1056x883
09:13:53.731 [MainThread] DEBUG        [_swap_pixmap] anchor=(1221.7, 1024.7)
09:13:53.731 [MainThread] DEBUG        [_swap_pixmap] status=success
09:13:53.821 [MainThread] DEBUG    >>> _load_current_image | current=FRE0330_H4F065HDF13_F6570_FUQ6802040_T_-414.149706_-1008.596913_0153560_0245744_20260903_194821.jpg, previous=FRE0510_H4F065HDF13_F6570_FUQ6802408_T_-1071.874866_1128.009872_0153560_0245744_20260903_144251.jpg
09:13:53.821 [MainThread] DEBUG        [_load_current_image] action=load, path=FRE0330_H4F065HDF13_F6570_FUQ6802040_T_-414.149706_-1008.596913_0153560_0245744_20260903_194821.jpg
09:13:53.821 [MainThread] DEBUG    >>> _abort_hq | old_token=905, active_hq=0
09:13:53.821 [MainThread] DEBUG    >>> load_image | token=115, path=FRE0330_H4F065HDF13_F6570_FUQ6802040_T_-414.149706_-1008.596913_0153560_0245744_20260903_194821.jpg, has_image=True, active_threads=0, hq_threads=0
09:13:53.823 [Dummy-170 ] DEBUG        [Thread-115] ImageLoad.start | path=FRE0330_H4F065HDF13_F6570_FUQ6802040_T_-414.149706_-1008.596913_0153560_0245744_20260903_194821.jpg
09:13:53.922 [Dummy-170 ] DEBUG        [Thread-115] ImageLoad.success | size=2447x2047
09:13:53.929 [MainThread] DEBUG    >>> _handle_image_loaded | token=115, current_token=115, path=FRE0330_H4F065HDF13_F6570_FUQ6802040_T_-414.149706_-1008.596913_0153560_0245744_20260903_194821.jpg, has_error=False, image_valid=True
09:13:53.931 [MainThread] DEBUG    >>> _abort_hq | old_token=906, active_hq=0
09:13:53.931 [MainThread] DEBUG        [_handle_image_loaded] action=create_pixmap, size=2447x2047
09:13:53.932 [MainThread] DEBUG        [_handle_image_loaded] action=fit_to_window
09:13:53.932 [MainThread] DEBUG    >>> _abort_hq | old_token=907, active_hq=0
09:13:54.077 [MainThread] DEBUG    >>> _start_hq_resize | token=909, target=1056x883, source=2447x2047
09:13:54.078 [Dummy-199 ] DEBUG        [Thread-909] HqResize.start | target=1056x883
09:13:54.232 [Dummy-199 ] DEBUG        [Thread-909] HqResize.success | scale=0.432
09:13:54.232 [Dummy-199 ] DEBUG    >>> _cleanup_hq_thread_early | token=909
09:13:54.232 [MainThread] DEBUG    >>> _handle_hq_resized | token=909, current_token=909, has_error=False, image_valid=True, has_image=True
09:13:54.232 [MainThread] DEBUG        [_handle_hq_resized] action=swap_pixmap, scale=0.4315, size=1056x883
09:13:54.234 [MainThread] DEBUG    >>> _swap_pixmap_preserving_view | old_scale=1.0000, new_scale=0.4315, pixmap_size=1056x883
09:13:54.235 [MainThread] DEBUG        [_swap_pixmap] anchor=(1221.7, 1024.7)
09:13:54.235 [MainThread] DEBUG        [_swap_pixmap] status=success
09:13:54.829 [MainThread] DEBUG    >>> wheelEvent.zoom | factor=1.25
09:13:54.829 [MainThread] DEBUG    >>> _abort_hq | old_token=909, active_hq=0
09:13:54.829 [MainThread] DEBUG    >>> _swap_pixmap_preserving_view | old_scale=0.4315, new_scale=1.0000, pixmap_size=2447x2047
09:13:54.830 [MainThread] DEBUG        [_swap_pixmap] anchor=(1221.7, 1024.7)
09:13:54.831 [MainThread] DEBUG        [_swap_pixmap] status=success
09:13:54.853 [MainThread] DEBUG    >>> wheelEvent.zoom | factor=1.25
09:13:54.853 [MainThread] DEBUG    >>> _abort_hq | old_token=910, active_hq=0
09:13:54.864 [MainThread] DEBUG    >>> wheelEvent.zoom | factor=1.25
09:13:54.864 [MainThread] DEBUG    >>> _abort_hq | old_token=911, active_hq=0
09:13:54.892 [MainThread] DEBUG    >>> wheelEvent.zoom | factor=1.25
09:13:54.892 [MainThread] DEBUG    >>> _abort_hq | old_token=912, active_hq=0
09:13:54.942 [MainThread] DEBUG    >>> wheelEvent.zoom | factor=1.25
09:13:54.942 [MainThread] DEBUG    >>> _abort_hq | old_token=913, active_hq=0
09:13:55.252 [MainThread] DEBUG    >>> wheelEvent.zoom | factor=1.25
09:13:55.252 [MainThread] DEBUG    >>> _abort_hq | old_token=914, active_hq=0
09:13:55.318 [MainThread] DEBUG    >>> wheelEvent.zoom | factor=1.25
09:13:55.318 [MainThread] DEBUG    >>> _abort_hq | old_token=915, active_hq=0
09:13:56.086 [MainThread] DEBUG    >>> classify | key=g, enforce_focus=True, move_in_progress=False, has_session=True
09:13:56.087 [MainThread] DEBUG        [classify] action=start_move, current_image=FRE0330_H4F065HDF13_F6570_FUQ6802040_T_-414.149706_-1008.596913_0153560_0245744_20260903_194821.jpg
09:13:56.101 [MainThread] DEBUG    >>> _handle_classify_finished | has_record=True, has_error=False, record_key=g, record_category=GE
09:13:56.102 [MainThread] DEBUG        [_handle_classify_finished] action=sync_after_session_change
09:13:56.105 [MainThread] DEBUG    >>> _load_current_image | current=FRE0510_H4F065HDF13_F6570_FUQ6802408_T_-1071.874866_1128.009872_0153560_0245744_20260903_144251.jpg, previous=FRE0330_H4F065HDF13_F6570_FUQ6802040_T_-414.149706_-1008.596913_0153560_0245744_20260903_194821.jpg
09:13:56.105 [MainThread] DEBUG        [_load_current_image] action=load, path=FRE0510_H4F065HDF13_F6570_FUQ6802408_T_-1071.874866_1128.009872_0153560_0245744_20260903_144251.jpg
09:13:56.105 [MainThread] DEBUG    >>> _abort_hq | old_token=916, active_hq=0
09:13:56.106 [MainThread] DEBUG    >>> load_image | token=116, path=FRE0510_H4F065HDF13_F6570_FUQ6802408_T_-1071.874866_1128.009872_0153560_0245744_20260903_144251.jpg, has_image=True, active_threads=0, hq_threads=0
09:13:56.110 [Dummy-200 ] DEBUG        [Thread-116] ImageLoad.start | path=FRE0510_H4F065HDF13_F6570_FUQ6802408_T_-1071.874866_1128.009872_0153560_0245744_20260903_144251.jpg
09:13:56.193 [Dummy-200 ] DEBUG        [Thread-116] ImageLoad.success | size=2447x2047
09:13:56.212 [MainThread] DEBUG    >>> _handle_image_loaded | token=116, current_token=116, path=FRE0510_H4F065HDF13_F6570_FUQ6802408_T_-1071.874866_1128.009872_0153560_0245744_20260903_144251.jpg, has_error=False, image_valid=True
09:13:56.212 [MainThread] DEBUG    >>> _abort_hq | old_token=917, active_hq=0
09:13:56.212 [MainThread] DEBUG        [_handle_image_loaded] action=create_pixmap, size=2447x2047
09:13:56.214 [MainThread] DEBUG        [_handle_image_loaded] action=fit_to_window
09:13:56.214 [MainThread] DEBUG    >>> _abort_hq | old_token=918, active_hq=0
09:13:56.221 [MainThread] DEBUG    >>> _abort_hq | old_token=919, active_hq=0
09:13:56.361 [MainThread] DEBUG    >>> _start_hq_resize | token=921, target=1056x883, source=2447x2047
09:13:56.362 [Dummy-201 ] DEBUG        [Thread-921] HqResize.start | target=1056x883
09:13:56.492 [MainThread] DEBUG    >>> classify | key=g, enforce_focus=True, move_in_progress=False, has_session=True
09:13:56.493 [MainThread] DEBUG        [classify] action=start_move, current_image=FRE0510_H4F065HDF13_F6570_FUQ6802408_T_-1071.874866_1128.009872_0153560_0245744_20260903_144251.jpg
09:13:56.501 [MainThread] DEBUG    >>> _handle_classify_finished | has_record=True, has_error=False, record_key=g, record_category=GE
09:13:56.502 [MainThread] DEBUG        [_handle_classify_finished] action=sync_after_session_change
09:13:56.503 [MainThread] DEBUG    >>> _load_current_image | current=FRE0520_H4F067HDF11_F6570_FFE6817418_R_-1083.337027_-1096.678642_0152745_0269834_20260831_062716.jpg, previous=FRE0510_H4F065HDF13_F6570_FUQ6802408_T_-1071.874866_1128.009872_0153560_0245744_20260903_144251.jpg
09:13:56.503 [MainThread] DEBUG        [_load_current_image] action=load, path=FRE0520_H4F067HDF11_F6570_FFE6817418_R_-1083.337027_-1096.678642_0152745_0269834_20260831_062716.jpg
09:13:56.503 [MainThread] DEBUG    >>> _abort_hq | old_token=921, active_hq=1
09:13:56.503 [MainThread] DEBUG    >>> load_image | token=117, path=FRE0520_H4F067HDF11_F6570_FFE6817418_R_-1083.337027_-1096.678642_0152745_0269834_20260831_062716.jpg, has_image=True, active_threads=0, hq_threads=1
09:13:56.505 [Dummy-202 ] DEBUG        [Thread-117] ImageLoad.start | path=FRE0520_H4F067HDF11_F6570_FFE6817418_R_-1083.337027_-1096.678642_0152745_0269834_20260831_062716.jpg
09:13:56.585 [Dummy-202 ] DEBUG        [Thread-117] ImageLoad.success | size=2447x2047
09:13:56.603 [Dummy-201 ] DEBUG        [Thread-921] HqResize.cancelled_late | 
09:13:56.612 [MainThread] DEBUG    >>> _handle_image_loaded | token=117, current_token=117, path=FRE0520_H4F067HDF11_F6570_FFE6817418_R_-1083.337027_-1096.678642_0152745_0269834_20260831_062716.jpg, has_error=False, image_valid=True
09:13:56.612 [MainThread] DEBUG    >>> _abort_hq | old_token=922, active_hq=1
09:13:56.612 [MainThread] WARNING  ⚠️  Found deleted C++ QObject in _hq_threads (cleaned up) | token=921
09:13:56.612 [MainThread] DEBUG        [_handle_image_loaded] action=create_pixmap, size=2447x2047
09:13:56.614 [MainThread] DEBUG        [_handle_image_loaded] action=fit_to_window
09:13:56.614 [MainThread] DEBUG    >>> _abort_hq | old_token=923, active_hq=0
09:13:56.615 [MainThread] DEBUG    >>> _handle_hq_resized | token=921, current_token=924, has_error=True, image_valid=False, has_image=True
09:13:56.615 [MainThread] DEBUG        [_handle_hq_resized] action=ignore, reason=token_mismatch
09:13:56.770 [MainThread] DEBUG    >>> _start_hq_resize | token=925, target=1056x883, source=2447x2047
09:13:56.775 [Dummy-203 ] DEBUG        [Thread-925] HqResize.start | target=1056x883
09:13:56.940 [Dummy-203 ] DEBUG        [Thread-925] HqResize.success | scale=0.432
09:13:56.941 [Dummy-203 ] DEBUG    >>> _cleanup_hq_thread_early | token=925
09:13:56.941 [MainThread] DEBUG    >>> _handle_hq_resized | token=925, current_token=925, has_error=False, image_valid=True, has_image=True
09:13:56.941 [MainThread] DEBUG        [_handle_hq_resized] action=swap_pixmap, scale=0.4315, size=1056x883
09:13:56.943 [MainThread] DEBUG    >>> _swap_pixmap_preserving_view | old_scale=1.0000, new_scale=0.4315, pixmap_size=1056x883
09:13:56.943 [MainThread] DEBUG        [_swap_pixmap] anchor=(1221.7, 1024.7)
09:13:56.943 [MainThread] DEBUG        [_swap_pixmap] status=success
09:13:57.165 [MainThread] DEBUG    >>> wheelEvent.zoom | factor=1.25
09:13:57.165 [MainThread] DEBUG    >>> _abort_hq | old_token=925, active_hq=0
09:13:57.165 [MainThread] DEBUG    >>> _swap_pixmap_preserving_view | old_scale=0.4315, new_scale=1.0000, pixmap_size=2447x2047
09:13:57.165 [MainThread] DEBUG        [_swap_pixmap] anchor=(1221.7, 1024.7)
09:13:57.166 [MainThread] DEBUG        [_swap_pixmap] status=success
09:13:57.181 [MainThread] DEBUG    >>> wheelEvent.zoom | factor=1.25
09:13:57.181 [MainThread] DEBUG    >>> _abort_hq | old_token=926, active_hq=0
09:13:57.220 [MainThread] DEBUG    >>> wheelEvent.zoom | factor=1.25
09:13:57.220 [MainThread] DEBUG    >>> _abort_hq | old_token=927, active_hq=0
09:13:57.376 [MainThread] DEBUG    >>> _start_hq_resize | token=929, target=2062x1725, source=2447x2047
09:13:57.377 [Dummy-204 ] DEBUG        [Thread-929] HqResize.start | target=2062x1725
09:13:57.606 [Dummy-204 ] DEBUG        [Thread-929] HqResize.success | scale=0.843
09:13:57.606 [Dummy-204 ] DEBUG    >>> _cleanup_hq_thread_early | token=929
09:13:57.607 [MainThread] DEBUG    >>> _handle_hq_resized | token=929, current_token=929, has_error=False, image_valid=True, has_image=True
09:13:57.607 [MainThread] DEBUG        [_handle_hq_resized] action=swap_pixmap, scale=0.8427, size=2062x1725
09:13:57.614 [MainThread] DEBUG    >>> _swap_pixmap_preserving_view | old_scale=1.0000, new_scale=0.8427, pixmap_size=2062x1725
09:13:57.614 [MainThread] DEBUG        [_swap_pixmap] anchor=(1179.8, 1054.0)
09:13:57.616 [MainThread] DEBUG        [_swap_pixmap] status=success
09:13:59.077 [MainThread] DEBUG    >>> classify | key=G, enforce_focus=True, move_in_progress=False, has_session=True
09:13:59.077 [MainThread] DEBUG        [classify] action=start_move, current_image=FRE0520_H4F067HDF11_F6570_FFE6817418_R_-1083.337027_-1096.678642_0152745_0269834_20260831_062716.jpg
09:13:59.087 [MainThread] DEBUG    >>> _handle_classify_finished | has_record=True, has_error=False, record_key=G, record_category=TP_GE
09:13:59.088 [MainThread] DEBUG        [_handle_classify_finished] action=sync_after_session_change
09:13:59.090 [MainThread] DEBUG    >>> _load_current_image | current=FRE0530_H4F065HDF13_F6570_FUQ6800135_T_-452.785613_-130.346756_0153560_0245744_20260903_115115.jpg, previous=FRE0520_H4F067HDF11_F6570_FFE6817418_R_-1083.337027_-1096.678642_0152745_0269834_20260831_062716.jpg
09:13:59.090 [MainThread] DEBUG        [_load_current_image] action=load, path=FRE0530_H4F065HDF13_F6570_FUQ6800135_T_-452.785613_-130.346756_0153560_0245744_20260903_115115.jpg
09:13:59.090 [MainThread] DEBUG    >>> _abort_hq | old_token=929, active_hq=0
09:13:59.090 [MainThread] DEBUG    >>> load_image | token=118, path=FRE0530_H4F065HDF13_F6570_FUQ6800135_T_-452.785613_-130.346756_0153560_0245744_20260903_115115.jpg, has_image=True, active_threads=0, hq_threads=0
09:13:59.092 [Dummy-205 ] DEBUG        [Thread-118] ImageLoad.start | path=FRE0530_H4F065HDF13_F6570_FUQ6800135_T_-452.785613_-130.346756_0153560_0245744_20260903_115115.jpg
09:13:59.164 [Dummy-205 ] DEBUG        [Thread-118] ImageLoad.success | size=2447x2047
09:13:59.180 [MainThread] DEBUG    >>> _handle_image_loaded | token=118, current_token=118, path=FRE0530_H4F065HDF13_F6570_FUQ6800135_T_-452.785613_-130.346756_0153560_0245744_20260903_115115.jpg, has_error=False, image_valid=True
09:13:59.183 [MainThread] DEBUG    >>> _abort_hq | old_token=930, active_hq=0
09:13:59.183 [MainThread] DEBUG        [_handle_image_loaded] action=create_pixmap, size=2447x2047
09:13:59.184 [MainThread] DEBUG        [_handle_image_loaded] action=fit_to_window
09:13:59.184 [MainThread] DEBUG    >>> _abort_hq | old_token=931, active_hq=0
09:13:59.190 [MainThread] DEBUG    >>> _abort_hq | old_token=932, active_hq=0
09:13:59.345 [MainThread] DEBUG    >>> _start_hq_resize | token=934, target=1056x883, source=2447x2047
09:13:59.346 [Dummy-123 ] DEBUG        [Thread-934] HqResize.start | target=1056x883
09:13:59.495 [Dummy-123 ] DEBUG        [Thread-934] HqResize.success | scale=0.432
09:13:59.495 [MainThread] DEBUG    >>> _handle_hq_resized | token=934, current_token=934, has_error=False, image_valid=True, has_image=True
09:13:59.495 [Dummy-123 ] DEBUG    >>> _cleanup_hq_thread_early | token=934
09:13:59.495 [MainThread] DEBUG        [_handle_hq_resized] action=swap_pixmap, scale=0.4315, size=1056x883
09:13:59.498 [MainThread] DEBUG    >>> _swap_pixmap_preserving_view | old_scale=1.0000, new_scale=0.4315, pixmap_size=1056x883
09:13:59.498 [MainThread] DEBUG        [_swap_pixmap] anchor=(1221.7, 1024.7)
09:13:59.498 [MainThread] DEBUG        [_swap_pixmap] status=success
09:14:00.141 [MainThread] DEBUG    >>> classify | key=g, enforce_focus=True, move_in_progress=False, has_session=True
09:14:00.141 [MainThread] DEBUG        [classify] action=start_move, current_image=FRE0530_H4F065HDF13_F6570_FUQ6800135_T_-452.785613_-130.346756_0153560_0245744_20260903_115115.jpg
09:14:00.149 [MainThread] DEBUG    >>> _handle_classify_finished | has_record=True, has_error=False, record_key=g, record_category=GE
09:14:00.150 [MainThread] DEBUG        [_handle_classify_finished] action=sync_after_session_change
09:14:00.151 [MainThread] DEBUG    >>> _load_current_image | current=FRE0530_H4F065HDF13_F6570_FUQ6800135_T_-543.323485_1024.049110_0153560_0245744_20260903_115120.jpg, previous=FRE0530_H4F065HDF13_F6570_FUQ6800135_T_-452.785613_-130.346756_0153560_0245744_20260903_115115.jpg
09:14:00.151 [MainThread] DEBUG        [_load_current_image] action=load, path=FRE0530_H4F065HDF13_F6570_FUQ6800135_T_-543.323485_1024.049110_0153560_0245744_20260903_115120.jpg
09:14:00.151 [MainThread] DEBUG    >>> _abort_hq | old_token=934, active_hq=0
09:14:00.151 [MainThread] DEBUG    >>> load_image | token=119, path=FRE0530_H4F065HDF13_F6570_FUQ6800135_T_-543.323485_1024.049110_0153560_0245744_20260903_115120.jpg, has_image=True, active_threads=0, hq_threads=0
09:14:00.153 [Dummy-206 ] DEBUG        [Thread-119] ImageLoad.start | path=FRE0530_H4F065HDF13_F6570_FUQ6800135_T_-543.323485_1024.049110_0153560_0245744_20260903_115120.jpg
09:14:00.229 [Dummy-206 ] DEBUG        [Thread-119] ImageLoad.success | size=2447x2047
09:14:00.246 [MainThread] DEBUG    >>> _handle_image_loaded | token=119, current_token=119, path=FRE0530_H4F065HDF13_F6570_FUQ6800135_T_-543.323485_1024.049110_0153560_0245744_20260903_115120.jpg, has_error=False, image_valid=True
09:14:00.248 [MainThread] DEBUG    >>> _abort_hq | old_token=935, active_hq=0
09:14:00.248 [MainThread] DEBUG        [_handle_image_loaded] action=create_pixmap, size=2447x2047
09:14:00.248 [MainThread] DEBUG        [_handle_image_loaded] action=fit_to_window
09:14:00.248 [MainThread] DEBUG    >>> _abort_hq | old_token=936, active_hq=0
09:14:00.410 [MainThread] DEBUG    >>> _start_hq_resize | token=938, target=1056x883, source=2447x2047
09:14:00.414 [Dummy-30  ] DEBUG        [Thread-938] HqResize.start | target=1056x883
09:14:00.591 [Dummy-30  ] DEBUG        [Thread-938] HqResize.success | scale=0.432
09:14:00.592 [Dummy-30  ] DEBUG    >>> _cleanup_hq_thread_early | token=938
09:14:00.592 [MainThread] DEBUG    >>> _handle_hq_resized | token=938, current_token=938, has_error=False, image_valid=True, has_image=True
09:14:00.592 [MainThread] DEBUG        [_handle_hq_resized] action=swap_pixmap, scale=0.4315, size=1056x883
09:14:00.594 [MainThread] DEBUG    >>> _swap_pixmap_preserving_view | old_scale=1.0000, new_scale=0.4315, pixmap_size=1056x883
09:14:00.594 [MainThread] DEBUG        [_swap_pixmap] anchor=(1221.7, 1024.7)
09:14:00.594 [MainThread] DEBUG        [_swap_pixmap] status=success
09:14:00.694 [MainThread] DEBUG    >>> classify | key=g, enforce_focus=True, move_in_progress=False, has_session=True
09:14:00.694 [MainThread] DEBUG        [classify] action=start_move, current_image=FRE0530_H4F065HDF13_F6570_FUQ6800135_T_-543.323485_1024.049110_0153560_0245744_20260903_115120.jpg
09:14:00.699 [MainThread] DEBUG    >>> _handle_classify_finished | has_record=True, has_error=False, record_key=g, record_category=GE
09:14:00.699 [MainThread] DEBUG        [_handle_classify_finished] action=sync_after_session_change
09:14:00.700 [MainThread] DEBUG    >>> _load_current_image | current=FRE0530_H4F065HDF13_F6570_FUQ6801844_T_-535.613915_-204.203138_0153560_0245744_20260903_124307.jpg, previous=FRE0530_H4F065HDF13_F6570_FUQ6800135_T_-543.323485_1024.049110_0153560_0245744_20260903_115120.jpg
09:14:00.700 [MainThread] DEBUG        [_load_current_image] action=load, path=FRE0530_H4F065HDF13_F6570_FUQ6801844_T_-535.613915_-204.203138_0153560_0245744_20260903_124307.jpg
09:14:00.700 [MainThread] DEBUG    >>> _abort_hq | old_token=938, active_hq=0
09:14:00.701 [MainThread] DEBUG    >>> load_image | token=120, path=FRE0530_H4F065HDF13_F6570_FUQ6801844_T_-535.613915_-204.203138_0153560_0245744_20260903_124307.jpg, has_image=True, active_threads=0, hq_threads=0
09:14:00.702 [Dummy-207 ] DEBUG        [Thread-120] ImageLoad.start | path=FRE0530_H4F065HDF13_F6570_FUQ6801844_T_-535.613915_-204.203138_0153560_0245744_20260903_124307.jpg
09:14:00.781 [Dummy-207 ] DEBUG        [Thread-120] ImageLoad.success | size=2447x2047
09:14:00.798 [MainThread] DEBUG    >>> _handle_image_loaded | token=120, current_token=120, path=FRE0530_H4F065HDF13_F6570_FUQ6801844_T_-535.613915_-204.203138_0153560_0245744_20260903_124307.jpg, has_error=False, image_valid=True
09:14:00.800 [MainThread] DEBUG    >>> _abort_hq | old_token=939, active_hq=0
09:14:00.800 [MainThread] DEBUG        [_handle_image_loaded] action=create_pixmap, size=2447x2047
09:14:00.801 [MainThread] DEBUG        [_handle_image_loaded] action=fit_to_window
09:14:00.801 [MainThread] DEBUG    >>> _abort_hq | old_token=940, active_hq=0
09:14:00.942 [MainThread] DEBUG    >>> _start_hq_resize | token=942, target=1056x883, source=2447x2047
09:14:00.943 [Dummy-13  ] DEBUG        [Thread-942] HqResize.start | target=1056x883
09:14:01.096 [Dummy-13  ] DEBUG        [Thread-942] HqResize.success | scale=0.432
09:14:01.096 [Dummy-13  ] DEBUG    >>> _cleanup_hq_thread_early | token=942
09:14:01.096 [MainThread] DEBUG    >>> _handle_hq_resized | token=942, current_token=942, has_error=False, image_valid=True, has_image=True
09:14:01.096 [MainThread] DEBUG        [_handle_hq_resized] action=swap_pixmap, scale=0.4315, size=1056x883
09:14:01.099 [MainThread] DEBUG    >>> _swap_pixmap_preserving_view | old_scale=1.0000, new_scale=0.4315, pixmap_size=1056x883
09:14:01.099 [MainThread] DEBUG        [_swap_pixmap] anchor=(1221.7, 1024.7)
09:14:01.099 [MainThread] DEBUG        [_swap_pixmap] status=success
09:14:01.159 [MainThread] DEBUG    >>> classify | key=g, enforce_focus=True, move_in_progress=False, has_session=True
09:14:01.159 [MainThread] DEBUG        [classify] action=start_move, current_image=FRE0530_H4F065HDF13_F6570_FUQ6801844_T_-535.613915_-204.203138_0153560_0245744_20260903_124307.jpg
09:14:01.164 [MainThread] DEBUG    >>> _handle_classify_finished | has_record=True, has_error=False, record_key=g, record_category=GE
09:14:01.164 [MainThread] DEBUG        [_handle_classify_finished] action=sync_after_session_change
09:14:01.165 [MainThread] DEBUG    >>> _load_current_image | current=FRE0540_H4F045FWF01_F6570_FUY6803446_R_1087.332886_-249.026369_0153560_0270003_20260827_193539.jpg, previous=FRE0530_H4F065HDF13_F6570_FUQ6801844_T_-535.613915_-204.203138_0153560_0245744_20260903_124307.jpg
09:14:01.165 [MainThread] DEBUG        [_load_current_image] action=load, path=FRE0540_H4F045FWF01_F6570_FUY6803446_R_1087.332886_-249.026369_0153560_0270003_20260827_193539.jpg
09:14:01.165 [MainThread] DEBUG    >>> _abort_hq | old_token=942, active_hq=0
09:14:01.166 [MainThread] DEBUG    >>> load_image | token=121, path=FRE0540_H4F045FWF01_F6570_FUY6803446_R_1087.332886_-249.026369_0153560_0270003_20260827_193539.jpg, has_image=True, active_threads=0, hq_threads=0
09:14:01.168 [Dummy-208 ] DEBUG        [Thread-121] ImageLoad.start | path=FRE0540_H4F045FWF01_F6570_FUY6803446_R_1087.332886_-249.026369_0153560_0270003_20260827_193539.jpg
09:14:01.247 [Dummy-208 ] DEBUG        [Thread-121] ImageLoad.success | size=2447x2047
09:14:01.258 [MainThread] DEBUG    >>> _handle_image_loaded | token=121, current_token=121, path=FRE0540_H4F045FWF01_F6570_FUY6803446_R_1087.332886_-249.026369_0153560_0270003_20260827_193539.jpg, has_error=False, image_valid=True
09:14:01.260 [MainThread] DEBUG    >>> _abort_hq | old_token=943, active_hq=0
09:14:01.260 [MainThread] DEBUG        [_handle_image_loaded] action=create_pixmap, size=2447x2047
09:14:01.261 [MainThread] DEBUG        [_handle_image_loaded] action=fit_to_window
09:14:01.261 [MainThread] DEBUG    >>> _abort_hq | old_token=944, active_hq=0
09:14:01.397 [MainThread] DEBUG    >>> _start_hq_resize | token=946, target=1056x883, source=2447x2047
09:14:01.398 [Dummy-209 ] DEBUG        [Thread-946] HqResize.start | target=1056x883
09:14:01.548 [Dummy-209 ] DEBUG        [Thread-946] HqResize.success | scale=0.432
09:14:01.548 [Dummy-209 ] DEBUG    >>> _cleanup_hq_thread_early | token=946
09:14:01.548 [MainThread] DEBUG    >>> _handle_hq_resized | token=946, current_token=946, has_error=False, image_valid=True, has_image=True
09:14:01.548 [MainThread] DEBUG        [_handle_hq_resized] action=swap_pixmap, scale=0.4315, size=1056x883
09:14:01.550 [MainThread] DEBUG    >>> _swap_pixmap_preserving_view | old_scale=1.0000, new_scale=0.4315, pixmap_size=1056x883
09:14:01.550 [MainThread] DEBUG        [_swap_pixmap] anchor=(1221.7, 1024.7)
09:14:01.550 [MainThread] DEBUG        [_swap_pixmap] status=success
09:14:03.036 [MainThread] DEBUG    >>> wheelEvent.zoom | factor=1.25
09:14:03.037 [MainThread] DEBUG    >>> _abort_hq | old_token=946, active_hq=0
09:14:03.037 [MainThread] DEBUG    >>> _swap_pixmap_preserving_view | old_scale=0.4315, new_scale=1.0000, pixmap_size=2447x2047
09:14:03.037 [MainThread] DEBUG        [_swap_pixmap] anchor=(1221.7, 1024.7)
09:14:03.038 [MainThread] DEBUG        [_swap_pixmap] status=success
09:14:03.061 [MainThread] DEBUG    >>> wheelEvent.zoom | factor=1.25
09:14:03.062 [MainThread] DEBUG    >>> _abort_hq | old_token=947, active_hq=0
09:14:03.085 [MainThread] DEBUG    >>> wheelEvent.zoom | factor=1.25
09:14:03.085 [MainThread] DEBUG    >>> _abort_hq | old_token=948, active_hq=0
09:14:03.141 [MainThread] DEBUG    >>> wheelEvent.zoom | factor=1.25
09:14:03.141 [MainThread] DEBUG    >>> _abort_hq | old_token=949, active_hq=0
09:14:04.686 [MainThread] DEBUG    >>> classify | key=G, enforce_focus=True, move_in_progress=False, has_session=True
09:14:04.686 [MainThread] DEBUG        [classify] action=start_move, current_image=FRE0540_H4F045FWF01_F6570_FUY6803446_R_1087.332886_-249.026369_0153560_0270003_20260827_193539.jpg
09:14:04.696 [MainThread] DEBUG    >>> _handle_classify_finished | has_record=True, has_error=False, record_key=G, record_category=TP_GE
09:14:04.697 [MainThread] DEBUG        [_handle_classify_finished] action=sync_after_session_change
09:14:04.698 [MainThread] DEBUG    >>> _load_current_image | current=FRE0540_H4F065HDF13_F6570_FUQ6802115_T_-1072.826756_-279.841108_0153560_0245744_20260903_152335.jpg, previous=FRE0540_H4F045FWF01_F6570_FUY6803446_R_1087.332886_-249.026369_0153560_0270003_20260827_193539.jpg
09:14:04.698 [MainThread] DEBUG        [_load_current_image] action=load, path=FRE0540_H4F065HDF13_F6570_FUQ6802115_T_-1072.826756_-279.841108_0153560_0245744_20260903_152335.jpg
09:14:04.698 [MainThread] DEBUG    >>> _abort_hq | old_token=950, active_hq=0
09:14:04.698 [MainThread] DEBUG    >>> load_image | token=122, path=FRE0540_H4F065HDF13_F6570_FUQ6802115_T_-1072.826756_-279.841108_0153560_0245744_20260903_152335.jpg, has_image=True, active_threads=0, hq_threads=0
09:14:04.700 [Dummy-210 ] DEBUG        [Thread-122] ImageLoad.start | path=FRE0540_H4F065HDF13_F6570_FUQ6802115_T_-1072.826756_-279.841108_0153560_0245744_20260903_152335.jpg
09:14:04.771 [Dummy-210 ] DEBUG        [Thread-122] ImageLoad.success | size=2447x2047
09:14:04.786 [MainThread] DEBUG    >>> _handle_image_loaded | token=122, current_token=122, path=FRE0540_H4F065HDF13_F6570_FUQ6802115_T_-1072.826756_-279.841108_0153560_0245744_20260903_152335.jpg, has_error=False, image_valid=True
09:14:04.786 [MainThread] DEBUG    >>> _abort_hq | old_token=951, active_hq=0
09:14:04.786 [MainThread] DEBUG        [_handle_image_loaded] action=create_pixmap, size=2447x2047
09:14:04.788 [MainThread] DEBUG        [_handle_image_loaded] action=fit_to_window
09:14:04.788 [MainThread] DEBUG    >>> _abort_hq | old_token=952, active_hq=0
09:14:04.792 [MainThread] DEBUG    >>> _abort_hq | old_token=953, active_hq=0
09:14:04.927 [MainThread] DEBUG    >>> _start_hq_resize | token=955, target=1056x883, source=2447x2047
09:14:04.928 [Dummy-211 ] DEBUG        [Thread-955] HqResize.start | target=1056x883
09:14:05.078 [Dummy-211 ] DEBUG        [Thread-955] HqResize.success | scale=0.432
09:14:05.078 [MainThread] DEBUG    >>> _handle_hq_resized | token=955, current_token=955, has_error=False, image_valid=True, has_image=True
09:14:05.078 [Dummy-211 ] DEBUG    >>> _cleanup_hq_thread_early | token=955
09:14:05.078 [MainThread] DEBUG        [_handle_hq_resized] action=swap_pixmap, scale=0.4315, size=1056x883
09:14:05.081 [MainThread] DEBUG    >>> _swap_pixmap_preserving_view | old_scale=1.0000, new_scale=0.4315, pixmap_size=1056x883
09:14:05.081 [MainThread] DEBUG        [_swap_pixmap] anchor=(1221.7, 1024.7)
09:14:05.081 [MainThread] DEBUG        [_swap_pixmap] status=success
09:14:05.541 [MainThread] DEBUG    >>> classify | key=g, enforce_focus=True, move_in_progress=False, has_session=True
09:14:05.541 [MainThread] DEBUG        [classify] action=start_move, current_image=FRE0540_H4F065HDF13_F6570_FUQ6802115_T_-1072.826756_-279.841108_0153560_0245744_20260903_152335.jpg
09:14:05.546 [MainThread] DEBUG    >>> _handle_classify_finished | has_record=True, has_error=False, record_key=g, record_category=GE
09:14:05.546 [MainThread] DEBUG        [_handle_classify_finished] action=sync_after_session_change
09:14:05.547 [MainThread] DEBUG    >>> _load_current_image | current=FRE0710_H4F065HDF09_F6570_FLY6800607_R_-1066.617224_-342.226106_0194923_0160189_20260828_223833.jpg, previous=FRE0540_H4F065HDF13_F6570_FUQ6802115_T_-1072.826756_-279.841108_0153560_0245744_20260903_152335.jpg
09:14:05.548 [MainThread] DEBUG        [_load_current_image] action=load, path=FRE0710_H4F065HDF09_F6570_FLY6800607_R_-1066.617224_-342.226106_0194923_0160189_20260828_223833.jpg
09:14:05.548 [MainThread] DEBUG    >>> _abort_hq | old_token=955, active_hq=0
09:14:05.548 [MainThread] DEBUG    >>> load_image | token=123, path=FRE0710_H4F065HDF09_F6570_FLY6800607_R_-1066.617224_-342.226106_0194923_0160189_20260828_223833.jpg, has_image=True, active_threads=0, hq_threads=0
09:14:05.549 [Dummy-212 ] DEBUG        [Thread-123] ImageLoad.start | path=FRE0710_H4F065HDF09_F6570_FLY6800607_R_-1066.617224_-342.226106_0194923_0160189_20260828_223833.jpg
09:14:05.627 [Dummy-212 ] DEBUG        [Thread-123] ImageLoad.success | size=2447x2047
09:14:05.641 [MainThread] DEBUG    >>> _handle_image_loaded | token=123, current_token=123, path=FRE0710_H4F065HDF09_F6570_FLY6800607_R_-1066.617224_-342.226106_0194923_0160189_20260828_223833.jpg, has_error=False, image_valid=True
09:14:05.643 [MainThread] DEBUG    >>> _abort_hq | old_token=956, active_hq=0
09:14:05.643 [MainThread] DEBUG        [_handle_image_loaded] action=create_pixmap, size=2447x2047
09:14:05.643 [MainThread] DEBUG        [_handle_image_loaded] action=fit_to_window
09:14:05.644 [MainThread] DEBUG    >>> _abort_hq | old_token=957, active_hq=0
09:14:05.788 [MainThread] DEBUG    >>> _start_hq_resize | token=959, target=1056x883, source=2447x2047
09:14:05.789 [Dummy-213 ] DEBUG        [Thread-959] HqResize.start | target=1056x883
09:14:05.951 [Dummy-213 ] DEBUG        [Thread-959] HqResize.success | scale=0.432
09:14:05.951 [Dummy-213 ] DEBUG    >>> _cleanup_hq_thread_early | token=959
09:14:05.951 [MainThread] DEBUG    >>> _handle_hq_resized | token=959, current_token=959, has_error=False, image_valid=True, has_image=True
09:14:05.951 [MainThread] DEBUG        [_handle_hq_resized] action=swap_pixmap, scale=0.4315, size=1056x883
09:14:05.953 [MainThread] DEBUG    >>> _swap_pixmap_preserving_view | old_scale=1.0000, new_scale=0.4315, pixmap_size=1056x883
09:14:05.954 [MainThread] DEBUG        [_swap_pixmap] anchor=(1221.7, 1024.7)
09:14:05.954 [MainThread] DEBUG        [_swap_pixmap] status=success
09:14:07.798 [MainThread] DEBUG    >>> wheelEvent.zoom | factor=1.25
09:14:07.799 [MainThread] DEBUG    >>> _abort_hq | old_token=959, active_hq=0
09:14:07.799 [MainThread] DEBUG    >>> _swap_pixmap_preserving_view | old_scale=0.4315, new_scale=1.0000, pixmap_size=2447x2047
09:14:07.800 [MainThread] DEBUG        [_swap_pixmap] anchor=(1221.7, 1024.7)
09:14:07.801 [MainThread] DEBUG        [_swap_pixmap] status=success
09:14:07.822 [MainThread] DEBUG    >>> wheelEvent.zoom | factor=1.25
09:14:07.823 [MainThread] DEBUG    >>> _abort_hq | old_token=960, active_hq=0
09:14:07.847 [MainThread] DEBUG    >>> wheelEvent.zoom | factor=1.25
09:14:07.847 [MainThread] DEBUG    >>> _abort_hq | old_token=961, active_hq=0
09:14:07.909 [MainThread] DEBUG    >>> wheelEvent.zoom | factor=1.25
09:14:07.909 [MainThread] DEBUG    >>> _abort_hq | old_token=962, active_hq=0
09:14:08.141 [MainThread] DEBUG    >>> wheelEvent.zoom | factor=1.25
09:14:08.141 [MainThread] DEBUG    >>> _abort_hq | old_token=963, active_hq=0
09:14:08.205 [MainThread] DEBUG    >>> wheelEvent.zoom | factor=1.25
09:14:08.205 [MainThread] DEBUG    >>> _abort_hq | old_token=964, active_hq=0
09:14:16.159 [MainThread] DEBUG    >>> wheelEvent.zoom | factor=0.8
09:14:16.159 [MainThread] DEBUG    >>> _abort_hq | old_token=965, active_hq=0
09:14:16.182 [MainThread] DEBUG    >>> wheelEvent.zoom | factor=0.8
09:14:16.182 [MainThread] DEBUG    >>> _abort_hq | old_token=966, active_hq=0
09:14:16.198 [MainThread] DEBUG    >>> wheelEvent.zoom | factor=0.8
09:14:16.198 [MainThread] DEBUG    >>> _abort_hq | old_token=967, active_hq=0
09:14:16.225 [MainThread] DEBUG    >>> wheelEvent.zoom | factor=0.8
09:14:16.225 [MainThread] DEBUG    >>> _abort_hq | old_token=968, active_hq=0
09:14:16.261 [MainThread] DEBUG    >>> wheelEvent.zoom | factor=0.8
09:14:16.261 [MainThread] DEBUG    >>> _abort_hq | old_token=969, active_hq=0
09:14:16.301 [MainThread] DEBUG    >>> wheelEvent.zoom | factor=0.8
09:14:16.301 [MainThread] DEBUG    >>> _abort_hq | old_token=970, active_hq=0
09:14:16.456 [MainThread] DEBUG    >>> _start_hq_resize | token=972, target=1056x883, source=2447x2047
09:14:16.460 [Dummy-214 ] DEBUG        [Thread-972] HqResize.start | target=1056x883
09:14:16.633 [Dummy-214 ] DEBUG        [Thread-972] HqResize.success | scale=0.432
09:14:16.634 [Dummy-214 ] DEBUG    >>> _cleanup_hq_thread_early | token=972
09:14:16.634 [MainThread] DEBUG    >>> _handle_hq_resized | token=972, current_token=972, has_error=False, image_valid=True, has_image=True
09:14:16.634 [MainThread] DEBUG        [_handle_hq_resized] action=swap_pixmap, scale=0.4315, size=1056x883
09:14:16.636 [MainThread] DEBUG    >>> _swap_pixmap_preserving_view | old_scale=1.0000, new_scale=0.4315, pixmap_size=1056x883
09:14:16.636 [MainThread] DEBUG        [_swap_pixmap] anchor=(1221.7, 1024.7)
09:14:16.636 [MainThread] DEBUG        [_swap_pixmap] status=success
09:14:17.397 [MainThread] DEBUG    >>> wheelEvent.zoom | factor=1.25
09:14:17.397 [MainThread] DEBUG    >>> _abort_hq | old_token=972, active_hq=0
09:14:17.398 [MainThread] DEBUG    >>> _swap_pixmap_preserving_view | old_scale=0.4315, new_scale=1.0000, pixmap_size=2447x2047
09:14:17.398 [MainThread] DEBUG        [_swap_pixmap] anchor=(1221.7, 1024.7)
09:14:17.399 [MainThread] DEBUG        [_swap_pixmap] status=success
09:14:17.547 [MainThread] DEBUG    >>> _start_hq_resize | token=974, target=1319x1104, source=2447x2047
09:14:17.552 [Dummy-215 ] DEBUG        [Thread-974] HqResize.start | target=1319x1104
09:14:17.572 [MainThread] DEBUG    >>> wheelEvent.zoom | factor=1.25
09:14:17.573 [MainThread] DEBUG    >>> _abort_hq | old_token=974, active_hq=1
09:14:17.591 [MainThread] DEBUG    >>> wheelEvent.zoom | factor=1.25
09:14:17.591 [MainThread] DEBUG    >>> _abort_hq | old_token=975, active_hq=1
09:14:17.648 [MainThread] DEBUG    >>> wheelEvent.zoom | factor=1.25
09:14:17.648 [MainThread] DEBUG    >>> _abort_hq | old_token=976, active_hq=1
09:14:17.702 [MainThread] DEBUG    >>> wheelEvent.zoom | factor=1.25
09:14:17.702 [MainThread] DEBUG    >>> _abort_hq | old_token=977, active_hq=1
09:14:17.759 [Dummy-215 ] DEBUG        [Thread-974] HqResize.cancelled_late | 
09:14:17.759 [MainThread] DEBUG    >>> _handle_hq_resized | token=974, current_token=978, has_error=True, image_valid=False, has_image=True
09:14:17.759 [MainThread] DEBUG        [_handle_hq_resized] action=ignore, reason=token_mismatch
09:14:17.845 [MainThread] WARNING  ⚠️  Found deleted C++ QObject in _hq_threads (cleaned up) | token=974
09:14:19.507 [MainThread] DEBUG    >>> next_image | current=0, requested=1, total=17
09:14:19.508 [MainThread] DEBUG    >>> _load_current_image | current=FRE0710_H4F065HDF13_F6570_FUQ6803206_T_208.435199_61.169493_0194923_0245744_20260904_023905.jpg, previous=FRE0710_H4F065HDF09_F6570_FLY6800607_R_-1066.617224_-342.226106_0194923_0160189_20260828_223833.jpg
09:14:19.508 [MainThread] DEBUG        [_load_current_image] action=load, path=FRE0710_H4F065HDF13_F6570_FUQ6803206_T_208.435199_61.169493_0194923_0245744_20260904_023905.jpg
09:14:19.508 [MainThread] DEBUG    >>> _abort_hq | old_token=978, active_hq=0
09:14:19.509 [MainThread] DEBUG    >>> load_image | token=124, path=FRE0710_H4F065HDF13_F6570_FUQ6803206_T_208.435199_61.169493_0194923_0245744_20260904_023905.jpg, has_image=True, active_threads=0, hq_threads=0
09:14:19.512 [Dummy-216 ] DEBUG        [Thread-124] ImageLoad.start | path=FRE0710_H4F065HDF13_F6570_FUQ6803206_T_208.435199_61.169493_0194923_0245744_20260904_023905.jpg
09:14:19.615 [Dummy-216 ] DEBUG        [Thread-124] ImageLoad.success | size=2447x2047
09:14:19.620 [MainThread] DEBUG    >>> _handle_image_loaded | token=124, current_token=124, path=FRE0710_H4F065HDF13_F6570_FUQ6803206_T_208.435199_61.169493_0194923_0245744_20260904_023905.jpg, has_error=False, image_valid=True
09:14:19.621 [MainThread] DEBUG    >>> _abort_hq | old_token=979, active_hq=0
09:14:19.621 [MainThread] DEBUG        [_handle_image_loaded] action=create_pixmap, size=2447x2047
09:14:19.623 [MainThread] DEBUG        [_handle_image_loaded] action=fit_to_window
09:14:19.623 [MainThread] DEBUG    >>> _abort_hq | old_token=980, active_hq=0
09:14:19.628 [MainThread] DEBUG    >>> _abort_hq | old_token=981, active_hq=0
09:14:19.774 [MainThread] DEBUG    >>> _start_hq_resize | token=983, target=1056x883, source=2447x2047
09:14:19.775 [Dummy-217 ] DEBUG        [Thread-983] HqResize.start | target=1056x883
09:14:19.934 [Dummy-217 ] DEBUG        [Thread-983] HqResize.success | scale=0.432
09:14:19.934 [Dummy-217 ] DEBUG    >>> _cleanup_hq_thread_early | token=983
09:14:19.934 [MainThread] DEBUG    >>> _handle_hq_resized | token=983, current_token=983, has_error=False, image_valid=True, has_image=True
09:14:19.934 [MainThread] DEBUG        [_handle_hq_resized] action=swap_pixmap, scale=0.4315, size=1056x883
09:14:19.936 [MainThread] DEBUG    >>> _swap_pixmap_preserving_view | old_scale=1.0000, new_scale=0.4315, pixmap_size=1056x883
09:14:19.937 [MainThread] DEBUG        [_swap_pixmap] anchor=(1221.7, 1024.7)
09:14:19.937 [MainThread] DEBUG        [_swap_pixmap] status=success
09:14:20.441 [MainThread] DEBUG    >>> classify | key=g, enforce_focus=True, move_in_progress=False, has_session=True
09:14:20.442 [MainThread] DEBUG        [classify] action=start_move, current_image=FRE0710_H4F065HDF13_F6570_FUQ6803206_T_208.435199_61.169493_0194923_0245744_20260904_023905.jpg
09:14:20.458 [MainThread] DEBUG    >>> _handle_classify_finished | has_record=True, has_error=False, record_key=g, record_category=GE
09:14:20.459 [MainThread] DEBUG        [_handle_classify_finished] action=sync_after_session_change
09:14:20.462 [MainThread] DEBUG    >>> _load_current_image | current=FRE0720_H4F065HDF13_F6570_FUQ6803216_T_-804.865288_471.230362_0194923_0245744_20260904_031531.jpg, previous=FRE0710_H4F065HDF13_F6570_FUQ6803206_T_208.435199_61.169493_0194923_0245744_20260904_023905.jpg
09:14:20.462 [MainThread] DEBUG        [_load_current_image] action=load, path=FRE0720_H4F065HDF13_F6570_FUQ6803216_T_-804.865288_471.230362_0194923_0245744_20260904_031531.jpg
09:14:20.463 [MainThread] DEBUG    >>> _abort_hq | old_token=983, active_hq=0
09:14:20.463 [MainThread] DEBUG    >>> load_image | token=125, path=FRE0720_H4F065HDF13_F6570_FUQ6803216_T_-804.865288_471.230362_0194923_0245744_20260904_031531.jpg, has_image=True, active_threads=0, hq_threads=0
09:14:20.467 [Dummy-218 ] DEBUG        [Thread-125] ImageLoad.start | path=FRE0720_H4F065HDF13_F6570_FUQ6803216_T_-804.865288_471.230362_0194923_0245744_20260904_031531.jpg
09:14:20.560 [Dummy-218 ] DEBUG        [Thread-125] ImageLoad.success | size=2447x2047
09:14:20.575 [MainThread] DEBUG    >>> _handle_image_loaded | token=125, current_token=125, path=FRE0720_H4F065HDF13_F6570_FUQ6803216_T_-804.865288_471.230362_0194923_0245744_20260904_031531.jpg, has_error=False, image_valid=True
09:14:20.577 [MainThread] DEBUG    >>> _abort_hq | old_token=984, active_hq=0
09:14:20.577 [MainThread] DEBUG        [_handle_image_loaded] action=create_pixmap, size=2447x2047
09:14:20.578 [MainThread] DEBUG        [_handle_image_loaded] action=fit_to_window
09:14:20.578 [MainThread] DEBUG    >>> _abort_hq | old_token=985, active_hq=0
09:14:20.728 [MainThread] DEBUG    >>> _start_hq_resize | token=987, target=1056x883, source=2447x2047
09:14:20.729 [Dummy-219 ] DEBUG        [Thread-987] HqResize.start | target=1056x883
09:14:20.892 [Dummy-219 ] DEBUG        [Thread-987] HqResize.success | scale=0.432
09:14:20.892 [Dummy-219 ] DEBUG    >>> _cleanup_hq_thread_early | token=987
09:14:20.892 [MainThread] DEBUG    >>> _handle_hq_resized | token=987, current_token=987, has_error=False, image_valid=True, has_image=True
09:14:20.893 [MainThread] DEBUG        [_handle_hq_resized] action=swap_pixmap, scale=0.4315, size=1056x883
09:14:20.895 [MainThread] DEBUG    >>> _swap_pixmap_preserving_view | old_scale=1.0000, new_scale=0.4315, pixmap_size=1056x883
09:14:20.895 [MainThread] DEBUG        [_swap_pixmap] anchor=(1221.7, 1024.7)
09:14:20.895 [MainThread] DEBUG        [_swap_pixmap] status=success
09:14:20.927 [MainThread] DEBUG    >>> classify | key=g, enforce_focus=True, move_in_progress=False, has_session=True
09:14:20.927 [MainThread] DEBUG        [classify] action=start_move, current_image=FRE0720_H4F065HDF13_F6570_FUQ6803216_T_-804.865288_471.230362_0194923_0245744_20260904_031531.jpg
09:14:20.931 [MainThread] DEBUG    >>> _handle_classify_finished | has_record=True, has_error=False, record_key=g, record_category=GE
09:14:20.932 [MainThread] DEBUG        [_handle_classify_finished] action=sync_after_session_change
09:14:20.933 [MainThread] DEBUG    >>> _load_current_image | current=FRE0720_H4F065HDF13_F6570_FUQ6804423_T_51.670236_-655.114911_0194923_0245744_20260904_072219.jpg, previous=FRE0720_H4F065HDF13_F6570_FUQ6803216_T_-804.865288_471.230362_0194923_0245744_20260904_031531.jpg
09:14:20.933 [MainThread] DEBUG        [_load_current_image] action=load, path=FRE0720_H4F065HDF13_F6570_FUQ6804423_T_51.670236_-655.114911_0194923_0245744_20260904_072219.jpg
09:14:20.933 [MainThread] DEBUG    >>> _abort_hq | old_token=987, active_hq=0
09:14:20.933 [MainThread] DEBUG    >>> load_image | token=126, path=FRE0720_H4F065HDF13_F6570_FUQ6804423_T_51.670236_-655.114911_0194923_0245744_20260904_072219.jpg, has_image=True, active_threads=0, hq_threads=0
09:14:20.934 [Dummy-220 ] DEBUG        [Thread-126] ImageLoad.start | path=FRE0720_H4F065HDF13_F6570_FUQ6804423_T_51.670236_-655.114911_0194923_0245744_20260904_072219.jpg
09:14:21.018 [Dummy-220 ] DEBUG        [Thread-126] ImageLoad.success | size=2447x2047
09:14:21.028 [MainThread] DEBUG    >>> _handle_image_loaded | token=126, current_token=126, path=FRE0720_H4F065HDF13_F6570_FUQ6804423_T_51.670236_-655.114911_0194923_0245744_20260904_072219.jpg, has_error=False, image_valid=True
09:14:21.029 [MainThread] DEBUG    >>> _abort_hq | old_token=988, active_hq=0
09:14:21.030 [MainThread] DEBUG        [_handle_image_loaded] action=create_pixmap, size=2447x2047
09:14:21.030 [MainThread] DEBUG        [_handle_image_loaded] action=fit_to_window
09:14:21.030 [MainThread] DEBUG    >>> _abort_hq | old_token=989, active_hq=0
09:14:21.188 [MainThread] DEBUG    >>> _start_hq_resize | token=991, target=1056x883, source=2447x2047
09:14:21.192 [Dummy-221 ] DEBUG        [Thread-991] HqResize.start | target=1056x883
09:14:21.365 [Dummy-221 ] DEBUG        [Thread-991] HqResize.success | scale=0.432
09:14:21.366 [Dummy-221 ] DEBUG    >>> _cleanup_hq_thread_early | token=991
09:14:21.366 [MainThread] DEBUG    >>> _handle_hq_resized | token=991, current_token=991, has_error=False, image_valid=True, has_image=True
09:14:21.366 [MainThread] DEBUG        [_handle_hq_resized] action=swap_pixmap, scale=0.4315, size=1056x883
09:14:21.368 [MainThread] DEBUG    >>> _swap_pixmap_preserving_view | old_scale=1.0000, new_scale=0.4315, pixmap_size=1056x883
09:14:21.368 [MainThread] DEBUG        [_swap_pixmap] anchor=(1221.7, 1024.7)
09:14:21.368 [MainThread] DEBUG        [_swap_pixmap] status=success
09:14:21.551 [MainThread] DEBUG    >>> classify | key=g, enforce_focus=True, move_in_progress=False, has_session=True
09:14:21.551 [MainThread] DEBUG        [classify] action=start_move, current_image=FRE0720_H4F065HDF13_F6570_FUQ6804423_T_51.670236_-655.114911_0194923_0245744_20260904_072219.jpg
09:14:21.559 [MainThread] DEBUG    >>> _handle_classify_finished | has_record=True, has_error=False, record_key=g, record_category=GE
09:14:21.560 [MainThread] DEBUG        [_handle_classify_finished] action=sync_after_session_change
09:14:21.561 [MainThread] DEBUG    >>> _load_current_image | current=FRE0740_H4F065HDF13_F6570_FUQ6801601_T_583.642057_-666.826235_0194923_0245744_20260904_071447.jpg, previous=FRE0720_H4F065HDF13_F6570_FUQ6804423_T_51.670236_-655.114911_0194923_0245744_20260904_072219.jpg
09:14:21.561 [MainThread] DEBUG        [_load_current_image] action=load, path=FRE0740_H4F065HDF13_F6570_FUQ6801601_T_583.642057_-666.826235_0194923_0245744_20260904_071447.jpg
09:14:21.561 [MainThread] DEBUG    >>> _abort_hq | old_token=991, active_hq=0
09:14:21.561 [MainThread] DEBUG    >>> load_image | token=127, path=FRE0740_H4F065HDF13_F6570_FUQ6801601_T_583.642057_-666.826235_0194923_0245744_20260904_071447.jpg, has_image=True, active_threads=0, hq_threads=0
09:14:21.563 [Dummy-222 ] DEBUG        [Thread-127] ImageLoad.start | path=FRE0740_H4F065HDF13_F6570_FUQ6801601_T_583.642057_-666.826235_0194923_0245744_20260904_071447.jpg
09:14:21.645 [Dummy-222 ] DEBUG        [Thread-127] ImageLoad.success | size=2447x2047
09:14:21.660 [MainThread] DEBUG    >>> _handle_image_loaded | token=127, current_token=127, path=FRE0740_H4F065HDF13_F6570_FUQ6801601_T_583.642057_-666.826235_0194923_0245744_20260904_071447.jpg, has_error=False, image_valid=True
09:14:21.661 [MainThread] DEBUG    >>> _abort_hq | old_token=992, active_hq=0
09:14:21.661 [MainThread] DEBUG        [_handle_image_loaded] action=create_pixmap, size=2447x2047
09:14:21.662 [MainThread] DEBUG        [_handle_image_loaded] action=fit_to_window
09:14:21.662 [MainThread] DEBUG    >>> _abort_hq | old_token=993, active_hq=0
09:14:21.820 [MainThread] DEBUG    >>> _start_hq_resize | token=995, target=1056x883, source=2447x2047
09:14:21.825 [Dummy-223 ] DEBUG        [Thread-995] HqResize.start | target=1056x883
09:14:22.006 [Dummy-223 ] DEBUG        [Thread-995] HqResize.success | scale=0.432
09:14:22.007 [MainThread] DEBUG    >>> _handle_hq_resized | token=995, current_token=995, has_error=False, image_valid=True, has_image=True
09:14:22.007 [Dummy-223 ] DEBUG    >>> _cleanup_hq_thread_early | token=995
09:14:22.007 [MainThread] DEBUG        [_handle_hq_resized] action=swap_pixmap, scale=0.4315, size=1056x883
09:14:22.009 [MainThread] DEBUG    >>> _swap_pixmap_preserving_view | old_scale=1.0000, new_scale=0.4315, pixmap_size=1056x883
09:14:22.009 [MainThread] DEBUG        [_swap_pixmap] anchor=(1221.7, 1024.7)
09:14:22.009 [MainThread] DEBUG        [_swap_pixmap] status=success
09:14:22.016 [MainThread] DEBUG    >>> classify | key=g, enforce_focus=True, move_in_progress=False, has_session=True
09:14:22.016 [MainThread] DEBUG        [classify] action=start_move, current_image=FRE0740_H4F065HDF13_F6570_FUQ6801601_T_583.642057_-666.826235_0194923_0245744_20260904_071447.jpg
09:14:22.020 [MainThread] DEBUG    >>> _handle_classify_finished | has_record=True, has_error=False, record_key=g, record_category=GE
09:14:22.021 [MainThread] DEBUG        [_handle_classify_finished] action=sync_after_session_change
09:14:22.022 [MainThread] DEBUG    >>> _load_current_image | current=FRE1410_H4F069HDF04_F6570_FUJ6808227_T_-568.602762_753.861918_0160189_0069094_20260904_174907.jpg, previous=FRE0740_H4F065HDF13_F6570_FUQ6801601_T_583.642057_-666.826235_0194923_0245744_20260904_071447.jpg
09:14:22.022 [MainThread] DEBUG        [_load_current_image] action=load, path=FRE1410_H4F069HDF04_F6570_FUJ6808227_T_-568.602762_753.861918_0160189_0069094_20260904_174907.jpg
09:14:22.022 [MainThread] DEBUG    >>> _abort_hq | old_token=995, active_hq=0
09:14:22.023 [MainThread] DEBUG    >>> load_image | token=128, path=FRE1410_H4F069HDF04_F6570_FUJ6808227_T_-568.602762_753.861918_0160189_0069094_20260904_174907.jpg, has_image=True, active_threads=0, hq_threads=0
09:14:22.025 [Dummy-224 ] DEBUG        [Thread-128] ImageLoad.start | path=FRE1410_H4F069HDF04_F6570_FUJ6808227_T_-568.602762_753.861918_0160189_0069094_20260904_174907.jpg
09:14:22.112 [Dummy-224 ] DEBUG        [Thread-128] ImageLoad.success | size=2447x2047
09:14:22.119 [MainThread] DEBUG    >>> _handle_image_loaded | token=128, current_token=128, path=FRE1410_H4F069HDF04_F6570_FUJ6808227_T_-568.602762_753.861918_0160189_0069094_20260904_174907.jpg, has_error=False, image_valid=True
09:14:22.121 [MainThread] DEBUG    >>> _abort_hq | old_token=996, active_hq=0
09:14:22.121 [MainThread] DEBUG        [_handle_image_loaded] action=create_pixmap, size=2447x2047
09:14:22.122 [MainThread] DEBUG        [_handle_image_loaded] action=fit_to_window
09:14:22.122 [MainThread] DEBUG    >>> _abort_hq | old_token=997, active_hq=0
09:14:22.259 [MainThread] DEBUG    >>> _start_hq_resize | token=999, target=1056x883, source=2447x2047
09:14:22.260 [Dummy-225 ] DEBUG        [Thread-999] HqResize.start | target=1056x883
09:14:22.423 [Dummy-225 ] DEBUG        [Thread-999] HqResize.success | scale=0.432
09:14:22.423 [Dummy-225 ] DEBUG    >>> _cleanup_hq_thread_early | token=999
09:14:22.424 [MainThread] DEBUG    >>> _handle_hq_resized | token=999, current_token=999, has_error=False, image_valid=True, has_image=True
09:14:22.424 [MainThread] DEBUG        [_handle_hq_resized] action=swap_pixmap, scale=0.4315, size=1056x883
09:14:22.426 [MainThread] DEBUG    >>> _swap_pixmap_preserving_view | old_scale=1.0000, new_scale=0.4315, pixmap_size=1056x883
09:14:22.426 [MainThread] DEBUG        [_swap_pixmap] anchor=(1221.7, 1024.7)
09:14:22.426 [MainThread] DEBUG        [_swap_pixmap] status=success
09:14:23.798 [MainThread] DEBUG    >>> wheelEvent.zoom | factor=1.25
09:14:23.798 [MainThread] DEBUG    >>> _abort_hq | old_token=999, active_hq=0
09:14:23.798 [MainThread] DEBUG    >>> _swap_pixmap_preserving_view | old_scale=0.4315, new_scale=1.0000, pixmap_size=2447x2047
09:14:23.798 [MainThread] DEBUG        [_swap_pixmap] anchor=(1221.7, 1024.7)
09:14:23.799 [MainThread] DEBUG        [_swap_pixmap] status=success
09:14:23.839 [MainThread] DEBUG    >>> wheelEvent.zoom | factor=1.25
09:14:23.839 [MainThread] DEBUG    >>> _abort_hq | old_token=1000, active_hq=0
09:14:23.974 [MainThread] DEBUG    >>> _start_hq_resize | token=1002, target=1649x1380, source=2447x2047
09:14:23.975 [Dummy-226 ] DEBUG        [Thread-1002] HqResize.start | target=1649x1380
09:14:24.110 [MainThread] DEBUG    >>> wheelEvent.zoom | factor=1.25
09:14:24.110 [MainThread] DEBUG    >>> _abort_hq | old_token=1002, active_hq=1
09:14:24.162 [MainThread] DEBUG    >>> wheelEvent.zoom | factor=1.25
09:14:24.162 [MainThread] DEBUG    >>> _abort_hq | old_token=1003, active_hq=1
09:14:24.178 [Dummy-226 ] DEBUG        [Thread-1002] HqResize.cancelled_late | 
09:14:24.178 [MainThread] DEBUG    >>> _handle_hq_resized | token=1002, current_token=1004, has_error=True, image_valid=False, has_image=True
09:14:24.178 [MainThread] DEBUG        [_handle_hq_resized] action=ignore, reason=token_mismatch
09:14:24.297 [MainThread] WARNING  ⚠️  Found deleted C++ QObject in _hq_threads (cleaned up) | token=1002
09:14:27.399 [MainThread] DEBUG    >>> classify | key=g, enforce_focus=True, move_in_progress=False, has_session=True
09:14:27.399 [MainThread] DEBUG        [classify] action=start_move, current_image=FRE1410_H4F069HDF04_F6570_FUJ6808227_T_-568.602762_753.861918_0160189_0069094_20260904_174907.jpg
09:14:27.404 [MainThread] DEBUG    >>> _handle_classify_finished | has_record=True, has_error=False, record_key=g, record_category=GE
09:14:27.404 [MainThread] DEBUG        [_handle_classify_finished] action=sync_after_session_change
09:14:27.405 [MainThread] DEBUG    >>> _load_current_image | current=FRE1430_H4F045FWF01_F6570_FUY6804020_T_-839.516397_194.135596_0160189_0068422_20260827_040530.jpg, previous=FRE1410_H4F069HDF04_F6570_FUJ6808227_T_-568.602762_753.861918_0160189_0069094_20260904_174907.jpg
09:14:27.405 [MainThread] DEBUG        [_load_current_image] action=load, path=FRE1430_H4F045FWF01_F6570_FUY6804020_T_-839.516397_194.135596_0160189_0068422_20260827_040530.jpg
09:14:27.405 [MainThread] DEBUG    >>> _abort_hq | old_token=1004, active_hq=0
09:14:27.405 [MainThread] DEBUG    >>> load_image | token=129, path=FRE1430_H4F045FWF01_F6570_FUY6804020_T_-839.516397_194.135596_0160189_0068422_20260827_040530.jpg, has_image=True, active_threads=0, hq_threads=0
09:14:27.406 [Dummy-227 ] DEBUG        [Thread-129] ImageLoad.start | path=FRE1430_H4F045FWF01_F6570_FUY6804020_T_-839.516397_194.135596_0160189_0068422_20260827_040530.jpg
09:14:27.483 [Dummy-227 ] DEBUG        [Thread-129] ImageLoad.success | size=2447x2047
09:14:27.490 [MainThread] DEBUG    >>> _handle_image_loaded | token=129, current_token=129, path=FRE1430_H4F045FWF01_F6570_FUY6804020_T_-839.516397_194.135596_0160189_0068422_20260827_040530.jpg, has_error=False, image_valid=True
09:14:27.490 [MainThread] DEBUG    >>> _abort_hq | old_token=1005, active_hq=0
09:14:27.490 [MainThread] DEBUG        [_handle_image_loaded] action=create_pixmap, size=2447x2047
09:14:27.492 [MainThread] DEBUG        [_handle_image_loaded] action=fit_to_window
09:14:27.492 [MainThread] DEBUG    >>> _abort_hq | old_token=1006, active_hq=0
09:14:27.496 [MainThread] DEBUG    >>> _abort_hq | old_token=1007, active_hq=0
09:14:27.644 [MainThread] DEBUG    >>> _start_hq_resize | token=1009, target=1056x883, source=2447x2047
09:14:27.646 [Dummy-228 ] DEBUG        [Thread-1009] HqResize.start | target=1056x883
09:14:27.819 [Dummy-228 ] DEBUG        [Thread-1009] HqResize.success | scale=0.432
09:14:27.820 [Dummy-228 ] DEBUG    >>> _cleanup_hq_thread_early | token=1009
09:14:27.820 [MainThread] DEBUG    >>> _handle_hq_resized | token=1009, current_token=1009, has_error=False, image_valid=True, has_image=True
09:14:27.820 [MainThread] DEBUG        [_handle_hq_resized] action=swap_pixmap, scale=0.4315, size=1056x883
09:14:27.822 [MainThread] DEBUG    >>> _swap_pixmap_preserving_view | old_scale=1.0000, new_scale=0.4315, pixmap_size=1056x883
09:14:27.822 [MainThread] DEBUG        [_swap_pixmap] anchor=(1221.7, 1024.7)
09:14:27.822 [MainThread] DEBUG        [_swap_pixmap] status=success
09:14:28.446 [MainThread] DEBUG    >>> wheelEvent.zoom | factor=1.25
09:14:28.447 [MainThread] DEBUG    >>> _abort_hq | old_token=1009, active_hq=0
09:14:28.447 [MainThread] DEBUG    >>> _swap_pixmap_preserving_view | old_scale=0.4315, new_scale=1.0000, pixmap_size=2447x2047
09:14:28.447 [MainThread] DEBUG        [_swap_pixmap] anchor=(1221.7, 1024.7)
09:14:28.448 [MainThread] DEBUG        [_swap_pixmap] status=success
09:14:28.495 [MainThread] DEBUG    >>> wheelEvent.zoom | factor=1.25
09:14:28.495 [MainThread] DEBUG    >>> _abort_hq | old_token=1010, active_hq=0
09:14:28.526 [MainThread] DEBUG    >>> wheelEvent.zoom | factor=1.25
09:14:28.527 [MainThread] DEBUG    >>> _abort_hq | old_token=1011, active_hq=0
09:14:28.607 [MainThread] DEBUG    >>> wheelEvent.zoom | factor=1.25
09:14:28.607 [MainThread] DEBUG    >>> _abort_hq | old_token=1012, active_hq=0
09:14:28.815 [MainThread] DEBUG    >>> wheelEvent.zoom | factor=1.25
09:14:28.815 [MainThread] DEBUG    >>> _abort_hq | old_token=1013, active_hq=0
09:14:28.861 [MainThread] DEBUG    >>> wheelEvent.zoom | factor=1.25
09:14:28.863 [MainThread] DEBUG    >>> _abort_hq | old_token=1014, active_hq=0
09:14:31.080 [MainThread] DEBUG    >>> classify | key=r, enforce_focus=True, move_in_progress=False, has_session=True
09:14:31.081 [MainThread] DEBUG        [classify] action=start_move, current_image=FRE1430_H4F045FWF01_F6570_FUY6804020_T_-839.516397_194.135596_0160189_0068422_20260827_040530.jpg
09:14:31.099 [MainThread] DEBUG    >>> _handle_classify_finished | has_record=True, has_error=False, record_key=r, record_category=RD
09:14:31.100 [MainThread] DEBUG        [_handle_classify_finished] action=sync_after_session_change
09:14:31.105 [MainThread] DEBUG    >>> _load_current_image | current=SAP1010_H4F065HDF13_F6570_FUQ6803704_T_-593.152124_1058.786902_0194923_0245744_20260903_224031.jpg, previous=FRE1430_H4F045FWF01_F6570_FUY6804020_T_-839.516397_194.135596_0160189_0068422_20260827_040530.jpg
09:14:31.105 [MainThread] DEBUG        [_load_current_image] action=load, path=SAP1010_H4F065HDF13_F6570_FUQ6803704_T_-593.152124_1058.786902_0194923_0245744_20260903_224031.jpg
09:14:31.106 [MainThread] DEBUG    >>> _abort_hq | old_token=1015, active_hq=0
09:14:31.106 [MainThread] DEBUG    >>> load_image | token=130, path=SAP1010_H4F065HDF13_F6570_FUQ6803704_T_-593.152124_1058.786902_0194923_0245744_20260903_224031.jpg, has_image=True, active_threads=0, hq_threads=0
09:14:31.112 [Dummy-112 ] DEBUG        [Thread-130] ImageLoad.start | path=SAP1010_H4F065HDF13_F6570_FUQ6803704_T_-593.152124_1058.786902_0194923_0245744_20260903_224031.jpg
09:14:31.202 [Dummy-112 ] DEBUG        [Thread-130] ImageLoad.success | size=2447x2047
09:14:31.214 [MainThread] DEBUG    >>> _handle_image_loaded | token=130, current_token=130, path=SAP1010_H4F065HDF13_F6570_FUQ6803704_T_-593.152124_1058.786902_0194923_0245744_20260903_224031.jpg, has_error=False, image_valid=True
09:14:31.214 [MainThread] DEBUG    >>> _abort_hq | old_token=1016, active_hq=0
09:14:31.214 [MainThread] DEBUG        [_handle_image_loaded] action=create_pixmap, size=2447x2047
09:14:31.216 [MainThread] DEBUG        [_handle_image_loaded] action=fit_to_window
09:14:31.216 [MainThread] DEBUG    >>> _abort_hq | old_token=1017, active_hq=0
09:14:31.222 [MainThread] DEBUG    >>> _abort_hq | old_token=1018, active_hq=0
09:14:31.372 [MainThread] DEBUG    >>> _start_hq_resize | token=1020, target=1056x883, source=2447x2047
09:14:31.373 [Dummy-113 ] DEBUG        [Thread-1020] HqResize.start | target=1056x883
09:14:31.528 [Dummy-113 ] DEBUG        [Thread-1020] HqResize.success | scale=0.432
09:14:31.528 [Dummy-113 ] DEBUG    >>> _cleanup_hq_thread_early | token=1020
09:14:31.528 [MainThread] DEBUG    >>> _handle_hq_resized | token=1020, current_token=1020, has_error=False, image_valid=True, has_image=True
09:14:31.528 [MainThread] DEBUG        [_handle_hq_resized] action=swap_pixmap, scale=0.4315, size=1056x883
09:14:31.530 [MainThread] DEBUG    >>> _swap_pixmap_preserving_view | old_scale=1.0000, new_scale=0.4315, pixmap_size=1056x883
09:14:31.530 [MainThread] DEBUG        [_swap_pixmap] anchor=(1221.7, 1024.7)
09:14:31.530 [MainThread] DEBUG        [_swap_pixmap] status=success
09:14:32.031 [MainThread] DEBUG    >>> classify | key=g, enforce_focus=True, move_in_progress=False, has_session=True
09:14:32.031 [MainThread] DEBUG        [classify] action=start_move, current_image=SAP1010_H4F065HDF13_F6570_FUQ6803704_T_-593.152124_1058.786902_0194923_0245744_20260903_224031.jpg
09:14:32.037 [MainThread] DEBUG    >>> _handle_classify_finished | has_record=True, has_error=False, record_key=g, record_category=GE
09:14:32.037 [MainThread] DEBUG        [_handle_classify_finished] action=sync_after_session_change
09:14:32.038 [MainThread] DEBUG    >>> _load_current_image | current=SAP1010_H4F065HDF13_F6570_FUQ6803841_T_26.260975_-961.297189_0194923_0245744_20260903_201543.jpg, previous=SAP1010_H4F065HDF13_F6570_FUQ6803704_T_-593.152124_1058.786902_0194923_0245744_20260903_224031.jpg
09:14:32.039 [MainThread] DEBUG        [_load_current_image] action=load, path=SAP1010_H4F065HDF13_F6570_FUQ6803841_T_26.260975_-961.297189_0194923_0245744_20260903_201543.jpg
09:14:32.039 [MainThread] DEBUG    >>> _abort_hq | old_token=1020, active_hq=0
09:14:32.039 [MainThread] DEBUG    >>> load_image | token=131, path=SAP1010_H4F065HDF13_F6570_FUQ6803841_T_26.260975_-961.297189_0194923_0245744_20260903_201543.jpg, has_image=True, active_threads=0, hq_threads=0
09:14:32.041 [Dummy-110 ] DEBUG        [Thread-131] ImageLoad.start | path=SAP1010_H4F065HDF13_F6570_FUQ6803841_T_26.260975_-961.297189_0194923_0245744_20260903_201543.jpg
09:14:32.130 [Dummy-110 ] DEBUG        [Thread-131] ImageLoad.success | size=2447x2047
09:14:32.140 [MainThread] DEBUG    >>> _handle_image_loaded | token=131, current_token=131, path=SAP1010_H4F065HDF13_F6570_FUQ6803841_T_26.260975_-961.297189_0194923_0245744_20260903_201543.jpg, has_error=False, image_valid=True
09:14:32.141 [MainThread] DEBUG    >>> _abort_hq | old_token=1021, active_hq=0
09:14:32.142 [MainThread] DEBUG        [_handle_image_loaded] action=create_pixmap, size=2447x2047
09:14:32.142 [MainThread] DEBUG        [_handle_image_loaded] action=fit_to_window
09:14:32.142 [MainThread] DEBUG    >>> _abort_hq | old_token=1022, active_hq=0
09:14:32.296 [MainThread] DEBUG    >>> _start_hq_resize | token=1024, target=1056x883, source=2447x2047
09:14:32.298 [Dummy-229 ] DEBUG        [Thread-1024] HqResize.start | target=1056x883
09:14:32.472 [Dummy-229 ] DEBUG        [Thread-1024] HqResize.success | scale=0.432
09:14:32.473 [Dummy-229 ] DEBUG    >>> _cleanup_hq_thread_early | token=1024
09:14:32.473 [MainThread] DEBUG    >>> _handle_hq_resized | token=1024, current_token=1024, has_error=False, image_valid=True, has_image=True
09:14:32.473 [MainThread] DEBUG        [_handle_hq_resized] action=swap_pixmap, scale=0.4315, size=1056x883
09:14:32.475 [MainThread] DEBUG    >>> _swap_pixmap_preserving_view | old_scale=1.0000, new_scale=0.4315, pixmap_size=1056x883
09:14:32.475 [MainThread] DEBUG        [_swap_pixmap] anchor=(1221.7, 1024.7)
09:14:32.475 [MainThread] DEBUG        [_swap_pixmap] status=success
09:14:32.735 [MainThread] DEBUG    >>> classify | key=g, enforce_focus=True, move_in_progress=False, has_session=True
09:14:32.735 [MainThread] DEBUG        [classify] action=start_move, current_image=SAP1010_H4F065HDF13_F6570_FUQ6803841_T_26.260975_-961.297189_0194923_0245744_20260903_201543.jpg
09:14:32.739 [MainThread] DEBUG    >>> _handle_classify_finished | has_record=True, has_error=False, record_key=g, record_category=GE
09:14:32.740 [MainThread] DEBUG        [_handle_classify_finished] action=sync_after_session_change
09:14:32.741 [MainThread] DEBUG    >>> _load_current_image | current=SAP1020_H4F065HDF13_F6570_FUQ6800105_T_-170.023409_-494.412547_0194923_0245744_20260904_022254.jpg, previous=SAP1010_H4F065HDF13_F6570_FUQ6803841_T_26.260975_-961.297189_0194923_0245744_20260903_201543.jpg
09:14:32.741 [MainThread] DEBUG        [_load_current_image] action=load, path=SAP1020_H4F065HDF13_F6570_FUQ6800105_T_-170.023409_-494.412547_0194923_0245744_20260904_022254.jpg
09:14:32.741 [MainThread] DEBUG    >>> _abort_hq | old_token=1024, active_hq=0
09:14:32.741 [MainThread] DEBUG    >>> load_image | token=132, path=SAP1020_H4F065HDF13_F6570_FUQ6800105_T_-170.023409_-494.412547_0194923_0245744_20260904_022254.jpg, has_image=True, active_threads=0, hq_threads=0
09:14:32.742 [Dummy-230 ] DEBUG        [Thread-132] ImageLoad.start | path=SAP1020_H4F065HDF13_F6570_FUQ6800105_T_-170.023409_-494.412547_0194923_0245744_20260904_022254.jpg
09:14:32.821 [Dummy-230 ] DEBUG        [Thread-132] ImageLoad.success | size=2447x2047
09:14:32.827 [MainThread] DEBUG    >>> _handle_image_loaded | token=132, current_token=132, path=SAP1020_H4F065HDF13_F6570_FUQ6800105_T_-170.023409_-494.412547_0194923_0245744_20260904_022254.jpg, has_error=False, image_valid=True
09:14:32.829 [MainThread] DEBUG    >>> _abort_hq | old_token=1025, active_hq=0
09:14:32.830 [MainThread] DEBUG        [_handle_image_loaded] action=create_pixmap, size=2447x2047
09:14:32.830 [MainThread] DEBUG        [_handle_image_loaded] action=fit_to_window
09:14:32.830 [MainThread] DEBUG    >>> _abort_hq | old_token=1026, active_hq=0
09:14:32.991 [MainThread] DEBUG    >>> _start_hq_resize | token=1028, target=1056x883, source=2447x2047
09:14:32.993 [Dummy-231 ] DEBUG        [Thread-1028] HqResize.start | target=1056x883
09:14:33.167 [Dummy-231 ] DEBUG        [Thread-1028] HqResize.success | scale=0.432
09:14:33.168 [Dummy-231 ] DEBUG    >>> _cleanup_hq_thread_early | token=1028
09:14:33.168 [MainThread] DEBUG    >>> _handle_hq_resized | token=1028, current_token=1028, has_error=False, image_valid=True, has_image=True
09:14:33.168 [MainThread] DEBUG        [_handle_hq_resized] action=swap_pixmap, scale=0.4315, size=1056x883
09:14:33.170 [MainThread] DEBUG    >>> _swap_pixmap_preserving_view | old_scale=1.0000, new_scale=0.4315, pixmap_size=1056x883
09:14:33.170 [MainThread] DEBUG        [_swap_pixmap] anchor=(1221.7, 1024.7)
09:14:33.170 [MainThread] DEBUG        [_swap_pixmap] status=success
09:14:34.536 [MainThread] DEBUG    >>> next_image | current=1, requested=2, total=9
09:14:34.537 [MainThread] DEBUG    >>> _load_current_image | current=SAP1020_H4F065HDF13_F6570_FUQ6803150_T_958.107891_-415.320986_0194923_0245744_20260904_012940.jpg, previous=SAP1020_H4F065HDF13_F6570_FUQ6800105_T_-170.023409_-494.412547_0194923_0245744_20260904_022254.jpg
09:14:34.538 [MainThread] DEBUG        [_load_current_image] action=load, path=SAP1020_H4F065HDF13_F6570_FUQ6803150_T_958.107891_-415.320986_0194923_0245744_20260904_012940.jpg
09:14:34.538 [MainThread] DEBUG    >>> _abort_hq | old_token=1028, active_hq=0
09:14:34.538 [MainThread] DEBUG    >>> load_image | token=133, path=SAP1020_H4F065HDF13_F6570_FUQ6803150_T_958.107891_-415.320986_0194923_0245744_20260904_012940.jpg, has_image=True, active_threads=0, hq_threads=0
09:14:34.543 [Dummy-232 ] DEBUG        [Thread-133] ImageLoad.start | path=SAP1020_H4F065HDF13_F6570_FUQ6803150_T_958.107891_-415.320986_0194923_0245744_20260904_012940.jpg
09:14:34.644 [Dummy-232 ] DEBUG        [Thread-133] ImageLoad.success | size=2447x2047
09:14:34.650 [MainThread] DEBUG    >>> _handle_image_loaded | token=133, current_token=133, path=SAP1020_H4F065HDF13_F6570_FUQ6803150_T_958.107891_-415.320986_0194923_0245744_20260904_012940.jpg, has_error=False, image_valid=True
09:14:34.652 [MainThread] DEBUG    >>> _abort_hq | old_token=1029, active_hq=0
09:14:34.653 [MainThread] DEBUG        [_handle_image_loaded] action=create_pixmap, size=2447x2047
09:14:34.653 [MainThread] DEBUG        [_handle_image_loaded] action=fit_to_window
09:14:34.653 [MainThread] DEBUG    >>> _abort_hq | old_token=1030, active_hq=0
09:14:34.800 [MainThread] DEBUG    >>> _start_hq_resize | token=1032, target=1056x883, source=2447x2047
09:14:34.803 [Dummy-233 ] DEBUG        [Thread-1032] HqResize.start | target=1056x883
09:14:34.969 [Dummy-233 ] DEBUG        [Thread-1032] HqResize.success | scale=0.432
09:14:34.970 [Dummy-233 ] DEBUG    >>> _cleanup_hq_thread_early | token=1032
09:14:34.970 [MainThread] DEBUG    >>> _handle_hq_resized | token=1032, current_token=1032, has_error=False, image_valid=True, has_image=True
09:14:34.970 [MainThread] DEBUG        [_handle_hq_resized] action=swap_pixmap, scale=0.4315, size=1056x883
09:14:34.972 [MainThread] DEBUG    >>> _swap_pixmap_preserving_view | old_scale=1.0000, new_scale=0.4315, pixmap_size=1056x883
09:14:34.972 [MainThread] DEBUG        [_swap_pixmap] anchor=(1221.7, 1024.7)
09:14:34.972 [MainThread] DEBUG        [_swap_pixmap] status=success
09:14:35.081 [MainThread] DEBUG    >>> _load_current_image | current=SAP1020_H4F065HDF13_F6570_FUQ6800105_T_-170.023409_-494.412547_0194923_0245744_20260904_022254.jpg, previous=SAP1020_H4F065HDF13_F6570_FUQ6803150_T_958.107891_-415.320986_0194923_0245744_20260904_012940.jpg
09:14:35.081 [MainThread] DEBUG        [_load_current_image] action=load, path=SAP1020_H4F065HDF13_F6570_FUQ6800105_T_-170.023409_-494.412547_0194923_0245744_20260904_022254.jpg
09:14:35.082 [MainThread] DEBUG    >>> _abort_hq | old_token=1032, active_hq=0
09:14:35.082 [MainThread] DEBUG    >>> load_image | token=134, path=SAP1020_H4F065HDF13_F6570_FUQ6800105_T_-170.023409_-494.412547_0194923_0245744_20260904_022254.jpg, has_image=True, active_threads=0, hq_threads=0
09:14:35.086 [Dummy-121 ] DEBUG        [Thread-134] ImageLoad.start | path=SAP1020_H4F065HDF13_F6570_FUQ6800105_T_-170.023409_-494.412547_0194923_0245744_20260904_022254.jpg
09:14:35.182 [Dummy-121 ] DEBUG        [Thread-134] ImageLoad.success | size=2447x2047
09:14:35.189 [MainThread] DEBUG    >>> _handle_image_loaded | token=134, current_token=134, path=SAP1020_H4F065HDF13_F6570_FUQ6800105_T_-170.023409_-494.412547_0194923_0245744_20260904_022254.jpg, has_error=False, image_valid=True
09:14:35.191 [MainThread] DEBUG    >>> _abort_hq | old_token=1033, active_hq=0
09:14:35.191 [MainThread] DEBUG        [_handle_image_loaded] action=create_pixmap, size=2447x2047
09:14:35.192 [MainThread] DEBUG        [_handle_image_loaded] action=fit_to_window
09:14:35.192 [MainThread] DEBUG    >>> _abort_hq | old_token=1034, active_hq=0
09:14:35.345 [MainThread] DEBUG    >>> _start_hq_resize | token=1036, target=1056x883, source=2447x2047
09:14:35.347 [Dummy-234 ] DEBUG        [Thread-1036] HqResize.start | target=1056x883
09:14:35.507 [Dummy-234 ] DEBUG        [Thread-1036] HqResize.success | scale=0.432
09:14:35.507 [Dummy-234 ] DEBUG    >>> _cleanup_hq_thread_early | token=1036
09:14:35.507 [MainThread] DEBUG    >>> _handle_hq_resized | token=1036, current_token=1036, has_error=False, image_valid=True, has_image=True
09:14:35.507 [MainThread] DEBUG        [_handle_hq_resized] action=swap_pixmap, scale=0.4315, size=1056x883
09:14:35.509 [MainThread] DEBUG    >>> _swap_pixmap_preserving_view | old_scale=1.0000, new_scale=0.4315, pixmap_size=1056x883
09:14:35.509 [MainThread] DEBUG        [_swap_pixmap] anchor=(1221.7, 1024.7)
09:14:35.510 [MainThread] DEBUG        [_swap_pixmap] status=success
09:14:36.207 [MainThread] DEBUG    >>> next_image | current=1, requested=2, total=9
09:14:36.208 [MainThread] DEBUG    >>> _load_current_image | current=SAP1020_H4F065HDF13_F6570_FUQ6803150_T_958.107891_-415.320986_0194923_0245744_20260904_012940.jpg, previous=SAP1020_H4F065HDF13_F6570_FUQ6800105_T_-170.023409_-494.412547_0194923_0245744_20260904_022254.jpg
09:14:36.208 [MainThread] DEBUG        [_load_current_image] action=load, path=SAP1020_H4F065HDF13_F6570_FUQ6803150_T_958.107891_-415.320986_0194923_0245744_20260904_012940.jpg
09:14:36.208 [MainThread] DEBUG    >>> _abort_hq | old_token=1036, active_hq=0
09:14:36.208 [MainThread] DEBUG    >>> load_image | token=135, path=SAP1020_H4F065HDF13_F6570_FUQ6803150_T_958.107891_-415.320986_0194923_0245744_20260904_012940.jpg, has_image=True, active_threads=0, hq_threads=0
09:14:36.209 [Dummy-235 ] DEBUG        [Thread-135] ImageLoad.start | path=SAP1020_H4F065HDF13_F6570_FUQ6803150_T_958.107891_-415.320986_0194923_0245744_20260904_012940.jpg
09:14:36.290 [Dummy-235 ] DEBUG        [Thread-135] ImageLoad.success | size=2447x2047
09:14:36.297 [MainThread] DEBUG    >>> _handle_image_loaded | token=135, current_token=135, path=SAP1020_H4F065HDF13_F6570_FUQ6803150_T_958.107891_-415.320986_0194923_0245744_20260904_012940.jpg, has_error=False, image_valid=True
09:14:36.299 [MainThread] DEBUG    >>> _abort_hq | old_token=1037, active_hq=0
09:14:36.299 [MainThread] DEBUG        [_handle_image_loaded] action=create_pixmap, size=2447x2047
09:14:36.300 [MainThread] DEBUG        [_handle_image_loaded] action=fit_to_window
09:14:36.300 [MainThread] DEBUG    >>> _abort_hq | old_token=1038, active_hq=0
09:14:36.443 [MainThread] DEBUG    >>> _start_hq_resize | token=1040, target=1056x883, source=2447x2047
09:14:36.444 [Dummy-236 ] DEBUG        [Thread-1040] HqResize.start | target=1056x883
09:14:36.606 [Dummy-236 ] DEBUG        [Thread-1040] HqResize.success | scale=0.432
09:14:36.606 [Dummy-236 ] DEBUG    >>> _cleanup_hq_thread_early | token=1040
09:14:36.606 [MainThread] DEBUG    >>> _handle_hq_resized | token=1040, current_token=1040, has_error=False, image_valid=True, has_image=True
09:14:36.606 [MainThread] DEBUG        [_handle_hq_resized] action=swap_pixmap, scale=0.4315, size=1056x883
09:14:36.608 [MainThread] DEBUG    >>> _swap_pixmap_preserving_view | old_scale=1.0000, new_scale=0.4315, pixmap_size=1056x883
09:14:36.608 [MainThread] DEBUG        [_swap_pixmap] anchor=(1221.7, 1024.7)
09:14:36.609 [MainThread] DEBUG        [_swap_pixmap] status=success
09:14:36.738 [MainThread] DEBUG    >>> _load_current_image | current=SAP1020_H4F065HDF13_F6570_FUQ6800105_T_-170.023409_-494.412547_0194923_0245744_20260904_022254.jpg, previous=SAP1020_H4F065HDF13_F6570_FUQ6803150_T_958.107891_-415.320986_0194923_0245744_20260904_012940.jpg
09:14:36.738 [MainThread] DEBUG        [_load_current_image] action=load, path=SAP1020_H4F065HDF13_F6570_FUQ6800105_T_-170.023409_-494.412547_0194923_0245744_20260904_022254.jpg
09:14:36.738 [MainThread] DEBUG    >>> _abort_hq | old_token=1040, active_hq=0
09:14:36.739 [MainThread] DEBUG    >>> load_image | token=136, path=SAP1020_H4F065HDF13_F6570_FUQ6800105_T_-170.023409_-494.412547_0194923_0245744_20260904_022254.jpg, has_image=True, active_threads=0, hq_threads=0
09:14:36.742 [Dummy-237 ] DEBUG        [Thread-136] ImageLoad.start | path=SAP1020_H4F065HDF13_F6570_FUQ6800105_T_-170.023409_-494.412547_0194923_0245744_20260904_022254.jpg
09:14:36.847 [Dummy-237 ] DEBUG        [Thread-136] ImageLoad.success | size=2447x2047
09:14:36.854 [MainThread] DEBUG    >>> _handle_image_loaded | token=136, current_token=136, path=SAP1020_H4F065HDF13_F6570_FUQ6800105_T_-170.023409_-494.412547_0194923_0245744_20260904_022254.jpg, has_error=False, image_valid=True
09:14:36.856 [MainThread] DEBUG    >>> _abort_hq | old_token=1041, active_hq=0
09:14:36.856 [MainThread] DEBUG        [_handle_image_loaded] action=create_pixmap, size=2447x2047
09:14:36.857 [MainThread] DEBUG        [_handle_image_loaded] action=fit_to_window
09:14:36.857 [MainThread] DEBUG    >>> _abort_hq | old_token=1042, active_hq=0
09:14:37.000 [MainThread] DEBUG    >>> _start_hq_resize | token=1044, target=1056x883, source=2447x2047
09:14:37.004 [Dummy-238 ] DEBUG        [Thread-1044] HqResize.start | target=1056x883
09:14:37.169 [Dummy-238 ] DEBUG        [Thread-1044] HqResize.success | scale=0.432
09:14:37.169 [Dummy-238 ] DEBUG    >>> _cleanup_hq_thread_early | token=1044
09:14:37.170 [MainThread] DEBUG    >>> _handle_hq_resized | token=1044, current_token=1044, has_error=False, image_valid=True, has_image=True
09:14:37.170 [MainThread] DEBUG        [_handle_hq_resized] action=swap_pixmap, scale=0.4315, size=1056x883
09:14:37.172 [MainThread] DEBUG    >>> _swap_pixmap_preserving_view | old_scale=1.0000, new_scale=0.4315, pixmap_size=1056x883
09:14:37.172 [MainThread] DEBUG        [_swap_pixmap] anchor=(1221.7, 1024.7)
09:14:37.172 [MainThread] DEBUG        [_swap_pixmap] status=success
09:14:39.071 [MainThread] DEBUG    >>> wheelEvent.zoom | factor=1.25
09:14:39.072 [MainThread] DEBUG    >>> _abort_hq | old_token=1044, active_hq=0
09:14:39.072 [MainThread] DEBUG    >>> _swap_pixmap_preserving_view | old_scale=0.4315, new_scale=1.0000, pixmap_size=2447x2047
09:14:39.072 [MainThread] DEBUG        [_swap_pixmap] anchor=(1221.7, 1024.7)
09:14:39.074 [MainThread] DEBUG        [_swap_pixmap] status=success
09:14:39.135 [MainThread] DEBUG    >>> wheelEvent.zoom | factor=1.25
09:14:39.135 [MainThread] DEBUG    >>> _abort_hq | old_token=1045, active_hq=0
09:14:39.248 [MainThread] DEBUG    >>> wheelEvent.zoom | factor=1.25
09:14:39.248 [MainThread] DEBUG    >>> _abort_hq | old_token=1046, active_hq=0
09:14:39.408 [MainThread] DEBUG    >>> _start_hq_resize | token=1048, target=2062x1725, source=2447x2047
09:14:39.410 [Dummy-239 ] DEBUG        [Thread-1048] HqResize.start | target=2062x1725
09:14:39.645 [Dummy-239 ] DEBUG        [Thread-1048] HqResize.success | scale=0.843
09:14:39.645 [Dummy-239 ] DEBUG    >>> _cleanup_hq_thread_early | token=1048
09:14:39.645 [MainThread] DEBUG    >>> _handle_hq_resized | token=1048, current_token=1048, has_error=False, image_valid=True, has_image=True
09:14:39.645 [MainThread] DEBUG        [_handle_hq_resized] action=swap_pixmap, scale=0.8427, size=2062x1725
09:14:39.653 [MainThread] DEBUG    >>> _swap_pixmap_preserving_view | old_scale=1.0000, new_scale=0.8427, pixmap_size=2062x1725
09:14:39.653 [MainThread] DEBUG        [_swap_pixmap] anchor=(1273.6, 1029.1)
09:14:39.654 [MainThread] DEBUG        [_swap_pixmap] status=success
09:14:39.975 [MainThread] DEBUG    >>> wheelEvent.zoom | factor=0.8
09:14:39.975 [MainThread] DEBUG    >>> _abort_hq | old_token=1048, active_hq=0
09:14:39.976 [MainThread] DEBUG    >>> _swap_pixmap_preserving_view | old_scale=0.8427, new_scale=1.0000, pixmap_size=2447x2047
09:14:39.976 [MainThread] DEBUG        [_swap_pixmap] anchor=(1273.6, 1027.9)
09:14:39.982 [MainThread] DEBUG        [_swap_pixmap] status=success
09:14:40.032 [MainThread] DEBUG    >>> wheelEvent.zoom | factor=0.8
09:14:40.032 [MainThread] DEBUG    >>> _abort_hq | old_token=1049, active_hq=0
09:14:40.087 [MainThread] DEBUG    >>> wheelEvent.zoom | factor=0.8
09:14:40.088 [MainThread] DEBUG    >>> _abort_hq | old_token=1050, active_hq=0
09:14:40.160 [MainThread] DEBUG    >>> wheelEvent.zoom | factor=0.8
09:14:40.161 [MainThread] DEBUG    >>> _abort_hq | old_token=1051, active_hq=0
09:14:40.312 [MainThread] DEBUG    >>> _start_hq_resize | token=1053, target=844x706, source=2447x2047
09:14:40.313 [Dummy-240 ] DEBUG        [Thread-1053] HqResize.start | target=844x706
09:14:40.351 [MainThread] DEBUG    >>> next_image | current=1, requested=2, total=9
09:14:40.351 [MainThread] DEBUG    >>> _load_current_image | current=SAP1020_H4F065HDF13_F6570_FUQ6803150_T_958.107891_-415.320986_0194923_0245744_20260904_012940.jpg, previous=SAP1020_H4F065HDF13_F6570_FUQ6800105_T_-170.023409_-494.412547_0194923_0245744_20260904_022254.jpg
09:14:40.351 [MainThread] DEBUG        [_load_current_image] action=load, path=SAP1020_H4F065HDF13_F6570_FUQ6803150_T_958.107891_-415.320986_0194923_0245744_20260904_012940.jpg
09:14:40.352 [MainThread] DEBUG    >>> _abort_hq | old_token=1053, active_hq=1
09:14:40.352 [MainThread] DEBUG    >>> load_image | token=137, path=SAP1020_H4F065HDF13_F6570_FUQ6803150_T_958.107891_-415.320986_0194923_0245744_20260904_012940.jpg, has_image=True, active_threads=0, hq_threads=1
09:14:40.354 [Dummy-241 ] DEBUG        [Thread-137] ImageLoad.start | path=SAP1020_H4F065HDF13_F6570_FUQ6803150_T_958.107891_-415.320986_0194923_0245744_20260904_012940.jpg
09:14:40.427 [Dummy-241 ] DEBUG        [Thread-137] ImageLoad.success | size=2447x2047
09:14:40.435 [MainThread] DEBUG    >>> _handle_image_loaded | token=137, current_token=137, path=SAP1020_H4F065HDF13_F6570_FUQ6803150_T_958.107891_-415.320986_0194923_0245744_20260904_012940.jpg, has_error=False, image_valid=True
09:14:40.435 [MainThread] DEBUG    >>> _abort_hq | old_token=1054, active_hq=1
09:14:40.435 [MainThread] DEBUG        [_handle_image_loaded] action=create_pixmap, size=2447x2047
09:14:40.437 [MainThread] DEBUG        [_handle_image_loaded] action=fit_to_window
09:14:40.437 [MainThread] DEBUG    >>> _abort_hq | old_token=1055, active_hq=1
09:14:40.467 [Dummy-240 ] DEBUG        [Thread-1053] HqResize.cancelled_late | 
09:14:40.467 [MainThread] DEBUG    >>> _handle_hq_resized | token=1053, current_token=1056, has_error=True, image_valid=False, has_image=True
09:14:40.468 [MainThread] DEBUG        [_handle_hq_resized] action=ignore, reason=token_mismatch
09:14:40.589 [MainThread] WARNING  ⚠️  Found deleted C++ QObject in _hq_threads (cleaned up) | token=1053
09:14:40.594 [MainThread] DEBUG    >>> _start_hq_resize | token=1057, target=1056x883, source=2447x2047
09:14:40.595 [Dummy-242 ] DEBUG        [Thread-1057] HqResize.start | target=1056x883
09:14:40.742 [Dummy-242 ] DEBUG        [Thread-1057] HqResize.success | scale=0.432
09:14:40.742 [Dummy-242 ] DEBUG    >>> _cleanup_hq_thread_early | token=1057
09:14:40.742 [MainThread] DEBUG    >>> _handle_hq_resized | token=1057, current_token=1057, has_error=False, image_valid=True, has_image=True
09:14:40.742 [MainThread] DEBUG        [_handle_hq_resized] action=swap_pixmap, scale=0.4315, size=1056x883
09:14:40.745 [MainThread] DEBUG    >>> _swap_pixmap_preserving_view | old_scale=1.0000, new_scale=0.4315, pixmap_size=1056x883
09:14:40.745 [MainThread] DEBUG        [_swap_pixmap] anchor=(1221.7, 1024.7)
09:14:40.745 [MainThread] DEBUG        [_swap_pixmap] status=success
09:14:43.359 [MainThread] DEBUG    >>> classify | key=T, enforce_focus=True, move_in_progress=False, has_session=True
09:14:43.359 [MainThread] DEBUG        [classify] action=start_move, current_image=SAP1020_H4F065HDF13_F6570_FUQ6803150_T_958.107891_-415.320986_0194923_0245744_20260904_012940.jpg
09:14:43.368 [MainThread] DEBUG    >>> _handle_classify_finished | has_record=True, has_error=False, record_key=T, record_category=DT
09:14:43.368 [MainThread] DEBUG        [_handle_classify_finished] action=sync_after_session_change
09:14:43.369 [MainThread] DEBUG    >>> _load_current_image | current=SAP1030_H4F065HDF13_F6570_FUQ6804003_T_-146.253252_-343.757360_0194923_0245744_20260903_220436.jpg, previous=SAP1020_H4F065HDF13_F6570_FUQ6803150_T_958.107891_-415.320986_0194923_0245744_20260904_012940.jpg
09:14:43.369 [MainThread] DEBUG        [_load_current_image] action=load, path=SAP1030_H4F065HDF13_F6570_FUQ6804003_T_-146.253252_-343.757360_0194923_0245744_20260903_220436.jpg
09:14:43.369 [MainThread] DEBUG    >>> _abort_hq | old_token=1057, active_hq=0
09:14:43.369 [MainThread] DEBUG    >>> load_image | token=138, path=SAP1030_H4F065HDF13_F6570_FUQ6804003_T_-146.253252_-343.757360_0194923_0245744_20260903_220436.jpg, has_image=True, active_threads=0, hq_threads=0
09:14:43.370 [Dummy-243 ] DEBUG        [Thread-138] ImageLoad.start | path=SAP1030_H4F065HDF13_F6570_FUQ6804003_T_-146.253252_-343.757360_0194923_0245744_20260903_220436.jpg
09:14:43.443 [Dummy-243 ] DEBUG        [Thread-138] ImageLoad.success | size=2447x2047
09:14:43.454 [MainThread] DEBUG    >>> _handle_image_loaded | token=138, current_token=138, path=SAP1030_H4F065HDF13_F6570_FUQ6804003_T_-146.253252_-343.757360_0194923_0245744_20260903_220436.jpg, has_error=False, image_valid=True
09:14:43.455 [MainThread] DEBUG    >>> _abort_hq | old_token=1058, active_hq=0
09:14:43.455 [MainThread] DEBUG        [_handle_image_loaded] action=create_pixmap, size=2447x2047
09:14:43.456 [MainThread] DEBUG        [_handle_image_loaded] action=fit_to_window
09:14:43.456 [MainThread] DEBUG    >>> _abort_hq | old_token=1059, active_hq=0
09:14:43.603 [MainThread] DEBUG    >>> _start_hq_resize | token=1061, target=1056x883, source=2447x2047
09:14:43.604 [Dummy-244 ] DEBUG        [Thread-1061] HqResize.start | target=1056x883
09:14:43.760 [Dummy-244 ] DEBUG        [Thread-1061] HqResize.success | scale=0.432
09:14:43.760 [Dummy-244 ] DEBUG    >>> _cleanup_hq_thread_early | token=1061
09:14:43.760 [MainThread] DEBUG    >>> _handle_hq_resized | token=1061, current_token=1061, has_error=False, image_valid=True, has_image=True
09:14:43.761 [MainThread] DEBUG        [_handle_hq_resized] action=swap_pixmap, scale=0.4315, size=1056x883
09:14:43.763 [MainThread] DEBUG    >>> _swap_pixmap_preserving_view | old_scale=1.0000, new_scale=0.4315, pixmap_size=1056x883
09:14:43.763 [MainThread] DEBUG        [_swap_pixmap] anchor=(1221.7, 1024.7)
09:14:43.764 [MainThread] DEBUG        [_swap_pixmap] status=success
09:14:44.279 [MainThread] DEBUG    >>> classify | key=g, enforce_focus=True, move_in_progress=False, has_session=True
09:14:44.280 [MainThread] DEBUG        [classify] action=start_move, current_image=SAP1030_H4F065HDF13_F6570_FUQ6804003_T_-146.253252_-343.757360_0194923_0245744_20260903_220436.jpg
09:14:44.284 [MainThread] DEBUG    >>> _handle_classify_finished | has_record=True, has_error=False, record_key=g, record_category=GE
09:14:44.284 [MainThread] DEBUG        [_handle_classify_finished] action=sync_after_session_change
09:14:44.285 [MainThread] DEBUG    >>> _load_current_image | current=SAP1040_H4F065HDF13_F6570_FUQ6802338_T_-356.509049_901.944082_0194923_0245744_20260904_045240.jpg, previous=SAP1030_H4F065HDF13_F6570_FUQ6804003_T_-146.253252_-343.757360_0194923_0245744_20260903_220436.jpg
09:14:44.285 [MainThread] DEBUG        [_load_current_image] action=load, path=SAP1040_H4F065HDF13_F6570_FUQ6802338_T_-356.509049_901.944082_0194923_0245744_20260904_045240.jpg
09:14:44.285 [MainThread] DEBUG    >>> _abort_hq | old_token=1061, active_hq=0
09:14:44.285 [MainThread] DEBUG    >>> load_image | token=139, path=SAP1040_H4F065HDF13_F6570_FUQ6802338_T_-356.509049_901.944082_0194923_0245744_20260904_045240.jpg, has_image=True, active_threads=0, hq_threads=0
09:14:44.287 [Dummy-245 ] DEBUG        [Thread-139] ImageLoad.start | path=SAP1040_H4F065HDF13_F6570_FUQ6802338_T_-356.509049_901.944082_0194923_0245744_20260904_045240.jpg
09:14:44.365 [Dummy-245 ] DEBUG        [Thread-139] ImageLoad.success | size=2447x2047
09:14:44.372 [MainThread] DEBUG    >>> _handle_image_loaded | token=139, current_token=139, path=SAP1040_H4F065HDF13_F6570_FUQ6802338_T_-356.509049_901.944082_0194923_0245744_20260904_045240.jpg, has_error=False, image_valid=True
09:14:44.375 [MainThread] DEBUG    >>> _abort_hq | old_token=1062, active_hq=0
09:14:44.375 [MainThread] DEBUG        [_handle_image_loaded] action=create_pixmap, size=2447x2047
09:14:44.375 [MainThread] DEBUG        [_handle_image_loaded] action=fit_to_window
09:14:44.376 [MainThread] DEBUG    >>> _abort_hq | old_token=1063, active_hq=0
09:14:44.536 [MainThread] DEBUG    >>> _start_hq_resize | token=1065, target=1056x883, source=2447x2047
09:14:44.537 [Dummy-246 ] DEBUG        [Thread-1065] HqResize.start | target=1056x883
09:14:44.690 [Dummy-246 ] DEBUG        [Thread-1065] HqResize.success | scale=0.432
09:14:44.691 [Dummy-246 ] DEBUG    >>> _cleanup_hq_thread_early | token=1065
09:14:44.691 [MainThread] DEBUG    >>> _handle_hq_resized | token=1065, current_token=1065, has_error=False, image_valid=True, has_image=True
09:14:44.691 [MainThread] DEBUG        [_handle_hq_resized] action=swap_pixmap, scale=0.4315, size=1056x883
09:14:44.693 [MainThread] DEBUG    >>> _swap_pixmap_preserving_view | old_scale=1.0000, new_scale=0.4315, pixmap_size=1056x883
09:14:44.693 [MainThread] DEBUG        [_swap_pixmap] anchor=(1221.7, 1024.7)
09:14:44.693 [MainThread] DEBUG        [_swap_pixmap] status=success
09:14:44.815 [MainThread] DEBUG    >>> classify | key=g, enforce_focus=True, move_in_progress=False, has_session=True
09:14:44.815 [MainThread] DEBUG        [classify] action=start_move, current_image=SAP1040_H4F065HDF13_F6570_FUQ6802338_T_-356.509049_901.944082_0194923_0245744_20260904_045240.jpg
09:14:44.823 [MainThread] DEBUG    >>> _handle_classify_finished | has_record=True, has_error=False, record_key=g, record_category=GE
09:14:44.823 [MainThread] DEBUG        [_handle_classify_finished] action=sync_after_session_change
09:14:44.824 [MainThread] DEBUG    >>> _load_current_image | current=SAP1040_H4F065HDF13_F6570_FUQ6802908_T_-923.441511_-591.931746_0194923_0245744_20260904_053511.jpg, previous=SAP1040_H4F065HDF13_F6570_FUQ6802338_T_-356.509049_901.944082_0194923_0245744_20260904_045240.jpg
09:14:44.824 [MainThread] DEBUG        [_load_current_image] action=load, path=SAP1040_H4F065HDF13_F6570_FUQ6802908_T_-923.441511_-591.931746_0194923_0245744_20260904_053511.jpg
09:14:44.824 [MainThread] DEBUG    >>> _abort_hq | old_token=1065, active_hq=0
09:14:44.824 [MainThread] DEBUG    >>> load_image | token=140, path=SAP1040_H4F065HDF13_F6570_FUQ6802908_T_-923.441511_-591.931746_0194923_0245744_20260904_053511.jpg, has_image=True, active_threads=0, hq_threads=0
09:14:44.827 [Dummy-103 ] DEBUG        [Thread-140] ImageLoad.start | path=SAP1040_H4F065HDF13_F6570_FUQ6802908_T_-923.441511_-591.931746_0194923_0245744_20260904_053511.jpg
09:14:44.906 [Dummy-103 ] DEBUG        [Thread-140] ImageLoad.success | size=2447x2047
09:14:44.917 [MainThread] DEBUG    >>> _handle_image_loaded | token=140, current_token=140, path=SAP1040_H4F065HDF13_F6570_FUQ6802908_T_-923.441511_-591.931746_0194923_0245744_20260904_053511.jpg, has_error=False, image_valid=True
09:14:44.919 [MainThread] DEBUG    >>> _abort_hq | old_token=1066, active_hq=0
09:14:44.919 [MainThread] DEBUG        [_handle_image_loaded] action=create_pixmap, size=2447x2047
09:14:44.920 [MainThread] DEBUG        [_handle_image_loaded] action=fit_to_window
09:14:44.920 [MainThread] DEBUG    >>> _abort_hq | old_token=1067, active_hq=0
09:14:45.060 [MainThread] DEBUG    >>> _start_hq_resize | token=1069, target=1056x883, source=2447x2047
09:14:45.063 [Dummy-247 ] DEBUG        [Thread-1069] HqResize.start | target=1056x883
09:14:45.238 [Dummy-247 ] DEBUG        [Thread-1069] HqResize.success | scale=0.432
09:14:45.239 [Dummy-247 ] DEBUG    >>> _cleanup_hq_thread_early | token=1069
09:14:45.239 [MainThread] DEBUG    >>> _handle_hq_resized | token=1069, current_token=1069, has_error=False, image_valid=True, has_image=True
09:14:45.239 [MainThread] DEBUG        [_handle_hq_resized] action=swap_pixmap, scale=0.4315, size=1056x883
09:14:45.241 [MainThread] DEBUG    >>> _swap_pixmap_preserving_view | old_scale=1.0000, new_scale=0.4315, pixmap_size=1056x883
09:14:45.241 [MainThread] DEBUG        [_swap_pixmap] anchor=(1221.7, 1024.7)
09:14:45.241 [MainThread] DEBUG        [_swap_pixmap] status=success
09:14:45.255 [MainThread] DEBUG    >>> classify | key=g, enforce_focus=True, move_in_progress=False, has_session=True
09:14:45.255 [MainThread] DEBUG        [classify] action=start_move, current_image=SAP1040_H4F065HDF13_F6570_FUQ6802908_T_-923.441511_-591.931746_0194923_0245744_20260904_053511.jpg
09:14:45.260 [MainThread] DEBUG    >>> _handle_classify_finished | has_record=True, has_error=False, record_key=g, record_category=GE
09:14:45.260 [MainThread] DEBUG        [_handle_classify_finished] action=sync_after_session_change
09:14:45.261 [MainThread] DEBUG    >>> _load_current_image | current=SAP1110_H4F045FWF01_F6570_FUY6802345_T_-158.832111_-85.948364_0213203_0270003_20260827_153750.jpg, previous=SAP1040_H4F065HDF13_F6570_FUQ6802908_T_-923.441511_-591.931746_0194923_0245744_20260904_053511.jpg
09:14:45.261 [MainThread] DEBUG        [_load_current_image] action=load, path=SAP1110_H4F045FWF01_F6570_FUY6802345_T_-158.832111_-85.948364_0213203_0270003_20260827_153750.jpg
09:14:45.261 [MainThread] DEBUG    >>> _abort_hq | old_token=1069, active_hq=0
09:14:45.261 [MainThread] DEBUG    >>> load_image | token=141, path=SAP1110_H4F045FWF01_F6570_FUY6802345_T_-158.832111_-85.948364_0213203_0270003_20260827_153750.jpg, has_image=True, active_threads=0, hq_threads=0
09:14:45.264 [Dummy-248 ] DEBUG        [Thread-141] ImageLoad.start | path=SAP1110_H4F045FWF01_F6570_FUY6802345_T_-158.832111_-85.948364_0213203_0270003_20260827_153750.jpg
09:14:45.342 [Dummy-248 ] DEBUG        [Thread-141] ImageLoad.success | size=2447x2047
09:14:45.347 [MainThread] DEBUG    >>> _handle_image_loaded | token=141, current_token=141, path=SAP1110_H4F045FWF01_F6570_FUY6802345_T_-158.832111_-85.948364_0213203_0270003_20260827_153750.jpg, has_error=False, image_valid=True
09:14:45.350 [MainThread] DEBUG    >>> _abort_hq | old_token=1070, active_hq=0
09:14:45.350 [MainThread] DEBUG        [_handle_image_loaded] action=create_pixmap, size=2447x2047
09:14:45.350 [MainThread] DEBUG        [_handle_image_loaded] action=fit_to_window
09:14:45.350 [MainThread] DEBUG    >>> _abort_hq | old_token=1071, active_hq=0
09:14:45.492 [MainThread] DEBUG    >>> _start_hq_resize | token=1073, target=1056x883, source=2447x2047
09:14:45.493 [Dummy-60  ] DEBUG        [Thread-1073] HqResize.start | target=1056x883
09:14:45.644 [Dummy-60  ] DEBUG        [Thread-1073] HqResize.success | scale=0.432
09:14:45.645 [Dummy-60  ] DEBUG    >>> _cleanup_hq_thread_early | token=1073
09:14:45.646 [MainThread] DEBUG    >>> _handle_hq_resized | token=1073, current_token=1073, has_error=False, image_valid=True, has_image=True
09:14:45.646 [MainThread] DEBUG        [_handle_hq_resized] action=swap_pixmap, scale=0.4315, size=1056x883
09:14:45.648 [MainThread] DEBUG    >>> _swap_pixmap_preserving_view | old_scale=1.0000, new_scale=0.4315, pixmap_size=1056x883
09:14:45.648 [MainThread] DEBUG        [_swap_pixmap] anchor=(1221.7, 1024.7)
09:14:45.648 [MainThread] DEBUG        [_swap_pixmap] status=success
09:14:45.809 [MainThread] DEBUG    >>> classify | key=g, enforce_focus=True, move_in_progress=False, has_session=True
09:14:45.809 [MainThread] DEBUG        [classify] action=start_move, current_image=SAP1110_H4F045FWF01_F6570_FUY6802345_T_-158.832111_-85.948364_0213203_0270003_20260827_153750.jpg
09:14:45.829 [MainThread] DEBUG    >>> _handle_classify_finished | has_record=True, has_error=False, record_key=g, record_category=GE
09:14:45.830 [MainThread] DEBUG        [_handle_classify_finished] action=sync_after_session_change
09:14:45.835 [MainThread] DEBUG    >>> _load_current_image | current=SAP1110_H4F045FWF01_F6570_FUY6803104_R_-175.021280_116.046308_0194923_0269834_20260828_022602.jpg, previous=SAP1110_H4F045FWF01_F6570_FUY6802345_T_-158.832111_-85.948364_0213203_0270003_20260827_153750.jpg
09:14:45.835 [MainThread] DEBUG        [_load_current_image] action=load, path=SAP1110_H4F045FWF01_F6570_FUY6803104_R_-175.021280_116.046308_0194923_0269834_20260828_022602.jpg
09:14:45.836 [MainThread] DEBUG    >>> _abort_hq | old_token=1073, active_hq=0
09:14:45.836 [MainThread] DEBUG    >>> load_image | token=142, path=SAP1110_H4F045FWF01_F6570_FUY6803104_R_-175.021280_116.046308_0194923_0269834_20260828_022602.jpg, has_image=True, active_threads=0, hq_threads=0
09:14:45.840 [Dummy-249 ] DEBUG        [Thread-142] ImageLoad.start | path=SAP1110_H4F045FWF01_F6570_FUY6803104_R_-175.021280_116.046308_0194923_0269834_20260828_022602.jpg
09:14:45.937 [Dummy-249 ] DEBUG        [Thread-142] ImageLoad.success | size=2447x2047
09:14:45.947 [MainThread] DEBUG    >>> _handle_image_loaded | token=142, current_token=142, path=SAP1110_H4F045FWF01_F6570_FUY6803104_R_-175.021280_116.046308_0194923_0269834_20260828_022602.jpg, has_error=False, image_valid=True
09:14:45.949 [MainThread] DEBUG    >>> _abort_hq | old_token=1074, active_hq=0
09:14:45.949 [MainThread] DEBUG        [_handle_image_loaded] action=create_pixmap, size=2447x2047
09:14:45.949 [MainThread] DEBUG        [_handle_image_loaded] action=fit_to_window
09:14:45.950 [MainThread] DEBUG    >>> _abort_hq | old_token=1075, active_hq=0
09:14:46.098 [MainThread] DEBUG    >>> _start_hq_resize | token=1077, target=1056x883, source=2447x2047
09:14:46.102 [Dummy-250 ] DEBUG        [Thread-1077] HqResize.start | target=1056x883
09:14:46.290 [Dummy-250 ] DEBUG        [Thread-1077] HqResize.success | scale=0.432
09:14:46.290 [Dummy-250 ] DEBUG    >>> _cleanup_hq_thread_early | token=1077
09:14:46.290 [MainThread] DEBUG    >>> _handle_hq_resized | token=1077, current_token=1077, has_error=False, image_valid=True, has_image=True
09:14:46.290 [MainThread] DEBUG        [_handle_hq_resized] action=swap_pixmap, scale=0.4315, size=1056x883
09:14:46.292 [MainThread] DEBUG    >>> _swap_pixmap_preserving_view | old_scale=1.0000, new_scale=0.4315, pixmap_size=1056x883
09:14:46.292 [MainThread] DEBUG        [_swap_pixmap] anchor=(1221.7, 1024.7)
09:14:46.293 [MainThread] DEBUG        [_swap_pixmap] status=success
09:14:46.911 [MainThread] DEBUG    >>> _load_current_image | current=SAP1110_H4F045FWF01_F6570_FUY6802345_T_-158.832111_-85.948364_0213203_0270003_20260827_153750.jpg, previous=SAP1110_H4F045FWF01_F6570_FUY6803104_R_-175.021280_116.046308_0194923_0269834_20260828_022602.jpg
09:14:46.912 [MainThread] DEBUG        [_load_current_image] action=load, path=SAP1110_H4F045FWF01_F6570_FUY6802345_T_-158.832111_-85.948364_0213203_0270003_20260827_153750.jpg
09:14:46.912 [MainThread] DEBUG    >>> _abort_hq | old_token=1077, active_hq=0
09:14:46.913 [MainThread] DEBUG    >>> load_image | token=143, path=SAP1110_H4F045FWF01_F6570_FUY6802345_T_-158.832111_-85.948364_0213203_0270003_20260827_153750.jpg, has_image=True, active_threads=0, hq_threads=0
09:14:46.917 [Dummy-251 ] DEBUG        [Thread-143] ImageLoad.start | path=SAP1110_H4F045FWF01_F6570_FUY6802345_T_-158.832111_-85.948364_0213203_0270003_20260827_153750.jpg
09:14:47.013 [Dummy-251 ] DEBUG        [Thread-143] ImageLoad.success | size=2447x2047
09:14:47.023 [MainThread] DEBUG    >>> _handle_image_loaded | token=143, current_token=143, path=SAP1110_H4F045FWF01_F6570_FUY6802345_T_-158.832111_-85.948364_0213203_0270003_20260827_153750.jpg, has_error=False, image_valid=True
09:14:47.025 [MainThread] DEBUG    >>> _abort_hq | old_token=1078, active_hq=0
09:14:47.025 [MainThread] DEBUG        [_handle_image_loaded] action=create_pixmap, size=2447x2047
09:14:47.025 [MainThread] DEBUG        [_handle_image_loaded] action=fit_to_window
09:14:47.025 [MainThread] DEBUG    >>> _abort_hq | old_token=1079, active_hq=0
09:14:47.166 [MainThread] DEBUG    >>> _start_hq_resize | token=1081, target=1056x883, source=2447x2047
09:14:47.168 [Dummy-252 ] DEBUG        [Thread-1081] HqResize.start | target=1056x883
09:14:47.334 [Dummy-252 ] DEBUG        [Thread-1081] HqResize.success | scale=0.432
09:14:47.334 [Dummy-252 ] DEBUG    >>> _cleanup_hq_thread_early | token=1081
09:14:47.334 [MainThread] DEBUG    >>> _handle_hq_resized | token=1081, current_token=1081, has_error=False, image_valid=True, has_image=True
09:14:47.334 [MainThread] DEBUG        [_handle_hq_resized] action=swap_pixmap, scale=0.4315, size=1056x883
09:14:47.336 [MainThread] DEBUG    >>> _swap_pixmap_preserving_view | old_scale=1.0000, new_scale=0.4315, pixmap_size=1056x883
09:14:47.337 [MainThread] DEBUG        [_swap_pixmap] anchor=(1221.7, 1024.7)
09:14:47.337 [MainThread] DEBUG        [_swap_pixmap] status=success
09:14:47.785 [MainThread] DEBUG    >>> classify | key=r, enforce_focus=True, move_in_progress=False, has_session=True
09:14:47.785 [MainThread] DEBUG        [classify] action=start_move, current_image=SAP1110_H4F045FWF01_F6570_FUY6802345_T_-158.832111_-85.948364_0213203_0270003_20260827_153750.jpg
09:14:47.803 [MainThread] DEBUG    >>> _handle_classify_finished | has_record=True, has_error=False, record_key=r, record_category=RD
09:14:47.804 [MainThread] DEBUG        [_handle_classify_finished] action=sync_after_session_change
09:14:47.805 [MainThread] DEBUG    >>> _load_current_image | current=SAP1110_H4F045FWF01_F6570_FUY6803104_R_-175.021280_116.046308_0194923_0269834_20260828_022602.jpg, previous=SAP1110_H4F045FWF01_F6570_FUY6802345_T_-158.832111_-85.948364_0213203_0270003_20260827_153750.jpg
09:14:47.805 [MainThread] DEBUG        [_load_current_image] action=load, path=SAP1110_H4F045FWF01_F6570_FUY6803104_R_-175.021280_116.046308_0194923_0269834_20260828_022602.jpg
09:14:47.805 [MainThread] DEBUG    >>> _abort_hq | old_token=1081, active_hq=0
09:14:47.806 [MainThread] DEBUG    >>> load_image | token=144, path=SAP1110_H4F045FWF01_F6570_FUY6803104_R_-175.021280_116.046308_0194923_0269834_20260828_022602.jpg, has_image=True, active_threads=0, hq_threads=0
09:14:47.808 [Dummy-253 ] DEBUG        [Thread-144] ImageLoad.start | path=SAP1110_H4F045FWF01_F6570_FUY6803104_R_-175.021280_116.046308_0194923_0269834_20260828_022602.jpg
09:14:47.907 [Dummy-253 ] DEBUG        [Thread-144] ImageLoad.success | size=2447x2047
09:14:47.919 [MainThread] DEBUG    >>> _handle_image_loaded | token=144, current_token=144, path=SAP1110_H4F045FWF01_F6570_FUY6803104_R_-175.021280_116.046308_0194923_0269834_20260828_022602.jpg, has_error=False, image_valid=True
09:14:47.921 [MainThread] DEBUG    >>> _abort_hq | old_token=1082, active_hq=0
09:14:47.921 [MainThread] DEBUG        [_handle_image_loaded] action=create_pixmap, size=2447x2047
09:14:47.921 [MainThread] DEBUG        [_handle_image_loaded] action=fit_to_window
09:14:47.922 [MainThread] DEBUG    >>> _abort_hq | old_token=1083, active_hq=0
09:14:48.082 [MainThread] DEBUG    >>> _start_hq_resize | token=1085, target=1056x883, source=2447x2047
09:14:48.083 [Dummy-51  ] DEBUG        [Thread-1085] HqResize.start | target=1056x883
09:14:48.232 [Dummy-51  ] DEBUG        [Thread-1085] HqResize.success | scale=0.432
09:14:48.232 [Dummy-51  ] DEBUG    >>> _cleanup_hq_thread_early | token=1085
09:14:48.233 [MainThread] DEBUG    >>> _handle_hq_resized | token=1085, current_token=1085, has_error=False, image_valid=True, has_image=True
09:14:48.233 [MainThread] DEBUG        [_handle_hq_resized] action=swap_pixmap, scale=0.4315, size=1056x883
09:14:48.235 [MainThread] DEBUG    >>> _swap_pixmap_preserving_view | old_scale=1.0000, new_scale=0.4315, pixmap_size=1056x883
09:14:48.235 [MainThread] DEBUG        [_swap_pixmap] anchor=(1221.7, 1024.7)
09:14:48.236 [MainThread] DEBUG        [_swap_pixmap] status=success
09:14:49.848 [MainThread] DEBUG    >>> next_image | current=2, requested=3, total=4
09:14:49.849 [MainThread] DEBUG    >>> _load_current_image | current=SAP1120_H4F045FWF01_F6570_FUY6803013_T_-656.720836_166.420255_0213203_0270003_20260827_190030.jpg, previous=SAP1110_H4F045FWF01_F6570_FUY6803104_R_-175.021280_116.046308_0194923_0269834_20260828_022602.jpg
09:14:49.849 [MainThread] DEBUG        [_load_current_image] action=load, path=SAP1120_H4F045FWF01_F6570_FUY6803013_T_-656.720836_166.420255_0213203_0270003_20260827_190030.jpg
09:14:49.849 [MainThread] DEBUG    >>> _abort_hq | old_token=1085, active_hq=0
09:14:49.849 [MainThread] DEBUG    >>> load_image | token=145, path=SAP1120_H4F045FWF01_F6570_FUY6803013_T_-656.720836_166.420255_0213203_0270003_20260827_190030.jpg, has_image=True, active_threads=0, hq_threads=0
09:14:49.851 [Dummy-254 ] DEBUG        [Thread-145] ImageLoad.start | path=SAP1120_H4F045FWF01_F6570_FUY6803013_T_-656.720836_166.420255_0213203_0270003_20260827_190030.jpg
09:14:49.949 [Dummy-254 ] DEBUG        [Thread-145] ImageLoad.success | size=2447x2047
09:14:49.955 [MainThread] DEBUG    >>> _handle_image_loaded | token=145, current_token=145, path=SAP1120_H4F045FWF01_F6570_FUY6803013_T_-656.720836_166.420255_0213203_0270003_20260827_190030.jpg, has_error=False, image_valid=True
09:14:49.957 [MainThread] DEBUG    >>> _abort_hq | old_token=1086, active_hq=0
09:14:49.957 [MainThread] DEBUG        [_handle_image_loaded] action=create_pixmap, size=2447x2047
09:14:49.957 [MainThread] DEBUG        [_handle_image_loaded] action=fit_to_window
09:14:49.958 [MainThread] DEBUG    >>> _abort_hq | old_token=1087, active_hq=0
09:14:50.113 [MainThread] DEBUG    >>> _start_hq_resize | token=1089, target=1056x883, source=2447x2047
09:14:50.115 [Dummy-255 ] DEBUG        [Thread-1089] HqResize.start | target=1056x883
09:14:50.288 [Dummy-255 ] DEBUG        [Thread-1089] HqResize.success | scale=0.432
09:14:50.288 [Dummy-255 ] DEBUG    >>> _cleanup_hq_thread_early | token=1089
09:14:50.288 [MainThread] DEBUG    >>> _handle_hq_resized | token=1089, current_token=1089, has_error=False, image_valid=True, has_image=True
09:14:50.289 [MainThread] DEBUG        [_handle_hq_resized] action=swap_pixmap, scale=0.4315, size=1056x883
09:14:50.290 [MainThread] DEBUG    >>> _swap_pixmap_preserving_view | old_scale=1.0000, new_scale=0.4315, pixmap_size=1056x883
09:14:50.291 [MainThread] DEBUG        [_swap_pixmap] anchor=(1221.7, 1024.7)
09:14:50.291 [MainThread] DEBUG        [_swap_pixmap] status=success
09:14:51.903 [MainThread] DEBUG    >>> wheelEvent.zoom | factor=1.25
09:14:51.904 [MainThread] DEBUG    >>> _abort_hq | old_token=1089, active_hq=0
09:14:51.904 [MainThread] DEBUG    >>> _swap_pixmap_preserving_view | old_scale=0.4315, new_scale=1.0000, pixmap_size=2447x2047
09:14:51.904 [MainThread] DEBUG        [_swap_pixmap] anchor=(1221.7, 1024.7)
09:14:51.904 [MainThread] DEBUG        [_swap_pixmap] status=success
09:14:51.928 [MainThread] DEBUG    >>> wheelEvent.zoom | factor=1.25
09:14:51.928 [MainThread] DEBUG    >>> _abort_hq | old_token=1090, active_hq=0
09:14:51.960 [MainThread] DEBUG    >>> wheelEvent.zoom | factor=1.25
09:14:51.960 [MainThread] DEBUG    >>> _abort_hq | old_token=1091, active_hq=0
09:14:52.023 [MainThread] DEBUG    >>> wheelEvent.zoom | factor=1.25
09:14:52.023 [MainThread] DEBUG    >>> _abort_hq | old_token=1092, active_hq=0
09:14:52.095 [MainThread] DEBUG    >>> wheelEvent.zoom | factor=1.25
09:14:52.095 [MainThread] DEBUG    >>> _abort_hq | old_token=1093, active_hq=0
09:14:53.160 [MainThread] DEBUG    >>> wheelEvent.zoom | factor=1.25
09:14:53.160 [MainThread] DEBUG    >>> _abort_hq | old_token=1094, active_hq=0
09:14:53.192 [MainThread] DEBUG    >>> wheelEvent.zoom | factor=1.25
09:14:53.192 [MainThread] DEBUG    >>> _abort_hq | old_token=1095, active_hq=0
09:14:53.201 [MainThread] DEBUG    >>> wheelEvent.zoom | factor=1.25
09:14:53.201 [MainThread] DEBUG    >>> _abort_hq | old_token=1096, active_hq=0
09:14:53.223 [MainThread] DEBUG    >>> wheelEvent.zoom | factor=1.25
09:14:53.224 [MainThread] DEBUG    >>> _abort_hq | old_token=1097, active_hq=0
09:14:55.016 [MainThread] DEBUG    >>> wheelEvent.zoom | factor=0.8
09:14:55.016 [MainThread] DEBUG    >>> _abort_hq | old_token=1098, active_hq=0
09:14:55.040 [MainThread] DEBUG    >>> wheelEvent.zoom | factor=0.8
09:14:55.040 [MainThread] DEBUG    >>> _abort_hq | old_token=1099, active_hq=0
09:14:55.064 [MainThread] DEBUG    >>> wheelEvent.zoom | factor=0.8
09:14:55.064 [MainThread] DEBUG    >>> _abort_hq | old_token=1100, active_hq=0
09:14:55.095 [MainThread] DEBUG    >>> wheelEvent.zoom | factor=0.8
09:14:55.096 [MainThread] DEBUG    >>> _abort_hq | old_token=1101, active_hq=0
09:14:55.144 [MainThread] DEBUG    >>> wheelEvent.zoom | factor=0.8
09:14:55.144 [MainThread] DEBUG    >>> _abort_hq | old_token=1102, active_hq=0
09:14:55.183 [MainThread] DEBUG    >>> wheelEvent.zoom | factor=0.8
09:14:55.183 [MainThread] DEBUG    >>> _abort_hq | old_token=1103, active_hq=0
09:14:55.224 [MainThread] DEBUG    >>> wheelEvent.zoom | factor=0.8
09:14:55.225 [MainThread] DEBUG    >>> _abort_hq | old_token=1104, active_hq=0
09:14:55.374 [MainThread] DEBUG    >>> _start_hq_resize | token=1106, target=1649x1380, source=2447x2047
09:14:55.377 [Dummy-3   ] DEBUG        [Thread-1106] HqResize.start | target=1649x1380
09:14:55.589 [Dummy-3   ] DEBUG        [Thread-1106] HqResize.success | scale=0.674
09:14:55.589 [MainThread] DEBUG    >>> _handle_hq_resized | token=1106, current_token=1106, has_error=False, image_valid=True, has_image=True
09:14:55.589 [Dummy-3   ] DEBUG    >>> _cleanup_hq_thread_early | token=1106
09:14:55.589 [MainThread] DEBUG        [_handle_hq_resized] action=swap_pixmap, scale=0.6739, size=1649x1380
09:14:55.594 [MainThread] DEBUG    >>> _swap_pixmap_preserving_view | old_scale=1.0000, new_scale=0.6739, pixmap_size=1649x1380
09:14:55.594 [MainThread] DEBUG        [_swap_pixmap] anchor=(1014.8, 925.8)
09:14:55.596 [MainThread] DEBUG        [_swap_pixmap] status=success
09:14:55.810 [MainThread] DEBUG    >>> wheelEvent.zoom | factor=1.25
09:14:55.810 [MainThread] DEBUG    >>> _abort_hq | old_token=1106, active_hq=0
09:14:55.811 [MainThread] DEBUG    >>> _swap_pixmap_preserving_view | old_scale=0.6739, new_scale=1.0000, pixmap_size=2447x2047
09:14:55.811 [MainThread] DEBUG        [_swap_pixmap] anchor=(1014.8, 924.3)
09:14:55.816 [MainThread] DEBUG        [_swap_pixmap] status=success
09:14:55.840 [MainThread] DEBUG    >>> wheelEvent.zoom | factor=1.25
09:14:55.841 [MainThread] DEBUG    >>> _abort_hq | old_token=1107, active_hq=0
09:14:55.872 [MainThread] DEBUG    >>> wheelEvent.zoom | factor=1.25
09:14:55.872 [MainThread] DEBUG    >>> _abort_hq | old_token=1108, active_hq=0
09:14:55.904 [MainThread] DEBUG    >>> wheelEvent.zoom | factor=1.25
09:14:55.905 [MainThread] DEBUG    >>> _abort_hq | old_token=1109, active_hq=0
09:14:55.937 [MainThread] DEBUG    >>> wheelEvent.zoom | factor=1.25
09:14:55.937 [MainThread] DEBUG    >>> _abort_hq | old_token=1110, active_hq=0
09:14:55.960 [MainThread] DEBUG    >>> wheelEvent.zoom | factor=1.25
09:14:55.960 [MainThread] DEBUG    >>> _abort_hq | old_token=1111, active_hq=0
09:14:56.016 [MainThread] DEBUG    >>> wheelEvent.zoom | factor=1.25
09:14:56.016 [MainThread] DEBUG    >>> _abort_hq | old_token=1112, active_hq=0
09:14:58.975 [MainThread] DEBUG    >>> wheelEvent.zoom | factor=0.8
09:14:58.976 [MainThread] DEBUG    >>> _abort_hq | old_token=1113, active_hq=0
09:14:59.000 [MainThread] DEBUG    >>> wheelEvent.zoom | factor=0.8
09:14:59.000 [MainThread] DEBUG    >>> _abort_hq | old_token=1114, active_hq=0
09:14:59.018 [MainThread] DEBUG    >>> wheelEvent.zoom | factor=0.8
09:14:59.019 [MainThread] DEBUG    >>> _abort_hq | old_token=1115, active_hq=0
09:14:59.036 [MainThread] DEBUG    >>> wheelEvent.zoom | factor=0.8
09:14:59.036 [MainThread] DEBUG    >>> _abort_hq | old_token=1116, active_hq=0
09:14:59.055 [MainThread] DEBUG    >>> wheelEvent.zoom | factor=0.8
09:14:59.055 [MainThread] DEBUG    >>> _abort_hq | old_token=1117, active_hq=0
09:14:59.319 [MainThread] DEBUG    >>> wheelEvent.zoom | factor=0.8
09:14:59.319 [MainThread] DEBUG    >>> _abort_hq | old_token=1118, active_hq=0
09:14:59.336 [MainThread] DEBUG    >>> wheelEvent.zoom | factor=0.8
09:14:59.336 [MainThread] DEBUG    >>> _abort_hq | old_token=1119, active_hq=0
09:14:59.360 [MainThread] DEBUG    >>> wheelEvent.zoom | factor=0.8
09:14:59.360 [MainThread] DEBUG    >>> _abort_hq | old_token=1120, active_hq=0
09:14:59.394 [MainThread] DEBUG    >>> wheelEvent.zoom | factor=0.8
09:14:59.395 [MainThread] DEBUG    >>> _abort_hq | old_token=1121, active_hq=0
09:14:59.539 [MainThread] DEBUG    >>> _start_hq_resize | token=1123, target=1056x883, source=2447x2047
09:14:59.541 [Dummy-256 ] DEBUG        [Thread-1123] HqResize.start | target=1056x883
09:14:59.687 [Dummy-256 ] DEBUG        [Thread-1123] HqResize.success | scale=0.432
09:14:59.687 [Dummy-256 ] DEBUG    >>> _cleanup_hq_thread_early | token=1123
09:14:59.688 [MainThread] DEBUG    >>> _handle_hq_resized | token=1123, current_token=1123, has_error=False, image_valid=True, has_image=True
09:14:59.688 [MainThread] DEBUG        [_handle_hq_resized] action=swap_pixmap, scale=0.4315, size=1056x883
09:14:59.690 [MainThread] DEBUG    >>> _swap_pixmap_preserving_view | old_scale=1.0000, new_scale=0.4315, pixmap_size=1056x883
09:14:59.690 [MainThread] DEBUG        [_swap_pixmap] anchor=(1221.7, 1024.7)
09:14:59.691 [MainThread] DEBUG        [_swap_pixmap] status=success
09:15:00.364 [MainThread] DEBUG    >>> classify | key=r, enforce_focus=True, move_in_progress=False, has_session=True
09:15:00.364 [MainThread] DEBUG        [classify] action=start_move, current_image=SAP1120_H4F045FWF01_F6570_FUY6803013_T_-656.720836_166.420255_0213203_0270003_20260827_190030.jpg
09:15:00.384 [MainThread] DEBUG    >>> _handle_classify_finished | has_record=True, has_error=False, record_key=r, record_category=RD
09:15:00.385 [MainThread] DEBUG        [_handle_classify_finished] action=sync_after_session_change
09:15:00.388 [MainThread] DEBUG    >>> _load_current_image | current=SAP1110_H4F045FWF01_F6570_FUY6803104_R_-175.021280_116.046308_0194923_0269834_20260828_022602.jpg, previous=SAP1120_H4F045FWF01_F6570_FUY6803013_T_-656.720836_166.420255_0213203_0270003_20260827_190030.jpg
09:15:00.388 [MainThread] DEBUG        [_load_current_image] action=load, path=SAP1110_H4F045FWF01_F6570_FUY6803104_R_-175.021280_116.046308_0194923_0269834_20260828_022602.jpg
09:15:00.388 [MainThread] DEBUG    >>> _abort_hq | old_token=1123, active_hq=0
09:15:00.389 [MainThread] DEBUG    >>> load_image | token=146, path=SAP1110_H4F045FWF01_F6570_FUY6803104_R_-175.021280_116.046308_0194923_0269834_20260828_022602.jpg, has_image=True, active_threads=0, hq_threads=0
09:15:00.395 [Dummy-257 ] DEBUG        [Thread-146] ImageLoad.start | path=SAP1110_H4F045FWF01_F6570_FUY6803104_R_-175.021280_116.046308_0194923_0269834_20260828_022602.jpg
09:15:00.485 [Dummy-257 ] DEBUG        [Thread-146] ImageLoad.success | size=2447x2047
09:15:00.497 [MainThread] DEBUG    >>> _handle_image_loaded | token=146, current_token=146, path=SAP1110_H4F045FWF01_F6570_FUY6803104_R_-175.021280_116.046308_0194923_0269834_20260828_022602.jpg, has_error=False, image_valid=True
09:15:00.498 [MainThread] DEBUG    >>> _abort_hq | old_token=1124, active_hq=0
09:15:00.499 [MainThread] DEBUG        [_handle_image_loaded] action=create_pixmap, size=2447x2047
09:15:00.499 [MainThread] DEBUG        [_handle_image_loaded] action=fit_to_window
09:15:00.499 [MainThread] DEBUG    >>> _abort_hq | old_token=1125, active_hq=0
09:15:00.640 [MainThread] DEBUG    >>> _start_hq_resize | token=1127, target=1056x883, source=2447x2047
09:15:00.643 [Dummy-258 ] DEBUG        [Thread-1127] HqResize.start | target=1056x883
09:15:00.799 [Dummy-258 ] DEBUG        [Thread-1127] HqResize.success | scale=0.432
09:15:00.799 [MainThread] DEBUG    >>> _handle_hq_resized | token=1127, current_token=1127, has_error=False, image_valid=True, has_image=True
09:15:00.799 [Dummy-258 ] DEBUG    >>> _cleanup_hq_thread_early | token=1127
09:15:00.799 [MainThread] DEBUG        [_handle_hq_resized] action=swap_pixmap, scale=0.4315, size=1056x883
09:15:00.801 [MainThread] DEBUG    >>> _swap_pixmap_preserving_view | old_scale=1.0000, new_scale=0.4315, pixmap_size=1056x883
09:15:00.802 [MainThread] DEBUG        [_swap_pixmap] anchor=(1221.7, 1024.7)
09:15:00.802 [MainThread] DEBUG        [_swap_pixmap] status=success
09:15:01.479 [MainThread] DEBUG    >>> wheelEvent.zoom | factor=1.25
09:15:01.479 [MainThread] DEBUG    >>> _abort_hq | old_token=1127, active_hq=0
09:15:01.480 [MainThread] DEBUG    >>> _swap_pixmap_preserving_view | old_scale=0.4315, new_scale=1.0000, pixmap_size=2447x2047
09:15:01.480 [MainThread] DEBUG        [_swap_pixmap] anchor=(1221.7, 1024.7)
09:15:01.480 [MainThread] DEBUG        [_swap_pixmap] status=success
09:15:01.529 [MainThread] DEBUG    >>> wheelEvent.zoom | factor=1.25
09:15:01.529 [MainThread] DEBUG    >>> _abort_hq | old_token=1128, active_hq=0
09:15:01.562 [MainThread] DEBUG    >>> wheelEvent.zoom | factor=1.25
09:15:01.562 [MainThread] DEBUG    >>> _abort_hq | old_token=1129, active_hq=0
09:15:01.576 [MainThread] DEBUG    >>> wheelEvent.zoom | factor=1.25
09:15:01.576 [MainThread] DEBUG    >>> _abort_hq | old_token=1130, active_hq=0
09:15:01.608 [MainThread] DEBUG    >>> wheelEvent.zoom | factor=1.25
09:15:01.608 [MainThread] DEBUG    >>> _abort_hq | old_token=1131, active_hq=0
09:15:01.664 [MainThread] DEBUG    >>> wheelEvent.zoom | factor=1.25
09:15:01.664 [MainThread] DEBUG    >>> _abort_hq | old_token=1132, active_hq=0
09:15:04.043 [MainThread] DEBUG    >>> classify | key=r, enforce_focus=True, move_in_progress=False, has_session=True
09:15:04.044 [MainThread] DEBUG        [classify] action=start_move, current_image=SAP1110_H4F045FWF01_F6570_FUY6803104_R_-175.021280_116.046308_0194923_0269834_20260828_022602.jpg
09:15:04.059 [MainThread] DEBUG    >>> _handle_classify_finished | has_record=True, has_error=False, record_key=r, record_category=RD
09:15:04.060 [MainThread] DEBUG        [_handle_classify_finished] action=sync_after_session_change
09:15:04.061 [MainThread] DEBUG    >>> _load_current_image | current=SAP1020_H4F065HDF13_F6570_FUQ6800105_T_-170.023409_-494.412547_0194923_0245744_20260904_022254.jpg, previous=SAP1110_H4F045FWF01_F6570_FUY6803104_R_-175.021280_116.046308_0194923_0269834_20260828_022602.jpg
09:15:04.062 [MainThread] DEBUG        [_load_current_image] action=load, path=SAP1020_H4F065HDF13_F6570_FUQ6800105_T_-170.023409_-494.412547_0194923_0245744_20260904_022254.jpg
09:15:04.062 [MainThread] DEBUG    >>> _abort_hq | old_token=1133, active_hq=0
09:15:04.062 [MainThread] DEBUG    >>> load_image | token=147, path=SAP1020_H4F065HDF13_F6570_FUQ6800105_T_-170.023409_-494.412547_0194923_0245744_20260904_022254.jpg, has_image=True, active_threads=0, hq_threads=0
09:15:04.065 [Dummy-259 ] DEBUG        [Thread-147] ImageLoad.start | path=SAP1020_H4F065HDF13_F6570_FUQ6800105_T_-170.023409_-494.412547_0194923_0245744_20260904_022254.jpg
09:15:04.141 [Dummy-259 ] DEBUG        [Thread-147] ImageLoad.success | size=2447x2047
09:15:04.150 [MainThread] DEBUG    >>> _handle_image_loaded | token=147, current_token=147, path=SAP1020_H4F065HDF13_F6570_FUQ6800105_T_-170.023409_-494.412547_0194923_0245744_20260904_022254.jpg, has_error=False, image_valid=True
09:15:04.150 [MainThread] DEBUG    >>> _abort_hq | old_token=1134, active_hq=0
09:15:04.150 [MainThread] DEBUG        [_handle_image_loaded] action=create_pixmap, size=2447x2047
09:15:04.152 [MainThread] DEBUG        [_handle_image_loaded] action=fit_to_window
09:15:04.152 [MainThread] DEBUG    >>> _abort_hq | old_token=1135, active_hq=0
09:15:04.157 [MainThread] DEBUG    >>> _abort_hq | old_token=1136, active_hq=0
09:15:04.310 [MainThread] DEBUG    >>> _start_hq_resize | token=1138, target=1056x883, source=2447x2047
09:15:04.311 [Dummy-260 ] DEBUG        [Thread-1138] HqResize.start | target=1056x883
09:15:04.460 [Dummy-260 ] DEBUG        [Thread-1138] HqResize.success | scale=0.432
09:15:04.460 [Dummy-260 ] DEBUG    >>> _cleanup_hq_thread_early | token=1138
09:15:04.460 [MainThread] DEBUG    >>> _handle_hq_resized | token=1138, current_token=1138, has_error=False, image_valid=True, has_image=True
09:15:04.460 [MainThread] DEBUG        [_handle_hq_resized] action=swap_pixmap, scale=0.4315, size=1056x883
09:15:04.462 [MainThread] DEBUG    >>> _swap_pixmap_preserving_view | old_scale=1.0000, new_scale=0.4315, pixmap_size=1056x883
09:15:04.462 [MainThread] DEBUG        [_swap_pixmap] anchor=(1221.7, 1024.7)
09:15:04.463 [MainThread] DEBUG        [_swap_pixmap] status=success
09:15:05.216 [MainThread] DEBUG    >>> _load_current_image | current=FRE0710_H4F065HDF09_F6570_FLY6800607_R_-1066.617224_-342.226106_0194923_0160189_20260828_223833.jpg, previous=SAP1020_H4F065HDF13_F6570_FUQ6800105_T_-170.023409_-494.412547_0194923_0245744_20260904_022254.jpg
09:15:05.216 [MainThread] DEBUG        [_load_current_image] action=load, path=FRE0710_H4F065HDF09_F6570_FLY6800607_R_-1066.617224_-342.226106_0194923_0160189_20260828_223833.jpg
09:15:05.216 [MainThread] DEBUG    >>> _abort_hq | old_token=1138, active_hq=0
09:15:05.216 [MainThread] DEBUG    >>> load_image | token=148, path=FRE0710_H4F065HDF09_F6570_FLY6800607_R_-1066.617224_-342.226106_0194923_0160189_20260828_223833.jpg, has_image=True, active_threads=0, hq_threads=0
09:15:05.218 [Dummy-261 ] DEBUG        [Thread-148] ImageLoad.start | path=FRE0710_H4F065HDF09_F6570_FLY6800607_R_-1066.617224_-342.226106_0194923_0160189_20260828_223833.jpg
09:15:05.300 [Dummy-261 ] DEBUG        [Thread-148] ImageLoad.success | size=2447x2047
09:15:05.309 [MainThread] DEBUG    >>> _handle_image_loaded | token=148, current_token=148, path=FRE0710_H4F065HDF09_F6570_FLY6800607_R_-1066.617224_-342.226106_0194923_0160189_20260828_223833.jpg, has_error=False, image_valid=True
09:15:05.311 [MainThread] DEBUG    >>> _abort_hq | old_token=1139, active_hq=0
09:15:05.312 [MainThread] DEBUG        [_handle_image_loaded] action=create_pixmap, size=2447x2047
09:15:05.312 [MainThread] DEBUG        [_handle_image_loaded] action=fit_to_window
09:15:05.312 [MainThread] DEBUG    >>> _abort_hq | old_token=1140, active_hq=0
09:15:05.451 [MainThread] DEBUG    >>> _start_hq_resize | token=1142, target=1056x883, source=2447x2047
09:15:05.452 [Dummy-262 ] DEBUG        [Thread-1142] HqResize.start | target=1056x883
09:15:05.606 [Dummy-262 ] DEBUG        [Thread-1142] HqResize.success | scale=0.432
09:15:05.607 [Dummy-262 ] DEBUG    >>> _cleanup_hq_thread_early | token=1142
09:15:05.607 [MainThread] DEBUG    >>> _handle_hq_resized | token=1142, current_token=1142, has_error=False, image_valid=True, has_image=True
09:15:05.607 [MainThread] DEBUG        [_handle_hq_resized] action=swap_pixmap, scale=0.4315, size=1056x883
09:15:05.609 [MainThread] DEBUG    >>> _swap_pixmap_preserving_view | old_scale=1.0000, new_scale=0.4315, pixmap_size=1056x883
09:15:05.609 [MainThread] DEBUG        [_swap_pixmap] anchor=(1221.7, 1024.7)
09:15:05.609 [MainThread] DEBUG        [_swap_pixmap] status=success
09:15:06.089 [MainThread] DEBUG    >>> next_image | current=0, requested=1, total=2
09:15:06.090 [MainThread] DEBUG    >>> _load_current_image | current=SAP1020_H4F065HDF13_F6570_FUQ6800105_T_-170.023409_-494.412547_0194923_0245744_20260904_022254.jpg, previous=FRE0710_H4F065HDF09_F6570_FLY6800607_R_-1066.617224_-342.226106_0194923_0160189_20260828_223833.jpg
09:15:06.090 [MainThread] DEBUG        [_load_current_image] action=load, path=SAP1020_H4F065HDF13_F6570_FUQ6800105_T_-170.023409_-494.412547_0194923_0245744_20260904_022254.jpg
09:15:06.090 [MainThread] DEBUG    >>> _abort_hq | old_token=1142, active_hq=0
09:15:06.090 [MainThread] DEBUG    >>> load_image | token=149, path=SAP1020_H4F065HDF13_F6570_FUQ6800105_T_-170.023409_-494.412547_0194923_0245744_20260904_022254.jpg, has_image=True, active_threads=0, hq_threads=0
09:15:06.092 [Dummy-263 ] DEBUG        [Thread-149] ImageLoad.start | path=SAP1020_H4F065HDF13_F6570_FUQ6800105_T_-170.023409_-494.412547_0194923_0245744_20260904_022254.jpg
09:15:06.211 [Dummy-263 ] DEBUG        [Thread-149] ImageLoad.success | size=2447x2047
09:15:06.218 [MainThread] DEBUG    >>> _handle_image_loaded | token=149, current_token=149, path=SAP1020_H4F065HDF13_F6570_FUQ6800105_T_-170.023409_-494.412547_0194923_0245744_20260904_022254.jpg, has_error=False, image_valid=True
09:15:06.220 [MainThread] DEBUG    >>> _abort_hq | old_token=1143, active_hq=0
09:15:06.220 [MainThread] DEBUG        [_handle_image_loaded] action=create_pixmap, size=2447x2047
09:15:06.221 [MainThread] DEBUG        [_handle_image_loaded] action=fit_to_window
09:15:06.221 [MainThread] DEBUG    >>> _abort_hq | old_token=1144, active_hq=0
09:15:06.382 [MainThread] DEBUG    >>> _start_hq_resize | token=1146, target=1056x883, source=2447x2047
09:15:06.383 [Dummy-264 ] DEBUG        [Thread-1146] HqResize.start | target=1056x883
09:15:06.556 [Dummy-264 ] DEBUG        [Thread-1146] HqResize.success | scale=0.432
09:15:06.556 [Dummy-264 ] DEBUG    >>> _cleanup_hq_thread_early | token=1146
09:15:06.556 [MainThread] DEBUG    >>> _handle_hq_resized | token=1146, current_token=1146, has_error=False, image_valid=True, has_image=True
09:15:06.557 [MainThread] DEBUG        [_handle_hq_resized] action=swap_pixmap, scale=0.4315, size=1056x883
09:15:06.559 [MainThread] DEBUG    >>> _swap_pixmap_preserving_view | old_scale=1.0000, new_scale=0.4315, pixmap_size=1056x883
09:15:06.559 [MainThread] DEBUG        [_swap_pixmap] anchor=(1221.7, 1024.7)
09:15:06.559 [MainThread] DEBUG        [_swap_pixmap] status=success
09:15:08.319 [MainThread] DEBUG    >>> wheelEvent.zoom | factor=1.25
09:15:08.319 [MainThread] DEBUG    >>> _abort_hq | old_token=1146, active_hq=0
09:15:08.320 [MainThread] DEBUG    >>> _swap_pixmap_preserving_view | old_scale=0.4315, new_scale=1.0000, pixmap_size=2447x2047
09:15:08.320 [MainThread] DEBUG        [_swap_pixmap] anchor=(1221.7, 1024.7)
09:15:08.320 [MainThread] DEBUG        [_swap_pixmap] status=success
09:15:08.344 [MainThread] DEBUG    >>> wheelEvent.zoom | factor=1.25
09:15:08.344 [MainThread] DEBUG    >>> _abort_hq | old_token=1147, active_hq=0
09:15:08.383 [MainThread] DEBUG    >>> wheelEvent.zoom | factor=1.25
09:15:08.384 [MainThread] DEBUG    >>> _abort_hq | old_token=1148, active_hq=0
09:15:08.400 [MainThread] DEBUG    >>> wheelEvent.zoom | factor=1.25
09:15:08.400 [MainThread] DEBUG    >>> _abort_hq | old_token=1149, active_hq=0
09:15:08.440 [MainThread] DEBUG    >>> wheelEvent.zoom | factor=1.25
09:15:08.440 [MainThread] DEBUG    >>> _abort_hq | old_token=1150, active_hq=0
09:15:10.672 [MainThread] DEBUG    >>> wheelEvent.zoom | factor=0.8
09:15:10.672 [MainThread] DEBUG    >>> _abort_hq | old_token=1151, active_hq=0
09:15:10.713 [MainThread] DEBUG    >>> wheelEvent.zoom | factor=0.8
09:15:10.713 [MainThread] DEBUG    >>> _abort_hq | old_token=1152, active_hq=0
09:15:10.744 [MainThread] DEBUG    >>> wheelEvent.zoom | factor=0.8
09:15:10.744 [MainThread] DEBUG    >>> _abort_hq | old_token=1153, active_hq=0
09:15:10.784 [MainThread] DEBUG    >>> wheelEvent.zoom | factor=0.8
09:15:10.784 [MainThread] DEBUG    >>> _abort_hq | old_token=1154, active_hq=0
09:15:10.824 [MainThread] DEBUG    >>> wheelEvent.zoom | factor=0.8
09:15:10.824 [MainThread] DEBUG    >>> _abort_hq | old_token=1155, active_hq=0
09:15:10.888 [MainThread] DEBUG    >>> wheelEvent.zoom | factor=0.8
09:15:10.888 [MainThread] DEBUG    >>> _abort_hq | old_token=1156, active_hq=0
09:15:11.035 [MainThread] DEBUG    >>> _start_hq_resize | token=1158, target=844x706, source=2447x2047
09:15:11.036 [Dummy-265 ] DEBUG        [Thread-1158] HqResize.start | target=844x706
09:15:11.171 [Dummy-265 ] DEBUG        [Thread-1158] HqResize.success | scale=0.345
09:15:11.172 [Dummy-265 ] DEBUG    >>> _cleanup_hq_thread_early | token=1158
09:15:11.172 [MainThread] DEBUG    >>> _handle_hq_resized | token=1158, current_token=1158, has_error=False, image_valid=True, has_image=True
09:15:11.172 [MainThread] DEBUG        [_handle_hq_resized] action=swap_pixmap, scale=0.3449, size=844x706
09:15:11.174 [MainThread] DEBUG    >>> _swap_pixmap_preserving_view | old_scale=1.0000, new_scale=0.3449, pixmap_size=844x706
09:15:11.174 [MainThread] DEBUG        [_swap_pixmap] anchor=(1222.9, 1025.8)
09:15:11.174 [MainThread] DEBUG        [_swap_pixmap] status=success
09:15:11.600 [MainThread] DEBUG    >>> wheelEvent.zoom | factor=1.25
09:15:11.600 [MainThread] DEBUG    >>> _abort_hq | old_token=1158, active_hq=0
09:15:11.600 [MainThread] DEBUG    >>> _swap_pixmap_preserving_view | old_scale=0.3449, new_scale=1.0000, pixmap_size=2447x2047
09:15:11.600 [MainThread] DEBUG        [_swap_pixmap] anchor=(1222.9, 1025.8)
09:15:11.601 [MainThread] DEBUG        [_swap_pixmap] status=success
09:15:11.648 [MainThread] DEBUG    >>> wheelEvent.zoom | factor=1.25
09:15:11.648 [MainThread] DEBUG    >>> _abort_hq | old_token=1159, active_hq=0
09:15:11.679 [MainThread] DEBUG    >>> wheelEvent.zoom | factor=1.25
09:15:11.680 [MainThread] DEBUG    >>> _abort_hq | old_token=1160, active_hq=0
09:15:11.720 [MainThread] DEBUG    >>> wheelEvent.zoom | factor=1.25
09:15:11.720 [MainThread] DEBUG    >>> _abort_hq | old_token=1161, active_hq=0
09:15:11.760 [MainThread] DEBUG    >>> wheelEvent.zoom | factor=1.25
09:15:11.760 [MainThread] DEBUG    >>> _abort_hq | old_token=1162, active_hq=0
09:15:14.304 [MainThread] DEBUG    >>> wheelEvent.zoom | factor=0.8
09:15:14.304 [MainThread] DEBUG    >>> _abort_hq | old_token=1163, active_hq=0
09:15:14.336 [MainThread] DEBUG    >>> wheelEvent.zoom | factor=0.8
09:15:14.336 [MainThread] DEBUG    >>> _abort_hq | old_token=1164, active_hq=0
09:15:14.384 [MainThread] DEBUG    >>> wheelEvent.zoom | factor=0.8
09:15:14.384 [MainThread] DEBUG    >>> _abort_hq | old_token=1165, active_hq=0
09:15:14.424 [MainThread] DEBUG    >>> wheelEvent.zoom | factor=0.8
09:15:14.424 [MainThread] DEBUG    >>> _abort_hq | old_token=1166, active_hq=0
09:15:14.579 [MainThread] DEBUG    >>> _start_hq_resize | token=1168, target=1056x883, source=2447x2047
09:15:14.580 [Dummy-266 ] DEBUG        [Thread-1168] HqResize.start | target=1056x883
09:15:14.730 [Dummy-266 ] DEBUG        [Thread-1168] HqResize.success | scale=0.432
09:15:14.730 [Dummy-266 ] DEBUG    >>> _cleanup_hq_thread_early | token=1168
09:15:14.730 [MainThread] DEBUG    >>> _handle_hq_resized | token=1168, current_token=1168, has_error=False, image_valid=True, has_image=True
09:15:14.731 [MainThread] DEBUG        [_handle_hq_resized] action=swap_pixmap, scale=0.4315, size=1056x883
09:15:14.733 [MainThread] DEBUG    >>> _swap_pixmap_preserving_view | old_scale=1.0000, new_scale=0.4315, pixmap_size=1056x883
09:15:14.734 [MainThread] DEBUG        [_swap_pixmap] anchor=(1221.7, 1024.7)
09:15:14.734 [MainThread] DEBUG        [_swap_pixmap] status=success
09:15:15.850 [MainThread] DEBUG    >>> classify | key=T, enforce_focus=True, move_in_progress=False, has_session=True
09:15:15.850 [MainThread] DEBUG        [classify] action=start_move, current_image=SAP1020_H4F065HDF13_F6570_FUQ6800105_T_-170.023409_-494.412547_0194923_0245744_20260904_022254.jpg
09:15:15.858 [MainThread] DEBUG    >>> _handle_classify_finished | has_record=True, has_error=False, record_key=T, record_category=DT
09:15:15.859 [MainThread] DEBUG        [_handle_classify_finished] action=sync_after_session_change
09:15:15.860 [MainThread] DEBUG    >>> _load_current_image | current=FRE0710_H4F065HDF09_F6570_FLY6800607_R_-1066.617224_-342.226106_0194923_0160189_20260828_223833.jpg, previous=SAP1020_H4F065HDF13_F6570_FUQ6800105_T_-170.023409_-494.412547_0194923_0245744_20260904_022254.jpg
09:15:15.860 [MainThread] DEBUG        [_load_current_image] action=load, path=FRE0710_H4F065HDF09_F6570_FLY6800607_R_-1066.617224_-342.226106_0194923_0160189_20260828_223833.jpg
09:15:15.861 [MainThread] DEBUG    >>> _abort_hq | old_token=1168, active_hq=0
09:15:15.861 [MainThread] DEBUG    >>> load_image | token=150, path=FRE0710_H4F065HDF09_F6570_FLY6800607_R_-1066.617224_-342.226106_0194923_0160189_20260828_223833.jpg, has_image=True, active_threads=0, hq_threads=0
09:15:15.865 [Dummy-267 ] DEBUG        [Thread-150] ImageLoad.start | path=FRE0710_H4F065HDF09_F6570_FLY6800607_R_-1066.617224_-342.226106_0194923_0160189_20260828_223833.jpg
09:15:15.948 [Dummy-267 ] DEBUG        [Thread-150] ImageLoad.success | size=2447x2047
09:15:15.955 [MainThread] DEBUG    >>> _handle_image_loaded | token=150, current_token=150, path=FRE0710_H4F065HDF09_F6570_FLY6800607_R_-1066.617224_-342.226106_0194923_0160189_20260828_223833.jpg, has_error=False, image_valid=True
09:15:15.957 [MainThread] DEBUG    >>> _abort_hq | old_token=1169, active_hq=0
09:15:15.957 [MainThread] DEBUG        [_handle_image_loaded] action=create_pixmap, size=2447x2047
09:15:15.957 [MainThread] DEBUG        [_handle_image_loaded] action=fit_to_window
09:15:15.957 [MainThread] DEBUG    >>> _abort_hq | old_token=1170, active_hq=0
09:15:16.107 [MainThread] DEBUG    >>> _start_hq_resize | token=1172, target=1056x883, source=2447x2047
09:15:16.110 [Dummy-268 ] DEBUG        [Thread-1172] HqResize.start | target=1056x883
09:15:16.283 [Dummy-268 ] DEBUG        [Thread-1172] HqResize.success | scale=0.432
09:15:16.284 [Dummy-268 ] DEBUG    >>> _cleanup_hq_thread_early | token=1172
09:15:16.284 [MainThread] DEBUG    >>> _handle_hq_resized | token=1172, current_token=1172, has_error=False, image_valid=True, has_image=True
09:15:16.284 [MainThread] DEBUG        [_handle_hq_resized] action=swap_pixmap, scale=0.4315, size=1056x883
09:15:16.286 [MainThread] DEBUG    >>> _swap_pixmap_preserving_view | old_scale=1.0000, new_scale=0.4315, pixmap_size=1056x883
09:15:16.286 [MainThread] DEBUG        [_swap_pixmap] anchor=(1221.7, 1024.7)
09:15:16.286 [MainThread] DEBUG        [_swap_pixmap] status=success
09:15:17.136 [MainThread] DEBUG    >>> wheelEvent.zoom | factor=1.25
09:15:17.137 [MainThread] DEBUG    >>> _abort_hq | old_token=1172, active_hq=0
09:15:17.137 [MainThread] DEBUG    >>> _swap_pixmap_preserving_view | old_scale=0.4315, new_scale=1.0000, pixmap_size=2447x2047
09:15:17.137 [MainThread] DEBUG        [_swap_pixmap] anchor=(1221.7, 1024.7)
09:15:17.138 [MainThread] DEBUG        [_swap_pixmap] status=success
09:15:17.168 [MainThread] DEBUG    >>> wheelEvent.zoom | factor=1.25
09:15:17.168 [MainThread] DEBUG    >>> _abort_hq | old_token=1173, active_hq=0
09:15:17.216 [MainThread] DEBUG    >>> wheelEvent.zoom | factor=1.25
09:15:17.216 [MainThread] DEBUG    >>> _abort_hq | old_token=1174, active_hq=0
09:15:17.280 [MainThread] DEBUG    >>> wheelEvent.zoom | factor=1.25
09:15:17.281 [MainThread] DEBUG    >>> _abort_hq | old_token=1175, active_hq=0
09:15:20.438 [MainThread] DEBUG    >>> wheelEvent.zoom | factor=0.8
09:15:20.438 [MainThread] DEBUG    >>> _abort_hq | old_token=1176, active_hq=0
09:15:20.473 [MainThread] DEBUG    >>> wheelEvent.zoom | factor=0.8
09:15:20.473 [MainThread] DEBUG    >>> _abort_hq | old_token=1177, active_hq=0
09:15:20.513 [MainThread] DEBUG    >>> wheelEvent.zoom | factor=0.8
09:15:20.513 [MainThread] DEBUG    >>> _abort_hq | old_token=1178, active_hq=0
09:15:20.553 [MainThread] DEBUG    >>> wheelEvent.zoom | factor=0.8
09:15:20.554 [MainThread] DEBUG    >>> _abort_hq | old_token=1179, active_hq=0
09:15:20.641 [MainThread] DEBUG    >>> wheelEvent.zoom | factor=0.8
09:15:20.641 [MainThread] DEBUG    >>> _abort_hq | old_token=1180, active_hq=0
09:15:20.796 [MainThread] DEBUG    >>> _start_hq_resize | token=1182, target=844x706, source=2447x2047
09:15:20.798 [Dummy-269 ] DEBUG        [Thread-1182] HqResize.start | target=844x706
09:15:20.951 [Dummy-269 ] DEBUG        [Thread-1182] HqResize.success | scale=0.345
09:15:20.951 [Dummy-269 ] DEBUG    >>> _cleanup_hq_thread_early | token=1182
09:15:20.951 [MainThread] DEBUG    >>> _handle_hq_resized | token=1182, current_token=1182, has_error=False, image_valid=True, has_image=True
09:15:20.951 [MainThread] DEBUG        [_handle_hq_resized] action=swap_pixmap, scale=0.3449, size=844x706
09:15:20.952 [MainThread] DEBUG    >>> _swap_pixmap_preserving_view | old_scale=1.0000, new_scale=0.3449, pixmap_size=844x706
09:15:20.953 [MainThread] DEBUG        [_swap_pixmap] anchor=(1222.9, 1025.8)
09:15:20.953 [MainThread] DEBUG        [_swap_pixmap] status=success
09:15:21.136 [MainThread] DEBUG    >>> wheelEvent.zoom | factor=1.25
09:15:21.136 [MainThread] DEBUG    >>> _abort_hq | old_token=1182, active_hq=0
09:15:21.136 [MainThread] DEBUG    >>> _swap_pixmap_preserving_view | old_scale=0.3449, new_scale=1.0000, pixmap_size=2447x2047
09:15:21.136 [MainThread] DEBUG        [_swap_pixmap] anchor=(1222.9, 1025.8)
09:15:21.136 [MainThread] DEBUG        [_swap_pixmap] status=success
09:15:21.224 [MainThread] DEBUG    >>> wheelEvent.zoom | factor=1.25
09:15:21.224 [MainThread] DEBUG    >>> _abort_hq | old_token=1183, active_hq=0
09:15:21.264 [MainThread] DEBUG    >>> wheelEvent.zoom | factor=1.25
09:15:21.264 [MainThread] DEBUG    >>> _abort_hq | old_token=1184, active_hq=0
09:15:21.304 [MainThread] DEBUG    >>> wheelEvent.zoom | factor=1.25
09:15:21.304 [MainThread] DEBUG    >>> _abort_hq | old_token=1185, active_hq=0
09:15:21.336 [MainThread] DEBUG    >>> wheelEvent.zoom | factor=1.25
09:15:21.336 [MainThread] DEBUG    >>> _abort_hq | old_token=1186, active_hq=0
09:15:23.120 [MainThread] DEBUG    >>> classify | key=G, enforce_focus=True, move_in_progress=False, has_session=True
09:15:23.121 [MainThread] DEBUG        [classify] action=start_move, current_image=FRE0710_H4F065HDF09_F6570_FLY6800607_R_-1066.617224_-342.226106_0194923_0160189_20260828_223833.jpg
09:15:23.128 [MainThread] DEBUG    >>> _handle_classify_finished | has_record=True, has_error=False, record_key=G, record_category=TP_GE
09:15:23.129 [MainThread] DEBUG        [_handle_classify_finished] action=sync_after_session_change
09:15:23.129 [MainThread] DEBUG    >>> _load_current_image | current=None, previous=FRE0710_H4F065HDF09_F6570_FLY6800607_R_-1066.617224_-342.226106_0194923_0160189_20260828_223833.jpg
09:15:23.129 [MainThread] DEBUG    >>> _abort_hq | old_token=1187, active_hq=0
09:15:30.479 [MainThread] DEBUG    >>> _load_current_image | current=FRE0210_H4F270QDF08_F6570_FBK6810429_T_914.417272_-247.961593_0270003_0189957_20260824_122153.jpg, previous=None
09:15:30.479 [MainThread] DEBUG        [_load_current_image] action=load, path=FRE0210_H4F270QDF08_F6570_FBK6810429_T_914.417272_-247.961593_0270003_0189957_20260824_122153.jpg
09:15:30.479 [MainThread] DEBUG    >>> _abort_hq | old_token=1188, active_hq=0
09:15:30.479 [MainThread] DEBUG    >>> load_image | token=152, path=FRE0210_H4F270QDF08_F6570_FBK6810429_T_914.417272_-247.961593_0270003_0189957_20260824_122153.jpg, has_image=False, active_threads=0, hq_threads=0
09:15:30.480 [Dummy-270 ] DEBUG        [Thread-152] ImageLoad.start | path=FRE0210_H4F270QDF08_F6570_FBK6810429_T_914.417272_-247.961593_0270003_0189957_20260824_122153.jpg
09:15:30.552 [Dummy-270 ] DEBUG        [Thread-152] ImageLoad.success | size=2447x2047
09:15:30.563 [MainThread] DEBUG    >>> _handle_image_loaded | token=152, current_token=152, path=FRE0210_H4F270QDF08_F6570_FBK6810429_T_914.417272_-247.961593_0270003_0189957_20260824_122153.jpg, has_error=False, image_valid=True
09:15:30.563 [MainThread] DEBUG    >>> _abort_hq | old_token=1189, active_hq=0
09:15:30.563 [MainThread] DEBUG        [_handle_image_loaded] action=create_pixmap, size=2447x2047
09:15:30.563 [MainThread] DEBUG        [_handle_image_loaded] action=fit_to_window
09:15:30.563 [MainThread] DEBUG    >>> _abort_hq | old_token=1190, active_hq=0
09:15:30.574 [MainThread] DEBUG    >>> _abort_hq | old_token=1191, active_hq=0
09:15:30.715 [MainThread] DEBUG    >>> _start_hq_resize | token=1193, target=1056x883, source=2447x2047
09:15:30.716 [Dummy-271 ] DEBUG        [Thread-1193] HqResize.start | target=1056x883
09:15:30.870 [Dummy-271 ] DEBUG        [Thread-1193] HqResize.success | scale=0.432
09:15:30.870 [MainThread] DEBUG    >>> _handle_hq_resized | token=1193, current_token=1193, has_error=False, image_valid=True, has_image=True
09:15:30.870 [Dummy-271 ] DEBUG    >>> _cleanup_hq_thread_early | token=1193
09:15:30.870 [MainThread] DEBUG        [_handle_hq_resized] action=swap_pixmap, scale=0.4315, size=1056x883
09:15:30.872 [MainThread] DEBUG    >>> _swap_pixmap_preserving_view | old_scale=1.0000, new_scale=0.4315, pixmap_size=1056x883
09:15:30.872 [MainThread] DEBUG        [_swap_pixmap] anchor=(1221.7, 1024.7)
09:15:30.873 [MainThread] DEBUG        [_swap_pixmap] status=success
09:15:33.433 [MainThread] DEBUG    >>> classify | key=s, enforce_focus=True, move_in_progress=False, has_session=True
09:15:33.433 [MainThread] DEBUG        [classify] action=start_move, current_image=FRE0210_H4F270QDF08_F6570_FBK6810429_T_914.417272_-247.961593_0270003_0189957_20260824_122153.jpg
09:15:33.442 [MainThread] DEBUG    >>> _handle_classify_finished | has_record=True, has_error=False, record_key=s, record_category=SP
09:15:33.442 [MainThread] DEBUG        [_handle_classify_finished] action=sync_after_session_change
09:15:33.443 [MainThread] DEBUG    >>> _load_current_image | current=FRE0220_H4F066HDF06_F6570_FUN6632035_T_-607.682015_182.852470_0245744_0160189_20260824_021747.jpg, previous=FRE0210_H4F270QDF08_F6570_FBK6810429_T_914.417272_-247.961593_0270003_0189957_20260824_122153.jpg
09:15:33.443 [MainThread] DEBUG        [_load_current_image] action=load, path=FRE0220_H4F066HDF06_F6570_FUN6632035_T_-607.682015_182.852470_0245744_0160189_20260824_021747.jpg
09:15:33.443 [MainThread] DEBUG    >>> _abort_hq | old_token=1193, active_hq=0
09:15:33.443 [MainThread] DEBUG    >>> load_image | token=153, path=FRE0220_H4F066HDF06_F6570_FUN6632035_T_-607.682015_182.852470_0245744_0160189_20260824_021747.jpg, has_image=True, active_threads=0, hq_threads=0
09:15:33.445 [Dummy-272 ] DEBUG        [Thread-153] ImageLoad.start | path=FRE0220_H4F066HDF06_F6570_FUN6632035_T_-607.682015_182.852470_0245744_0160189_20260824_021747.jpg
09:15:33.519 [Dummy-272 ] DEBUG        [Thread-153] ImageLoad.success | size=2447x2047
09:15:33.527 [MainThread] DEBUG    >>> _handle_image_loaded | token=153, current_token=153, path=FRE0220_H4F066HDF06_F6570_FUN6632035_T_-607.682015_182.852470_0245744_0160189_20260824_021747.jpg, has_error=False, image_valid=True
09:15:33.529 [MainThread] DEBUG    >>> _abort_hq | old_token=1194, active_hq=0
09:15:33.530 [MainThread] DEBUG        [_handle_image_loaded] action=create_pixmap, size=2447x2047
09:15:33.530 [MainThread] DEBUG        [_handle_image_loaded] action=fit_to_window
09:15:33.530 [MainThread] DEBUG    >>> _abort_hq | old_token=1195, active_hq=0
09:15:33.664 [MainThread] DEBUG    >>> _start_hq_resize | token=1197, target=1056x883, source=2447x2047
09:15:33.665 [Dummy-273 ] DEBUG        [Thread-1197] HqResize.start | target=1056x883
09:15:33.819 [Dummy-273 ] DEBUG        [Thread-1197] HqResize.success | scale=0.432
09:15:33.820 [Dummy-273 ] DEBUG    >>> _cleanup_hq_thread_early | token=1197
09:15:33.820 [MainThread] DEBUG    >>> _handle_hq_resized | token=1197, current_token=1197, has_error=False, image_valid=True, has_image=True
09:15:33.820 [MainThread] DEBUG        [_handle_hq_resized] action=swap_pixmap, scale=0.4315, size=1056x883
09:15:33.822 [MainThread] DEBUG    >>> _swap_pixmap_preserving_view | old_scale=1.0000, new_scale=0.4315, pixmap_size=1056x883
09:15:33.822 [MainThread] DEBUG        [_swap_pixmap] anchor=(1221.7, 1024.7)
09:15:33.822 [MainThread] DEBUG        [_swap_pixmap] status=success
09:15:36.659 [MainThread] DEBUG    >>> classify | key=H, enforce_focus=True, move_in_progress=False, has_session=True
09:15:36.660 [MainThread] DEBUG        [classify] action=start_move, current_image=FRE0220_H4F066HDF06_F6570_FUN6632035_T_-607.682015_182.852470_0245744_0160189_20260824_021747.jpg
09:15:36.681 [MainThread] DEBUG    >>> _handle_classify_finished | has_record=True, has_error=False, record_key=H, record_category=TH
09:15:36.681 [MainThread] DEBUG        [_handle_classify_finished] action=sync_after_session_change
09:15:36.684 [MainThread] DEBUG    >>> _load_current_image | current=FRE0910_H4F270FDF10_F6570_FLV6801113_T_-220.386251_994.631373_0213203_0153560_20260826_104426.jpg, previous=FRE0220_H4F066HDF06_F6570_FUN6632035_T_-607.682015_182.852470_0245744_0160189_20260824_021747.jpg
09:15:36.684 [MainThread] DEBUG        [_load_current_image] action=load, path=FRE0910_H4F270FDF10_F6570_FLV6801113_T_-220.386251_994.631373_0213203_0153560_20260826_104426.jpg
09:15:36.684 [MainThread] DEBUG    >>> _abort_hq | old_token=1197, active_hq=0
09:15:36.684 [MainThread] DEBUG    >>> load_image | token=154, path=FRE0910_H4F270FDF10_F6570_FLV6801113_T_-220.386251_994.631373_0213203_0153560_20260826_104426.jpg, has_image=True, active_threads=0, hq_threads=0
09:15:36.687 [Dummy-274 ] DEBUG        [Thread-154] ImageLoad.start | path=FRE0910_H4F270FDF10_F6570_FLV6801113_T_-220.386251_994.631373_0213203_0153560_20260826_104426.jpg
09:15:36.769 [Dummy-274 ] DEBUG        [Thread-154] ImageLoad.success | size=2447x2047
09:15:36.775 [MainThread] DEBUG    >>> _handle_image_loaded | token=154, current_token=154, path=FRE0910_H4F270FDF10_F6570_FLV6801113_T_-220.386251_994.631373_0213203_0153560_20260826_104426.jpg, has_error=False, image_valid=True
09:15:36.778 [MainThread] DEBUG    >>> _abort_hq | old_token=1198, active_hq=0
09:15:36.778 [MainThread] DEBUG        [_handle_image_loaded] action=create_pixmap, size=2447x2047
09:15:36.779 [MainThread] DEBUG        [_handle_image_loaded] action=fit_to_window
09:15:36.779 [MainThread] DEBUG    >>> _abort_hq | old_token=1199, active_hq=0
09:15:36.923 [MainThread] DEBUG    >>> _start_hq_resize | token=1201, target=1056x883, source=2447x2047
09:15:36.924 [Dummy-275 ] DEBUG        [Thread-1201] HqResize.start | target=1056x883
09:15:37.106 [Dummy-275 ] DEBUG        [Thread-1201] HqResize.success | scale=0.432
09:15:37.107 [Dummy-275 ] DEBUG    >>> _cleanup_hq_thread_early | token=1201
09:15:37.107 [MainThread] DEBUG    >>> _handle_hq_resized | token=1201, current_token=1201, has_error=False, image_valid=True, has_image=True
09:15:37.107 [MainThread] DEBUG        [_handle_hq_resized] action=swap_pixmap, scale=0.4315, size=1056x883
09:15:37.109 [MainThread] DEBUG    >>> _swap_pixmap_preserving_view | old_scale=1.0000, new_scale=0.4315, pixmap_size=1056x883
09:15:37.109 [MainThread] DEBUG        [_swap_pixmap] anchor=(1221.7, 1024.7)
09:15:37.109 [MainThread] DEBUG        [_swap_pixmap] status=success
09:15:37.451 [MainThread] DEBUG    >>> classify | key=s, enforce_focus=True, move_in_progress=False, has_session=True
09:15:37.452 [MainThread] DEBUG        [classify] action=start_move, current_image=FRE0910_H4F270FDF10_F6570_FLV6801113_T_-220.386251_994.631373_0213203_0153560_20260826_104426.jpg
09:15:37.471 [MainThread] DEBUG    >>> _handle_classify_finished | has_record=True, has_error=False, record_key=s, record_category=SP
09:15:37.472 [MainThread] DEBUG        [_handle_classify_finished] action=sync_after_session_change
09:15:37.475 [MainThread] DEBUG    >>> _load_current_image | current=FRE0910_H4F270FDF10_F6570_FLV6805311_T_207.132573_-527.056026_0213203_0153560_20260826_182955.jpg, previous=FRE0910_H4F270FDF10_F6570_FLV6801113_T_-220.386251_994.631373_0213203_0153560_20260826_104426.jpg
09:15:37.475 [MainThread] DEBUG        [_load_current_image] action=load, path=FRE0910_H4F270FDF10_F6570_FLV6805311_T_207.132573_-527.056026_0213203_0153560_20260826_182955.jpg
09:15:37.475 [MainThread] DEBUG    >>> _abort_hq | old_token=1201, active_hq=0
09:15:37.476 [MainThread] DEBUG    >>> load_image | token=155, path=FRE0910_H4F270FDF10_F6570_FLV6805311_T_207.132573_-527.056026_0213203_0153560_20260826_182955.jpg, has_image=True, active_threads=0, hq_threads=0
09:15:37.481 [Dummy-276 ] DEBUG        [Thread-155] ImageLoad.start | path=FRE0910_H4F270FDF10_F6570_FLV6805311_T_207.132573_-527.056026_0213203_0153560_20260826_182955.jpg
09:15:37.564 [Dummy-276 ] DEBUG        [Thread-155] ImageLoad.success | size=2447x2047
09:15:37.569 [MainThread] DEBUG    >>> _handle_image_loaded | token=155, current_token=155, path=FRE0910_H4F270FDF10_F6570_FLV6805311_T_207.132573_-527.056026_0213203_0153560_20260826_182955.jpg, has_error=False, image_valid=True
09:15:37.572 [MainThread] DEBUG    >>> _abort_hq | old_token=1202, active_hq=0
09:15:37.572 [MainThread] DEBUG        [_handle_image_loaded] action=create_pixmap, size=2447x2047
09:15:37.572 [MainThread] DEBUG        [_handle_image_loaded] action=fit_to_window
09:15:37.572 [MainThread] DEBUG    >>> _abort_hq | old_token=1203, active_hq=0
09:15:37.721 [MainThread] DEBUG    >>> _start_hq_resize | token=1205, target=1056x883, source=2447x2047
09:15:37.723 [Dummy-277 ] DEBUG        [Thread-1205] HqResize.start | target=1056x883
09:15:37.884 [Dummy-277 ] DEBUG        [Thread-1205] HqResize.success | scale=0.432
09:15:37.885 [Dummy-277 ] DEBUG    >>> _cleanup_hq_thread_early | token=1205
09:15:37.885 [MainThread] DEBUG    >>> _handle_hq_resized | token=1205, current_token=1205, has_error=False, image_valid=True, has_image=True
09:15:37.885 [MainThread] DEBUG        [_handle_hq_resized] action=swap_pixmap, scale=0.4315, size=1056x883
09:15:37.887 [MainThread] DEBUG    >>> _swap_pixmap_preserving_view | old_scale=1.0000, new_scale=0.4315, pixmap_size=1056x883
09:15:37.888 [MainThread] DEBUG        [_swap_pixmap] anchor=(1221.7, 1024.7)
09:15:37.888 [MainThread] DEBUG        [_swap_pixmap] status=success
09:15:40.171 [MainThread] DEBUG    >>> classify | key=s, enforce_focus=True, move_in_progress=False, has_session=True
09:15:40.172 [MainThread] DEBUG        [classify] action=start_move, current_image=FRE0910_H4F270FDF10_F6570_FLV6805311_T_207.132573_-527.056026_0213203_0153560_20260826_182955.jpg
09:15:40.189 [MainThread] DEBUG    >>> _handle_classify_finished | has_record=True, has_error=False, record_key=s, record_category=SP
09:15:40.190 [MainThread] DEBUG        [_handle_classify_finished] action=sync_after_session_change
09:15:40.190 [MainThread] DEBUG    >>> _load_current_image | current=None, previous=FRE0910_H4F270FDF10_F6570_FLV6805311_T_207.132573_-527.056026_0213203_0153560_20260826_182955.jpg
09:15:40.190 [MainThread] DEBUG    >>> _abort_hq | old_token=1205, active_hq=0
09:16:10.238 [MainThread] DEBUG    >>> _load_current_image | current=FRE0920_H4F270FDF10_F6570_FLV6801449_T_1016.589583_225.469292_0213203_0153560_20260826_134501.jpg, previous=None
09:16:10.238 [MainThread] DEBUG        [_load_current_image] action=load, path=FRE0920_H4F270FDF10_F6570_FLV6801449_T_1016.589583_225.469292_0213203_0153560_20260826_134501.jpg
09:16:10.238 [MainThread] DEBUG    >>> _abort_hq | old_token=1206, active_hq=0
09:16:10.238 [MainThread] DEBUG    >>> load_image | token=157, path=FRE0920_H4F270FDF10_F6570_FLV6801449_T_1016.589583_225.469292_0213203_0153560_20260826_134501.jpg, has_image=False, active_threads=0, hq_threads=0
09:16:10.241 [Dummy-75  ] DEBUG        [Thread-157] ImageLoad.start | path=FRE0920_H4F270FDF10_F6570_FLV6801449_T_1016.589583_225.469292_0213203_0153560_20260826_134501.jpg
09:16:10.327 [Dummy-75  ] DEBUG        [Thread-157] ImageLoad.success | size=2447x2047
09:16:10.332 [MainThread] DEBUG    >>> _handle_image_loaded | token=157, current_token=157, path=FRE0920_H4F270FDF10_F6570_FLV6801449_T_1016.589583_225.469292_0213203_0153560_20260826_134501.jpg, has_error=False, image_valid=True
09:16:10.332 [MainThread] DEBUG    >>> _abort_hq | old_token=1207, active_hq=0
09:16:10.333 [MainThread] DEBUG        [_handle_image_loaded] action=create_pixmap, size=2447x2047
09:16:10.333 [MainThread] DEBUG        [_handle_image_loaded] action=fit_to_window
09:16:10.333 [MainThread] DEBUG    >>> _abort_hq | old_token=1208, active_hq=0
09:16:10.482 [MainThread] DEBUG    >>> _start_hq_resize | token=1210, target=1056x883, source=2447x2047
09:16:10.483 [Dummy-58  ] DEBUG        [Thread-1210] HqResize.start | target=1056x883
09:16:10.644 [Dummy-58  ] DEBUG        [Thread-1210] HqResize.success | scale=0.432
09:16:10.644 [Dummy-58  ] DEBUG    >>> _cleanup_hq_thread_early | token=1210
09:16:10.644 [MainThread] DEBUG    >>> _handle_hq_resized | token=1210, current_token=1210, has_error=False, image_valid=True, has_image=True
09:16:10.644 [MainThread] DEBUG        [_handle_hq_resized] action=swap_pixmap, scale=0.4315, size=1056x883
09:16:10.646 [MainThread] DEBUG    >>> _swap_pixmap_preserving_view | old_scale=1.0000, new_scale=0.4315, pixmap_size=1056x883
09:16:10.646 [MainThread] DEBUG        [_swap_pixmap] anchor=(1221.7, 1024.7)
09:16:10.646 [MainThread] DEBUG        [_swap_pixmap] status=success
09:16:11.566 [MainThread] DEBUG    >>> wheelEvent.zoom | factor=1.25
09:16:11.566 [MainThread] DEBUG    >>> _abort_hq | old_token=1210, active_hq=0
09:16:11.567 [MainThread] DEBUG    >>> _swap_pixmap_preserving_view | old_scale=0.4315, new_scale=1.0000, pixmap_size=2447x2047
09:16:11.567 [MainThread] DEBUG        [_swap_pixmap] anchor=(1221.7, 1024.7)
09:16:11.569 [MainThread] DEBUG        [_swap_pixmap] status=success
09:16:11.587 [MainThread] DEBUG    >>> wheelEvent.zoom | factor=1.25
09:16:11.588 [MainThread] DEBUG    >>> _abort_hq | old_token=1211, active_hq=0
09:16:11.619 [MainThread] DEBUG    >>> wheelEvent.zoom | factor=1.25
09:16:11.619 [MainThread] DEBUG    >>> _abort_hq | old_token=1212, active_hq=0
09:16:11.767 [MainThread] DEBUG    >>> _start_hq_resize | token=1214, target=2062x1725, source=2447x2047
09:16:11.772 [Dummy-278 ] DEBUG        [Thread-1214] HqResize.start | target=2062x1725
09:16:11.875 [MainThread] DEBUG    >>> wheelEvent.zoom | factor=1.25
09:16:11.875 [MainThread] DEBUG    >>> _abort_hq | old_token=1214, active_hq=1
09:16:11.908 [MainThread] DEBUG    >>> wheelEvent.zoom | factor=1.25
09:16:11.908 [MainThread] DEBUG    >>> _abort_hq | old_token=1215, active_hq=1
09:16:12.012 [Dummy-278 ] DEBUG        [Thread-1214] HqResize.cancelled_late | 
09:16:12.013 [MainThread] DEBUG    >>> _handle_hq_resized | token=1214, current_token=1216, has_error=True, image_valid=False, has_image=True
09:16:12.013 [MainThread] DEBUG        [_handle_hq_resized] action=ignore, reason=token_mismatch
09:16:12.043 [MainThread] WARNING  ⚠️  Found deleted C++ QObject in _hq_threads (cleaned up) | token=1214
09:16:17.243 [MainThread] DEBUG    >>> classify | key=o, enforce_focus=True, move_in_progress=False, has_session=True
09:16:17.244 [MainThread] DEBUG        [classify] action=start_move, current_image=FRE0920_H4F270FDF10_F6570_FLV6801449_T_1016.589583_225.469292_0213203_0153560_20260826_134501.jpg
09:16:17.255 [MainThread] DEBUG    >>> _handle_classify_finished | has_record=True, has_error=False, record_key=o, record_category=OI
09:16:17.256 [MainThread] DEBUG        [_handle_classify_finished] action=sync_after_session_change
09:16:17.256 [MainThread] DEBUG    >>> _load_current_image | current=None, previous=FRE0920_H4F270FDF10_F6570_FLV6801449_T_1016.589583_225.469292_0213203_0153560_20260826_134501.jpg
09:16:17.256 [MainThread] DEBUG    >>> _abort_hq | old_token=1216, active_hq=0
09:16:21.416 [MainThread] DEBUG    >>> _load_current_image | current=FRE0120_H4F065HDF09_F6570_FVJ6803117_R_-134.262299_932.051071_0194923_0160189_20260829_071039.jpg, previous=None
09:16:21.416 [MainThread] DEBUG        [_load_current_image] action=load, path=FRE0120_H4F065HDF09_F6570_FVJ6803117_R_-134.262299_932.051071_0194923_0160189_20260829_071039.jpg
09:16:21.416 [MainThread] DEBUG    >>> _abort_hq | old_token=1217, active_hq=0
09:16:21.416 [MainThread] DEBUG    >>> load_image | token=159, path=FRE0120_H4F065HDF09_F6570_FVJ6803117_R_-134.262299_932.051071_0194923_0160189_20260829_071039.jpg, has_image=False, active_threads=0, hq_threads=0
09:16:21.418 [Dummy-279 ] DEBUG        [Thread-159] ImageLoad.start | path=FRE0120_H4F065HDF09_F6570_FVJ6803117_R_-134.262299_932.051071_0194923_0160189_20260829_071039.jpg
09:16:21.490 [Dummy-279 ] DEBUG        [Thread-159] ImageLoad.success | size=2447x2047
09:16:21.509 [MainThread] DEBUG    >>> _handle_image_loaded | token=159, current_token=159, path=FRE0120_H4F065HDF09_F6570_FVJ6803117_R_-134.262299_932.051071_0194923_0160189_20260829_071039.jpg, has_error=False, image_valid=True
09:16:21.510 [MainThread] DEBUG    >>> _abort_hq | old_token=1218, active_hq=0
09:16:21.510 [MainThread] DEBUG        [_handle_image_loaded] action=create_pixmap, size=2447x2047
09:16:21.510 [MainThread] DEBUG        [_handle_image_loaded] action=fit_to_window
09:16:21.510 [MainThread] DEBUG    >>> _abort_hq | old_token=1219, active_hq=0
09:16:21.523 [MainThread] DEBUG    >>> _abort_hq | old_token=1220, active_hq=0
09:16:21.677 [MainThread] DEBUG    >>> _start_hq_resize | token=1222, target=1056x883, source=2447x2047
09:16:21.678 [Dummy-177 ] DEBUG        [Thread-1222] HqResize.start | target=1056x883
09:16:21.822 [Dummy-177 ] DEBUG        [Thread-1222] HqResize.success | scale=0.432
09:16:21.822 [Dummy-177 ] DEBUG    >>> _cleanup_hq_thread_early | token=1222
09:16:21.823 [MainThread] DEBUG    >>> _handle_hq_resized | token=1222, current_token=1222, has_error=False, image_valid=True, has_image=True
09:16:21.823 [MainThread] DEBUG        [_handle_hq_resized] action=swap_pixmap, scale=0.4315, size=1056x883
09:16:21.824 [MainThread] DEBUG    >>> _swap_pixmap_preserving_view | old_scale=1.0000, new_scale=0.4315, pixmap_size=1056x883
09:16:21.824 [MainThread] DEBUG        [_swap_pixmap] anchor=(1221.7, 1024.7)
09:16:21.825 [MainThread] DEBUG        [_swap_pixmap] status=success
09:16:24.491 [MainThread] DEBUG    >>> wheelEvent.zoom | factor=1.25
09:16:24.491 [MainThread] DEBUG    >>> _abort_hq | old_token=1222, active_hq=0
09:16:24.491 [MainThread] DEBUG    >>> _swap_pixmap_preserving_view | old_scale=0.4315, new_scale=1.0000, pixmap_size=2447x2047
09:16:24.491 [MainThread] DEBUG        [_swap_pixmap] anchor=(1221.7, 1024.7)
09:16:24.492 [MainThread] DEBUG        [_swap_pixmap] status=success
09:16:24.523 [MainThread] DEBUG    >>> wheelEvent.zoom | factor=1.25
09:16:24.523 [MainThread] DEBUG    >>> _abort_hq | old_token=1223, active_hq=0
09:16:24.547 [MainThread] DEBUG    >>> wheelEvent.zoom | factor=1.25
09:16:24.547 [MainThread] DEBUG    >>> _abort_hq | old_token=1224, active_hq=0
09:16:24.579 [MainThread] DEBUG    >>> wheelEvent.zoom | factor=1.25
09:16:24.579 [MainThread] DEBUG    >>> _abort_hq | old_token=1225, active_hq=0
09:16:24.619 [MainThread] DEBUG    >>> wheelEvent.zoom | factor=1.25
09:16:24.620 [MainThread] DEBUG    >>> _abort_hq | old_token=1226, active_hq=0
09:16:25.693 [MainThread] DEBUG    >>> next_image | current=0, requested=1, total=58
09:16:25.694 [MainThread] DEBUG    >>> _load_current_image | current=FRE0130_H4F065HDF09_F6570_FVJ6800702_R_-940.042055_724.437380_0213203_0068403_20260828_164330.jpg, previous=FRE0120_H4F065HDF09_F6570_FVJ6803117_R_-134.262299_932.051071_0194923_0160189_20260829_071039.jpg
09:16:25.694 [MainThread] DEBUG        [_load_current_image] action=load, path=FRE0130_H4F065HDF09_F6570_FVJ6800702_R_-940.042055_724.437380_0213203_0068403_20260828_164330.jpg
09:16:25.694 [MainThread] DEBUG    >>> _abort_hq | old_token=1227, active_hq=0
09:16:25.695 [MainThread] DEBUG    >>> load_image | token=160, path=FRE0130_H4F065HDF09_F6570_FVJ6800702_R_-940.042055_724.437380_0213203_0068403_20260828_164330.jpg, has_image=True, active_threads=0, hq_threads=0
09:16:25.697 [Dummy-280 ] DEBUG        [Thread-160] ImageLoad.start | path=FRE0130_H4F065HDF09_F6570_FVJ6800702_R_-940.042055_724.437380_0213203_0068403_20260828_164330.jpg
09:16:25.789 [Dummy-280 ] DEBUG        [Thread-160] ImageLoad.success | size=2447x2047
09:16:25.795 [MainThread] DEBUG    >>> _handle_image_loaded | token=160, current_token=160, path=FRE0130_H4F065HDF09_F6570_FVJ6800702_R_-940.042055_724.437380_0213203_0068403_20260828_164330.jpg, has_error=False, image_valid=True
09:16:25.795 [MainThread] DEBUG    >>> _abort_hq | old_token=1228, active_hq=0
09:16:25.795 [MainThread] DEBUG        [_handle_image_loaded] action=create_pixmap, size=2447x2047
09:16:25.797 [MainThread] DEBUG        [_handle_image_loaded] action=fit_to_window
09:16:25.797 [MainThread] DEBUG    >>> _abort_hq | old_token=1229, active_hq=0
09:16:25.803 [MainThread] DEBUG    >>> _abort_hq | old_token=1230, active_hq=0
09:16:25.950 [MainThread] DEBUG    >>> _start_hq_resize | token=1232, target=1056x883, source=2447x2047
09:16:25.952 [Dummy-281 ] DEBUG        [Thread-1232] HqResize.start | target=1056x883
09:16:26.119 [Dummy-281 ] DEBUG        [Thread-1232] HqResize.success | scale=0.432
09:16:26.120 [Dummy-281 ] DEBUG    >>> _cleanup_hq_thread_early | token=1232
09:16:26.120 [MainThread] DEBUG    >>> _handle_hq_resized | token=1232, current_token=1232, has_error=False, image_valid=True, has_image=True
09:16:26.120 [MainThread] DEBUG        [_handle_hq_resized] action=swap_pixmap, scale=0.4315, size=1056x883
09:16:26.122 [MainThread] DEBUG    >>> _swap_pixmap_preserving_view | old_scale=1.0000, new_scale=0.4315, pixmap_size=1056x883
09:16:26.122 [MainThread] DEBUG        [_swap_pixmap] anchor=(1221.7, 1024.7)
09:16:26.122 [MainThread] DEBUG        [_swap_pixmap] status=success
09:16:26.357 [MainThread] DEBUG    >>> next_image | current=1, requested=2, total=58
09:16:26.358 [MainThread] DEBUG    >>> _load_current_image | current=FRE0130_H4F065HDF09_F6570_FVJ6803037_R_-873.558635_-267.507590_0194923_0160189_20260829_073454.jpg, previous=FRE0130_H4F065HDF09_F6570_FVJ6800702_R_-940.042055_724.437380_0213203_0068403_20260828_164330.jpg
09:16:26.358 [MainThread] DEBUG        [_load_current_image] action=load, path=FRE0130_H4F065HDF09_F6570_FVJ6803037_R_-873.558635_-267.507590_0194923_0160189_20260829_073454.jpg
09:16:26.358 [MainThread] DEBUG    >>> _abort_hq | old_token=1232, active_hq=0
09:16:26.358 [MainThread] DEBUG    >>> load_image | token=161, path=FRE0130_H4F065HDF09_F6570_FVJ6803037_R_-873.558635_-267.507590_0194923_0160189_20260829_073454.jpg, has_image=True, active_threads=0, hq_threads=0
09:16:26.361 [Dummy-116 ] DEBUG        [Thread-161] ImageLoad.start | path=FRE0130_H4F065HDF09_F6570_FVJ6803037_R_-873.558635_-267.507590_0194923_0160189_20260829_073454.jpg
09:16:26.457 [Dummy-116 ] DEBUG        [Thread-161] ImageLoad.success | size=2447x2047
09:16:26.462 [MainThread] DEBUG    >>> _handle_image_loaded | token=161, current_token=161, path=FRE0130_H4F065HDF09_F6570_FVJ6803037_R_-873.558635_-267.507590_0194923_0160189_20260829_073454.jpg, has_error=False, image_valid=True
09:16:26.464 [MainThread] DEBUG    >>> _abort_hq | old_token=1233, active_hq=0
09:16:26.464 [MainThread] DEBUG        [_handle_image_loaded] action=create_pixmap, size=2447x2047
09:16:26.465 [MainThread] DEBUG        [_handle_image_loaded] action=fit_to_window
09:16:26.465 [MainThread] DEBUG    >>> _abort_hq | old_token=1234, active_hq=0
09:16:26.615 [MainThread] DEBUG    >>> _start_hq_resize | token=1236, target=1056x883, source=2447x2047
09:16:26.616 [Dummy-45  ] DEBUG        [Thread-1236] HqResize.start | target=1056x883
09:16:26.723 [MainThread] DEBUG    >>> next_image | current=2, requested=3, total=58
09:16:26.724 [MainThread] DEBUG    >>> _load_current_image | current=FRE0140_H4F069HDF04_F6570_FUJ6810536_R_-3.218506_-799.988395_0068403_0185734_20260905_071627.jpg, previous=FRE0130_H4F065HDF09_F6570_FVJ6803037_R_-873.558635_-267.507590_0194923_0160189_20260829_073454.jpg
09:16:26.724 [MainThread] DEBUG        [_load_current_image] action=load, path=FRE0140_H4F069HDF04_F6570_FUJ6810536_R_-3.218506_-799.988395_0068403_0185734_20260905_071627.jpg
09:16:26.724 [MainThread] DEBUG    >>> _abort_hq | old_token=1236, active_hq=1
09:16:26.724 [MainThread] DEBUG    >>> load_image | token=162, path=FRE0140_H4F069HDF04_F6570_FUJ6810536_R_-3.218506_-799.988395_0068403_0185734_20260905_071627.jpg, has_image=True, active_threads=0, hq_threads=1
09:16:26.725 [Dummy-282 ] DEBUG        [Thread-162] ImageLoad.start | path=FRE0140_H4F069HDF04_F6570_FUJ6810536_R_-3.218506_-799.988395_0068403_0185734_20260905_071627.jpg
09:16:26.801 [Dummy-282 ] DEBUG        [Thread-162] ImageLoad.success | size=2447x2047
09:16:26.810 [MainThread] DEBUG    >>> _handle_image_loaded | token=162, current_token=162, path=FRE0140_H4F069HDF04_F6570_FUJ6810536_R_-3.218506_-799.988395_0068403_0185734_20260905_071627.jpg, has_error=False, image_valid=True
09:16:26.810 [MainThread] DEBUG    >>> _abort_hq | old_token=1237, active_hq=1
09:16:26.810 [MainThread] DEBUG        [_handle_image_loaded] action=create_pixmap, size=2447x2047
09:16:26.812 [MainThread] DEBUG        [_handle_image_loaded] action=fit_to_window
09:16:26.818 [MainThread] DEBUG    >>> _abort_hq | old_token=1238, active_hq=1
09:16:26.819 [Dummy-45  ] DEBUG        [Thread-1236] HqResize.cancelled_late | 
09:16:26.822 [MainThread] DEBUG    >>> _handle_hq_resized | token=1236, current_token=1239, has_error=True, image_valid=False, has_image=True
09:16:26.823 [MainThread] DEBUG        [_handle_hq_resized] action=ignore, reason=token_mismatch
09:16:26.917 [MainThread] DEBUG    >>> next_image | current=3, requested=4, total=58
09:16:26.918 [MainThread] DEBUG    >>> _load_current_image | current=FRE0210_H4F270FDF10_F6570_FLV6806508_T_-132.191229_886.249284_0152745_0069094_20260826_212006.jpg, previous=FRE0140_H4F069HDF04_F6570_FUJ6810536_R_-3.218506_-799.988395_0068403_0185734_20260905_071627.jpg
09:16:26.918 [MainThread] DEBUG        [_load_current_image] action=load, path=FRE0210_H4F270FDF10_F6570_FLV6806508_T_-132.191229_886.249284_0152745_0069094_20260826_212006.jpg
09:16:26.918 [MainThread] DEBUG    >>> _abort_hq | old_token=1239, active_hq=1
09:16:26.919 [MainThread] WARNING  ⚠️  Found deleted C++ QObject in _hq_threads (cleaned up) | token=1236
09:16:26.919 [MainThread] DEBUG    >>> load_image | token=163, path=FRE0210_H4F270FDF10_F6570_FLV6806508_T_-132.191229_886.249284_0152745_0069094_20260826_212006.jpg, has_image=True, active_threads=0, hq_threads=0
09:16:26.923 [Dummy-283 ] DEBUG        [Thread-163] ImageLoad.start | path=FRE0210_H4F270FDF10_F6570_FLV6806508_T_-132.191229_886.249284_0152745_0069094_20260826_212006.jpg
09:16:27.014 [Dummy-283 ] DEBUG        [Thread-163] ImageLoad.success | size=2447x2047
09:16:27.021 [MainThread] DEBUG    >>> _handle_image_loaded | token=163, current_token=163, path=FRE0210_H4F270FDF10_F6570_FLV6806508_T_-132.191229_886.249284_0152745_0069094_20260826_212006.jpg, has_error=False, image_valid=True
09:16:27.021 [MainThread] DEBUG    >>> _abort_hq | old_token=1240, active_hq=0
09:16:27.021 [MainThread] DEBUG        [_handle_image_loaded] action=create_pixmap, size=2447x2047
09:16:27.023 [MainThread] DEBUG        [_handle_image_loaded] action=fit_to_window
09:16:27.024 [MainThread] DEBUG    >>> _abort_hq | old_token=1241, active_hq=0
09:16:27.068 [MainThread] DEBUG    >>> next_image | current=4, requested=5, total=58
09:16:27.068 [MainThread] DEBUG    >>> _load_current_image | current=FRE0210_H4F270FDF14_F6570_FBE6801709_T_-599.796393_-698.507288_0270003_0189957_20260824_182359.jpg, previous=FRE0210_H4F270FDF10_F6570_FLV6806508_T_-132.191229_886.249284_0152745_0069094_20260826_212006.jpg
09:16:27.068 [MainThread] DEBUG        [_load_current_image] action=load, path=FRE0210_H4F270FDF14_F6570_FBE6801709_T_-599.796393_-698.507288_0270003_0189957_20260824_182359.jpg
09:16:27.068 [MainThread] DEBUG    >>> _abort_hq | old_token=1242, active_hq=0
09:16:27.068 [MainThread] DEBUG    >>> load_image | token=164, path=FRE0210_H4F270FDF14_F6570_FBE6801709_T_-599.796393_-698.507288_0270003_0189957_20260824_182359.jpg, has_image=True, active_threads=0, hq_threads=0
09:16:27.070 [Dummy-149 ] DEBUG        [Thread-164] ImageLoad.start | path=FRE0210_H4F270FDF14_F6570_FBE6801709_T_-599.796393_-698.507288_0270003_0189957_20260824_182359.jpg
09:16:27.139 [Dummy-149 ] DEBUG        [Thread-164] ImageLoad.success | size=2447x2047
09:16:27.146 [MainThread] DEBUG    >>> _handle_image_loaded | token=164, current_token=164, path=FRE0210_H4F270FDF14_F6570_FBE6801709_T_-599.796393_-698.507288_0270003_0189957_20260824_182359.jpg, has_error=False, image_valid=True
09:16:27.146 [MainThread] DEBUG    >>> _abort_hq | old_token=1243, active_hq=0
09:16:27.146 [MainThread] DEBUG        [_handle_image_loaded] action=create_pixmap, size=2447x2047
09:16:27.148 [MainThread] DEBUG        [_handle_image_loaded] action=fit_to_window
09:16:27.148 [MainThread] DEBUG    >>> _abort_hq | old_token=1244, active_hq=0
09:16:27.244 [MainThread] DEBUG    >>> next_image | current=5, requested=6, total=58
09:16:27.244 [MainThread] DEBUG    >>> _load_current_image | current=FRE0210_H4F270FDF14_F6570_FBE6802612_T_-672.603399_-956.456302_0069094_0083300_20260824_203415.jpg, previous=FRE0210_H4F270FDF14_F6570_FBE6801709_T_-599.796393_-698.507288_0270003_0189957_20260824_182359.jpg
09:16:27.244 [MainThread] DEBUG        [_load_current_image] action=load, path=FRE0210_H4F270FDF14_F6570_FBE6802612_T_-672.603399_-956.456302_0069094_0083300_20260824_203415.jpg
09:16:27.244 [MainThread] DEBUG    >>> _abort_hq | old_token=1245, active_hq=0
09:16:27.244 [MainThread] DEBUG    >>> load_image | token=165, path=FRE0210_H4F270FDF14_F6570_FBE6802612_T_-672.603399_-956.456302_0069094_0083300_20260824_203415.jpg, has_image=True, active_threads=0, hq_threads=0
09:16:27.246 [Dummy-284 ] DEBUG        [Thread-165] ImageLoad.start | path=FRE0210_H4F270FDF14_F6570_FBE6802612_T_-672.603399_-956.456302_0069094_0083300_20260824_203415.jpg
09:16:27.316 [Dummy-284 ] DEBUG        [Thread-165] ImageLoad.success | size=2447x2047
09:16:27.324 [MainThread] DEBUG    >>> _handle_image_loaded | token=165, current_token=165, path=FRE0210_H4F270FDF14_F6570_FBE6802612_T_-672.603399_-956.456302_0069094_0083300_20260824_203415.jpg, has_error=False, image_valid=True
09:16:27.324 [MainThread] DEBUG    >>> _abort_hq | old_token=1246, active_hq=0
09:16:27.324 [MainThread] DEBUG        [_handle_image_loaded] action=create_pixmap, size=2447x2047
09:16:27.326 [MainThread] DEBUG        [_handle_image_loaded] action=fit_to_window
09:16:27.326 [MainThread] DEBUG    >>> _abort_hq | old_token=1247, active_hq=0
09:16:27.472 [MainThread] DEBUG    >>> _start_hq_resize | token=1249, target=1056x883, source=2447x2047
09:16:27.475 [Dummy-139 ] DEBUG        [Thread-1249] HqResize.start | target=1056x883
09:16:27.502 [MainThread] DEBUG    >>> _load_current_image | current=FRE0210_H4F270FDF14_F6570_FBE6801709_T_-599.796393_-698.507288_0270003_0189957_20260824_182359.jpg, previous=FRE0210_H4F270FDF14_F6570_FBE6802612_T_-672.603399_-956.456302_0069094_0083300_20260824_203415.jpg
09:16:27.502 [MainThread] DEBUG        [_load_current_image] action=load, path=FRE0210_H4F270FDF14_F6570_FBE6801709_T_-599.796393_-698.507288_0270003_0189957_20260824_182359.jpg
09:16:27.502 [MainThread] DEBUG    >>> _abort_hq | old_token=1249, active_hq=1
09:16:27.503 [MainThread] DEBUG    >>> load_image | token=166, path=FRE0210_H4F270FDF14_F6570_FBE6801709_T_-599.796393_-698.507288_0270003_0189957_20260824_182359.jpg, has_image=True, active_threads=0, hq_threads=1
09:16:27.507 [Dummy-24  ] DEBUG        [Thread-166] ImageLoad.start | path=FRE0210_H4F270FDF14_F6570_FBE6801709_T_-599.796393_-698.507288_0270003_0189957_20260824_182359.jpg
09:16:27.596 [Dummy-24  ] DEBUG        [Thread-166] ImageLoad.success | size=2447x2047
09:16:27.604 [MainThread] DEBUG    >>> _handle_image_loaded | token=166, current_token=166, path=FRE0210_H4F270FDF14_F6570_FBE6801709_T_-599.796393_-698.507288_0270003_0189957_20260824_182359.jpg, has_error=False, image_valid=True
09:16:27.604 [MainThread] DEBUG    >>> _abort_hq | old_token=1250, active_hq=1
09:16:27.604 [MainThread] DEBUG        [_handle_image_loaded] action=create_pixmap, size=2447x2047
09:16:27.606 [MainThread] DEBUG        [_handle_image_loaded] action=fit_to_window
09:16:27.606 [MainThread] DEBUG    >>> _abort_hq | old_token=1251, active_hq=1
09:16:27.684 [MainThread] DEBUG    >>> _load_current_image | current=FRE0210_H4F270FDF10_F6570_FLV6806508_T_-132.191229_886.249284_0152745_0069094_20260826_212006.jpg, previous=FRE0210_H4F270FDF14_F6570_FBE6801709_T_-599.796393_-698.507288_0270003_0189957_20260824_182359.jpg
09:16:27.685 [MainThread] DEBUG        [_load_current_image] action=load, path=FRE0210_H4F270FDF10_F6570_FLV6806508_T_-132.191229_886.249284_0152745_0069094_20260826_212006.jpg
09:16:27.685 [MainThread] DEBUG    >>> _abort_hq | old_token=1252, active_hq=1
09:16:27.685 [MainThread] DEBUG    >>> load_image | token=167, path=FRE0210_H4F270FDF10_F6570_FLV6806508_T_-132.191229_886.249284_0152745_0069094_20260826_212006.jpg, has_image=True, active_threads=0, hq_threads=1
09:16:27.686 [Dummy-119 ] DEBUG        [Thread-167] ImageLoad.start | path=FRE0210_H4F270FDF10_F6570_FLV6806508_T_-132.191229_886.249284_0152745_0069094_20260826_212006.jpg
09:16:27.753 [Dummy-119 ] DEBUG        [Thread-167] ImageLoad.success | size=2447x2047
09:16:27.761 [MainThread] DEBUG    >>> _handle_image_loaded | token=167, current_token=167, path=FRE0210_H4F270FDF10_F6570_FLV6806508_T_-132.191229_886.249284_0152745_0069094_20260826_212006.jpg, has_error=False, image_valid=True
09:16:27.762 [MainThread] DEBUG    >>> _abort_hq | old_token=1253, active_hq=1
09:16:27.762 [MainThread] DEBUG        [_handle_image_loaded] action=create_pixmap, size=2447x2047
09:16:27.764 [MainThread] DEBUG        [_handle_image_loaded] action=fit_to_window
09:16:27.769 [MainThread] DEBUG    >>> _abort_hq | old_token=1254, active_hq=1
09:16:27.771 [Dummy-139 ] DEBUG        [Thread-1249] HqResize.cancelled_late | 
09:16:27.774 [MainThread] DEBUG    >>> _handle_hq_resized | token=1249, current_token=1255, has_error=True, image_valid=False, has_image=True
09:16:27.774 [MainThread] DEBUG        [_handle_hq_resized] action=ignore, reason=token_mismatch
09:16:27.861 [MainThread] DEBUG    >>> _load_current_image | current=FRE0140_H4F069HDF04_F6570_FUJ6810536_R_-3.218506_-799.988395_0068403_0185734_20260905_071627.jpg, previous=FRE0210_H4F270FDF10_F6570_FLV6806508_T_-132.191229_886.249284_0152745_0069094_20260826_212006.jpg
09:16:27.861 [MainThread] DEBUG        [_load_current_image] action=load, path=FRE0140_H4F069HDF04_F6570_FUJ6810536_R_-3.218506_-799.988395_0068403_0185734_20260905_071627.jpg
09:16:27.861 [MainThread] DEBUG    >>> _abort_hq | old_token=1255, active_hq=1
09:16:27.861 [MainThread] WARNING  ⚠️  Found deleted C++ QObject in _hq_threads (cleaned up) | token=1249
09:16:27.861 [MainThread] DEBUG    >>> load_image | token=168, path=FRE0140_H4F069HDF04_F6570_FUJ6810536_R_-3.218506_-799.988395_0068403_0185734_20260905_071627.jpg, has_image=True, active_threads=0, hq_threads=0
09:16:27.863 [Dummy-178 ] DEBUG        [Thread-168] ImageLoad.start | path=FRE0140_H4F069HDF04_F6570_FUJ6810536_R_-3.218506_-799.988395_0068403_0185734_20260905_071627.jpg
09:16:27.934 [Dummy-178 ] DEBUG        [Thread-168] ImageLoad.success | size=2447x2047
09:16:27.941 [MainThread] DEBUG    >>> _handle_image_loaded | token=168, current_token=168, path=FRE0140_H4F069HDF04_F6570_FUJ6810536_R_-3.218506_-799.988395_0068403_0185734_20260905_071627.jpg, has_error=False, image_valid=True
09:16:27.941 [MainThread] DEBUG    >>> _abort_hq | old_token=1256, active_hq=0
09:16:27.941 [MainThread] DEBUG        [_handle_image_loaded] action=create_pixmap, size=2447x2047
09:16:27.944 [MainThread] DEBUG        [_handle_image_loaded] action=fit_to_window
09:16:27.944 [MainThread] DEBUG    >>> _abort_hq | old_token=1257, active_hq=0
09:16:28.041 [MainThread] DEBUG    >>> _load_current_image | current=FRE0130_H4F065HDF09_F6570_FVJ6803037_R_-873.558635_-267.507590_0194923_0160189_20260829_073454.jpg, previous=FRE0140_H4F069HDF04_F6570_FUJ6810536_R_-3.218506_-799.988395_0068403_0185734_20260905_071627.jpg
09:16:28.041 [MainThread] DEBUG        [_load_current_image] action=load, path=FRE0130_H4F065HDF09_F6570_FVJ6803037_R_-873.558635_-267.507590_0194923_0160189_20260829_073454.jpg
09:16:28.041 [MainThread] DEBUG    >>> _abort_hq | old_token=1258, active_hq=0
09:16:28.042 [MainThread] DEBUG    >>> load_image | token=169, path=FRE0130_H4F065HDF09_F6570_FVJ6803037_R_-873.558635_-267.507590_0194923_0160189_20260829_073454.jpg, has_image=True, active_threads=0, hq_threads=0
09:16:28.045 [Dummy-179 ] DEBUG        [Thread-169] ImageLoad.start | path=FRE0130_H4F065HDF09_F6570_FVJ6803037_R_-873.558635_-267.507590_0194923_0160189_20260829_073454.jpg
09:16:28.143 [Dummy-179 ] DEBUG        [Thread-169] ImageLoad.success | size=2447x2047
09:16:28.151 [MainThread] DEBUG    >>> _handle_image_loaded | token=169, current_token=169, path=FRE0130_H4F065HDF09_F6570_FVJ6803037_R_-873.558635_-267.507590_0194923_0160189_20260829_073454.jpg, has_error=False, image_valid=True
09:16:28.151 [MainThread] DEBUG    >>> _abort_hq | old_token=1259, active_hq=0
09:16:28.151 [MainThread] DEBUG        [_handle_image_loaded] action=create_pixmap, size=2447x2047
09:16:28.153 [MainThread] DEBUG        [_handle_image_loaded] action=fit_to_window
09:16:28.153 [MainThread] DEBUG    >>> _abort_hq | old_token=1260, active_hq=0
09:16:28.236 [MainThread] DEBUG    >>> _load_current_image | current=FRE0130_H4F065HDF09_F6570_FVJ6800702_R_-940.042055_724.437380_0213203_0068403_20260828_164330.jpg, previous=FRE0130_H4F065HDF09_F6570_FVJ6803037_R_-873.558635_-267.507590_0194923_0160189_20260829_073454.jpg
09:16:28.236 [MainThread] DEBUG        [_load_current_image] action=load, path=FRE0130_H4F065HDF09_F6570_FVJ6800702_R_-940.042055_724.437380_0213203_0068403_20260828_164330.jpg
09:16:28.236 [MainThread] DEBUG    >>> _abort_hq | old_token=1261, active_hq=0
09:16:28.236 [MainThread] DEBUG    >>> load_image | token=170, path=FRE0130_H4F065HDF09_F6570_FVJ6800702_R_-940.042055_724.437380_0213203_0068403_20260828_164330.jpg, has_image=True, active_threads=0, hq_threads=0
09:16:28.237 [Dummy-155 ] DEBUG        [Thread-170] ImageLoad.start | path=FRE0130_H4F065HDF09_F6570_FVJ6800702_R_-940.042055_724.437380_0213203_0068403_20260828_164330.jpg
09:16:28.323 [Dummy-155 ] DEBUG        [Thread-170] ImageLoad.success | size=2447x2047
09:16:28.330 [MainThread] DEBUG    >>> _handle_image_loaded | token=170, current_token=170, path=FRE0130_H4F065HDF09_F6570_FVJ6800702_R_-940.042055_724.437380_0213203_0068403_20260828_164330.jpg, has_error=False, image_valid=True
09:16:28.330 [MainThread] DEBUG    >>> _abort_hq | old_token=1262, active_hq=0
09:16:28.330 [MainThread] DEBUG        [_handle_image_loaded] action=create_pixmap, size=2447x2047
09:16:28.333 [MainThread] DEBUG        [_handle_image_loaded] action=fit_to_window
09:16:28.333 [MainThread] DEBUG    >>> _abort_hq | old_token=1263, active_hq=0
09:16:28.412 [MainThread] DEBUG    >>> _load_current_image | current=FRE0120_H4F065HDF09_F6570_FVJ6803117_R_-134.262299_932.051071_0194923_0160189_20260829_071039.jpg, previous=FRE0130_H4F065HDF09_F6570_FVJ6800702_R_-940.042055_724.437380_0213203_0068403_20260828_164330.jpg
09:16:28.412 [MainThread] DEBUG        [_load_current_image] action=load, path=FRE0120_H4F065HDF09_F6570_FVJ6803117_R_-134.262299_932.051071_0194923_0160189_20260829_071039.jpg
09:16:28.412 [MainThread] DEBUG    >>> _abort_hq | old_token=1264, active_hq=0
09:16:28.412 [MainThread] DEBUG    >>> load_image | token=171, path=FRE0120_H4F065HDF09_F6570_FVJ6803117_R_-134.262299_932.051071_0194923_0160189_20260829_071039.jpg, has_image=True, active_threads=0, hq_threads=0
09:16:28.413 [Dummy-285 ] DEBUG        [Thread-171] ImageLoad.start | path=FRE0120_H4F065HDF09_F6570_FVJ6803117_R_-134.262299_932.051071_0194923_0160189_20260829_071039.jpg
09:16:28.489 [Dummy-285 ] DEBUG        [Thread-171] ImageLoad.success | size=2447x2047
09:16:28.495 [MainThread] DEBUG    >>> _handle_image_loaded | token=171, current_token=171, path=FRE0120_H4F065HDF09_F6570_FVJ6803117_R_-134.262299_932.051071_0194923_0160189_20260829_071039.jpg, has_error=False, image_valid=True
09:16:28.495 [MainThread] DEBUG    >>> _abort_hq | old_token=1265, active_hq=0
09:16:28.496 [MainThread] DEBUG        [_handle_image_loaded] action=create_pixmap, size=2447x2047
09:16:28.498 [MainThread] DEBUG        [_handle_image_loaded] action=fit_to_window
09:16:28.498 [MainThread] DEBUG    >>> _abort_hq | old_token=1266, active_hq=0
09:16:28.557 [MainThread] DEBUG    >>> _load_current_image | current=FRE0120_H4F065HDF09_F6570_FVJ6803117_R_-134.262299_932.051071_0194923_0160189_20260829_071039.jpg, previous=FRE0120_H4F065HDF09_F6570_FVJ6803117_R_-134.262299_932.051071_0194923_0160189_20260829_071039.jpg
09:16:28.557 [MainThread] DEBUG        [_load_current_image] action=skip, reason=already_loaded
09:16:28.646 [MainThread] DEBUG    >>> _start_hq_resize | token=1268, target=1056x883, source=2447x2047
09:16:28.649 [Dummy-286 ] DEBUG        [Thread-1268] HqResize.start | target=1056x883
09:16:28.747 [MainThread] DEBUG    >>> _load_current_image | current=FRE0120_H4F065HDF09_F6570_FVJ6803117_R_-134.262299_932.051071_0194923_0160189_20260829_071039.jpg, previous=FRE0120_H4F065HDF09_F6570_FVJ6803117_R_-134.262299_932.051071_0194923_0160189_20260829_071039.jpg
09:16:28.747 [MainThread] DEBUG        [_load_current_image] action=skip, reason=already_loaded
09:16:28.815 [Dummy-286 ] DEBUG        [Thread-1268] HqResize.success | scale=0.432
09:16:28.815 [Dummy-286 ] DEBUG    >>> _cleanup_hq_thread_early | token=1268
09:16:28.816 [MainThread] DEBUG    >>> _handle_hq_resized | token=1268, current_token=1268, has_error=False, image_valid=True, has_image=True
09:16:28.816 [MainThread] DEBUG        [_handle_hq_resized] action=swap_pixmap, scale=0.4315, size=1056x883
09:16:28.817 [MainThread] DEBUG    >>> _swap_pixmap_preserving_view | old_scale=1.0000, new_scale=0.4315, pixmap_size=1056x883
09:16:28.818 [MainThread] DEBUG        [_swap_pixmap] anchor=(1221.7, 1024.7)
09:16:28.818 [MainThread] DEBUG        [_swap_pixmap] status=success
09:16:28.925 [MainThread] DEBUG    >>> _load_current_image | current=FRE0120_H4F065HDF09_F6570_FVJ6803117_R_-134.262299_932.051071_0194923_0160189_20260829_071039.jpg, previous=FRE0120_H4F065HDF09_F6570_FVJ6803117_R_-134.262299_932.051071_0194923_0160189_20260829_071039.jpg
09:16:28.925 [MainThread] DEBUG        [_load_current_image] action=skip, reason=already_loaded
09:16:29.118 [MainThread] DEBUG    >>> _load_current_image | current=FRE0120_H4F065HDF09_F6570_FVJ6803117_R_-134.262299_932.051071_0194923_0160189_20260829_071039.jpg, previous=FRE0120_H4F065HDF09_F6570_FVJ6803117_R_-134.262299_932.051071_0194923_0160189_20260829_071039.jpg
09:16:29.118 [MainThread] DEBUG        [_load_current_image] action=skip, reason=already_loaded
09:17:05.607 [MainThread] DEBUG    >>> _load_current_image | current=FRE0120_H4F065HDF09_F6570_FVJ6803117_R_-134.262299_932.051071_0194923_0160189_20260829_071039.jpg, previous=FRE0120_H4F065HDF09_F6570_FVJ6803117_R_-134.262299_932.051071_0194923_0160189_20260829_071039.jpg
09:17:05.607 [MainThread] DEBUG        [_load_current_image] action=skip, reason=already_loaded
09:17:06.043 [MainThread] DEBUG    >>> next_image | current=0, requested=1, total=58
09:17:06.044 [MainThread] DEBUG    >>> _load_current_image | current=FRE0130_H4F065HDF09_F6570_FVJ6800702_R_-940.042055_724.437380_0213203_0068403_20260828_164330.jpg, previous=FRE0120_H4F065HDF09_F6570_FVJ6803117_R_-134.262299_932.051071_0194923_0160189_20260829_071039.jpg
09:17:06.044 [MainThread] DEBUG        [_load_current_image] action=load, path=FRE0130_H4F065HDF09_F6570_FVJ6800702_R_-940.042055_724.437380_0213203_0068403_20260828_164330.jpg
09:17:06.045 [MainThread] DEBUG    >>> _abort_hq | old_token=1268, active_hq=0
09:17:06.045 [MainThread] DEBUG    >>> load_image | token=172, path=FRE0130_H4F065HDF09_F6570_FVJ6800702_R_-940.042055_724.437380_0213203_0068403_20260828_164330.jpg, has_image=True, active_threads=0, hq_threads=0
09:17:06.048 [Dummy-196 ] DEBUG        [Thread-172] ImageLoad.start | path=FRE0130_H4F065HDF09_F6570_FVJ6800702_R_-940.042055_724.437380_0213203_0068403_20260828_164330.jpg
09:17:06.145 [Dummy-196 ] DEBUG        [Thread-172] ImageLoad.success | size=2447x2047
09:17:06.151 [MainThread] DEBUG    >>> _handle_image_loaded | token=172, current_token=172, path=FRE0130_H4F065HDF09_F6570_FVJ6800702_R_-940.042055_724.437380_0213203_0068403_20260828_164330.jpg, has_error=False, image_valid=True
09:17:06.153 [MainThread] DEBUG    >>> _abort_hq | old_token=1269, active_hq=0
09:17:06.153 [MainThread] DEBUG        [_handle_image_loaded] action=create_pixmap, size=2447x2047
09:17:06.154 [MainThread] DEBUG        [_handle_image_loaded] action=fit_to_window
09:17:06.154 [MainThread] DEBUG    >>> _abort_hq | old_token=1270, active_hq=0
09:17:06.300 [MainThread] DEBUG    >>> _start_hq_resize | token=1272, target=1056x883, source=2447x2047
09:17:06.304 [Dummy-287 ] DEBUG        [Thread-1272] HqResize.start | target=1056x883
09:17:06.429 [MainThread] DEBUG    >>> next_image | current=1, requested=2, total=58
09:17:06.430 [MainThread] DEBUG    >>> _load_current_image | current=FRE0130_H4F065HDF09_F6570_FVJ6803037_R_-873.558635_-267.507590_0194923_0160189_20260829_073454.jpg, previous=FRE0130_H4F065HDF09_F6570_FVJ6800702_R_-940.042055_724.437380_0213203_0068403_20260828_164330.jpg
09:17:06.430 [MainThread] DEBUG        [_load_current_image] action=load, path=FRE0130_H4F065HDF09_F6570_FVJ6803037_R_-873.558635_-267.507590_0194923_0160189_20260829_073454.jpg
09:17:06.430 [MainThread] DEBUG    >>> _abort_hq | old_token=1272, active_hq=1
09:17:06.430 [MainThread] DEBUG    >>> load_image | token=173, path=FRE0130_H4F065HDF09_F6570_FVJ6803037_R_-873.558635_-267.507590_0194923_0160189_20260829_073454.jpg, has_image=True, active_threads=0, hq_threads=1
09:17:06.431 [Dummy-288 ] DEBUG        [Thread-173] ImageLoad.start | path=FRE0130_H4F065HDF09_F6570_FVJ6803037_R_-873.558635_-267.507590_0194923_0160189_20260829_073454.jpg
09:17:06.507 [Dummy-288 ] DEBUG        [Thread-173] ImageLoad.success | size=2447x2047
09:17:06.516 [MainThread] DEBUG    >>> _handle_image_loaded | token=173, current_token=173, path=FRE0130_H4F065HDF09_F6570_FVJ6803037_R_-873.558635_-267.507590_0194923_0160189_20260829_073454.jpg, has_error=False, image_valid=True
09:17:06.516 [MainThread] DEBUG    >>> _abort_hq | old_token=1273, active_hq=1
09:17:06.516 [MainThread] DEBUG        [_handle_image_loaded] action=create_pixmap, size=2447x2047
09:17:06.520 [MainThread] DEBUG        [_handle_image_loaded] action=fit_to_window
09:17:06.525 [MainThread] DEBUG    >>> _abort_hq | old_token=1274, active_hq=1
09:17:06.527 [Dummy-287 ] DEBUG        [Thread-1272] HqResize.cancelled_late | 
09:17:06.530 [MainThread] DEBUG    >>> _handle_hq_resized | token=1272, current_token=1275, has_error=True, image_valid=False, has_image=True
09:17:06.530 [MainThread] DEBUG        [_handle_hq_resized] action=ignore, reason=token_mismatch
09:17:06.673 [MainThread] WARNING  ⚠️  Found deleted C++ QObject in _hq_threads (cleaned up) | token=1272
09:17:06.680 [MainThread] DEBUG    >>> _start_hq_resize | token=1276, target=1056x883, source=2447x2047
09:17:06.681 [Dummy-289 ] DEBUG        [Thread-1276] HqResize.start | target=1056x883
09:17:06.839 [Dummy-289 ] DEBUG        [Thread-1276] HqResize.success | scale=0.432
09:17:06.839 [Dummy-289 ] DEBUG    >>> _cleanup_hq_thread_early | token=1276
09:17:06.839 [MainThread] DEBUG    >>> _handle_hq_resized | token=1276, current_token=1276, has_error=False, image_valid=True, has_image=True
09:17:06.839 [MainThread] DEBUG        [_handle_hq_resized] action=swap_pixmap, scale=0.4315, size=1056x883
09:17:06.841 [MainThread] DEBUG    >>> _swap_pixmap_preserving_view | old_scale=1.0000, new_scale=0.4315, pixmap_size=1056x883
09:17:06.841 [MainThread] DEBUG        [_swap_pixmap] anchor=(1221.7, 1024.7)
09:17:06.842 [MainThread] DEBUG        [_swap_pixmap] status=success
09:17:06.870 [MainThread] DEBUG    >>> next_image | current=2, requested=3, total=58
09:17:06.870 [MainThread] DEBUG    >>> _load_current_image | current=FRE0140_H4F069HDF04_F6570_FUJ6810536_R_-3.218506_-799.988395_0068403_0185734_20260905_071627.jpg, previous=FRE0130_H4F065HDF09_F6570_FVJ6803037_R_-873.558635_-267.507590_0194923_0160189_20260829_073454.jpg
09:17:06.870 [MainThread] DEBUG        [_load_current_image] action=load, path=FRE0140_H4F069HDF04_F6570_FUJ6810536_R_-3.218506_-799.988395_0068403_0185734_20260905_071627.jpg
09:17:06.870 [MainThread] DEBUG    >>> _abort_hq | old_token=1276, active_hq=0
09:17:06.870 [MainThread] DEBUG    >>> load_image | token=174, path=FRE0140_H4F069HDF04_F6570_FUJ6810536_R_-3.218506_-799.988395_0068403_0185734_20260905_071627.jpg, has_image=True, active_threads=0, hq_threads=0
09:17:06.872 [Dummy-290 ] DEBUG        [Thread-174] ImageLoad.start | path=FRE0140_H4F069HDF04_F6570_FUJ6810536_R_-3.218506_-799.988395_0068403_0185734_20260905_071627.jpg
09:17:06.951 [Dummy-290 ] DEBUG        [Thread-174] ImageLoad.success | size=2447x2047
09:17:06.958 [MainThread] DEBUG    >>> _handle_image_loaded | token=174, current_token=174, path=FRE0140_H4F069HDF04_F6570_FUJ6810536_R_-3.218506_-799.988395_0068403_0185734_20260905_071627.jpg, has_error=False, image_valid=True
09:17:06.960 [MainThread] DEBUG    >>> _abort_hq | old_token=1277, active_hq=0
09:17:06.960 [MainThread] DEBUG        [_handle_image_loaded] action=create_pixmap, size=2447x2047
09:17:06.961 [MainThread] DEBUG        [_handle_image_loaded] action=fit_to_window
09:17:06.961 [MainThread] DEBUG    >>> _abort_hq | old_token=1278, active_hq=0
09:17:07.102 [MainThread] DEBUG    >>> next_image | current=3, requested=4, total=58
09:17:07.102 [MainThread] DEBUG    >>> _load_current_image | current=FRE0210_H4F270FDF10_F6570_FLV6806508_T_-132.191229_886.249284_0152745_0069094_20260826_212006.jpg, previous=FRE0140_H4F069HDF04_F6570_FUJ6810536_R_-3.218506_-799.988395_0068403_0185734_20260905_071627.jpg
09:17:07.102 [MainThread] DEBUG        [_load_current_image] action=load, path=FRE0210_H4F270FDF10_F6570_FLV6806508_T_-132.191229_886.249284_0152745_0069094_20260826_212006.jpg
09:17:07.102 [MainThread] DEBUG    >>> _abort_hq | old_token=1279, active_hq=0
09:17:07.102 [MainThread] DEBUG    >>> load_image | token=175, path=FRE0210_H4F270FDF10_F6570_FLV6806508_T_-132.191229_886.249284_0152745_0069094_20260826_212006.jpg, has_image=True, active_threads=0, hq_threads=0
09:17:07.103 [Dummy-291 ] DEBUG        [Thread-175] ImageLoad.start | path=FRE0210_H4F270FDF10_F6570_FLV6806508_T_-132.191229_886.249284_0152745_0069094_20260826_212006.jpg
09:17:07.173 [Dummy-291 ] DEBUG        [Thread-175] ImageLoad.success | size=2447x2047
09:17:07.178 [MainThread] DEBUG    >>> _handle_image_loaded | token=175, current_token=175, path=FRE0210_H4F270FDF10_F6570_FLV6806508_T_-132.191229_886.249284_0152745_0069094_20260826_212006.jpg, has_error=False, image_valid=True
09:17:07.178 [MainThread] DEBUG    >>> _abort_hq | old_token=1280, active_hq=0
09:17:07.179 [MainThread] DEBUG        [_handle_image_loaded] action=create_pixmap, size=2447x2047
09:17:07.181 [MainThread] DEBUG        [_handle_image_loaded] action=fit_to_window
09:17:07.181 [MainThread] DEBUG    >>> _abort_hq | old_token=1281, active_hq=0
09:17:07.269 [MainThread] DEBUG    >>> next_image | current=4, requested=5, total=58
09:17:07.270 [MainThread] DEBUG    >>> _load_current_image | current=FRE0210_H4F270FDF14_F6570_FBE6801709_T_-599.796393_-698.507288_0270003_0189957_20260824_182359.jpg, previous=FRE0210_H4F270FDF10_F6570_FLV6806508_T_-132.191229_886.249284_0152745_0069094_20260826_212006.jpg
09:17:07.270 [MainThread] DEBUG        [_load_current_image] action=load, path=FRE0210_H4F270FDF14_F6570_FBE6801709_T_-599.796393_-698.507288_0270003_0189957_20260824_182359.jpg
09:17:07.270 [MainThread] DEBUG    >>> _abort_hq | old_token=1282, active_hq=0
09:17:07.270 [MainThread] DEBUG    >>> load_image | token=176, path=FRE0210_H4F270FDF14_F6570_FBE6801709_T_-599.796393_-698.507288_0270003_0189957_20260824_182359.jpg, has_image=True, active_threads=0, hq_threads=0
09:17:07.272 [Dummy-292 ] DEBUG        [Thread-176] ImageLoad.start | path=FRE0210_H4F270FDF14_F6570_FBE6801709_T_-599.796393_-698.507288_0270003_0189957_20260824_182359.jpg
09:17:07.337 [Dummy-292 ] DEBUG        [Thread-176] ImageLoad.success | size=2447x2047
09:17:07.342 [MainThread] DEBUG    >>> _handle_image_loaded | token=176, current_token=176, path=FRE0210_H4F270FDF14_F6570_FBE6801709_T_-599.796393_-698.507288_0270003_0189957_20260824_182359.jpg, has_error=False, image_valid=True
09:17:07.342 [MainThread] DEBUG    >>> _abort_hq | old_token=1283, active_hq=0
09:17:07.342 [MainThread] DEBUG        [_handle_image_loaded] action=create_pixmap, size=2447x2047
09:17:07.344 [MainThread] DEBUG        [_handle_image_loaded] action=fit_to_window
09:17:07.345 [MainThread] DEBUG    >>> _abort_hq | old_token=1284, active_hq=0
09:17:07.488 [MainThread] DEBUG    >>> _start_hq_resize | token=1286, target=1056x883, source=2447x2047
09:17:07.489 [Dummy-201 ] DEBUG        [Thread-1286] HqResize.start | target=1056x883
09:17:07.589 [MainThread] DEBUG    >>> next_image | current=5, requested=6, total=58
09:17:07.590 [MainThread] DEBUG    >>> _load_current_image | current=FRE0210_H4F270FDF14_F6570_FBE6802612_T_-672.603399_-956.456302_0069094_0083300_20260824_203415.jpg, previous=FRE0210_H4F270FDF14_F6570_FBE6801709_T_-599.796393_-698.507288_0270003_0189957_20260824_182359.jpg
09:17:07.590 [MainThread] DEBUG        [_load_current_image] action=load, path=FRE0210_H4F270FDF14_F6570_FBE6802612_T_-672.603399_-956.456302_0069094_0083300_20260824_203415.jpg
09:17:07.590 [MainThread] DEBUG    >>> _abort_hq | old_token=1286, active_hq=1
09:17:07.590 [MainThread] DEBUG    >>> load_image | token=177, path=FRE0210_H4F270FDF14_F6570_FBE6802612_T_-672.603399_-956.456302_0069094_0083300_20260824_203415.jpg, has_image=True, active_threads=0, hq_threads=1
09:17:07.591 [Dummy-202 ] DEBUG        [Thread-177] ImageLoad.start | path=FRE0210_H4F270FDF14_F6570_FBE6802612_T_-672.603399_-956.456302_0069094_0083300_20260824_203415.jpg
09:17:07.663 [Dummy-202 ] DEBUG        [Thread-177] ImageLoad.success | size=2447x2047
09:17:07.673 [MainThread] DEBUG    >>> _handle_image_loaded | token=177, current_token=177, path=FRE0210_H4F270FDF14_F6570_FBE6802612_T_-672.603399_-956.456302_0069094_0083300_20260824_203415.jpg, has_error=False, image_valid=True
09:17:07.673 [MainThread] DEBUG    >>> _abort_hq | old_token=1287, active_hq=1
09:17:07.673 [MainThread] DEBUG        [_handle_image_loaded] action=create_pixmap, size=2447x2047
09:17:07.675 [MainThread] DEBUG        [_handle_image_loaded] action=fit_to_window
09:17:07.681 [MainThread] DEBUG    >>> _abort_hq | old_token=1288, active_hq=1
09:17:07.683 [Dummy-201 ] DEBUG        [Thread-1286] HqResize.cancelled_late | 
09:17:07.686 [MainThread] DEBUG    >>> _handle_hq_resized | token=1286, current_token=1289, has_error=True, image_valid=False, has_image=True
09:17:07.686 [MainThread] DEBUG        [_handle_hq_resized] action=ignore, reason=token_mismatch
09:17:07.774 [MainThread] DEBUG    >>> next_image | current=6, requested=7, total=58
09:17:07.775 [MainThread] DEBUG    >>> _load_current_image | current=FRE0220_H4F066HDF06_F6570_FUN6632040_T_-49.085605_156.800320_0245744_0160189_20260824_020402.jpg, previous=FRE0210_H4F270FDF14_F6570_FBE6802612_T_-672.603399_-956.456302_0069094_0083300_20260824_203415.jpg
09:17:07.775 [MainThread] DEBUG        [_load_current_image] action=load, path=FRE0220_H4F066HDF06_F6570_FUN6632040_T_-49.085605_156.800320_0245744_0160189_20260824_020402.jpg
09:17:07.776 [MainThread] DEBUG    >>> _abort_hq | old_token=1289, active_hq=1
09:17:07.776 [MainThread] WARNING  ⚠️  Found deleted C++ QObject in _hq_threads (cleaned up) | token=1286
09:17:07.776 [MainThread] DEBUG    >>> load_image | token=178, path=FRE0220_H4F066HDF06_F6570_FUN6632040_T_-49.085605_156.800320_0245744_0160189_20260824_020402.jpg, has_image=True, active_threads=0, hq_threads=0
09:17:07.779 [Dummy-293 ] DEBUG        [Thread-178] ImageLoad.start | path=FRE0220_H4F066HDF06_F6570_FUN6632040_T_-49.085605_156.800320_0245744_0160189_20260824_020402.jpg
09:17:07.876 [Dummy-293 ] DEBUG        [Thread-178] ImageLoad.success | size=2447x2047
09:17:07.883 [MainThread] DEBUG    >>> _handle_image_loaded | token=178, current_token=178, path=FRE0220_H4F066HDF06_F6570_FUN6632040_T_-49.085605_156.800320_0245744_0160189_20260824_020402.jpg, has_error=False, image_valid=True
09:17:07.883 [MainThread] DEBUG    >>> _abort_hq | old_token=1290, active_hq=0
09:17:07.883 [MainThread] DEBUG        [_handle_image_loaded] action=create_pixmap, size=2447x2047
09:17:07.885 [MainThread] DEBUG        [_handle_image_loaded] action=fit_to_window
09:17:07.885 [MainThread] DEBUG    >>> _abort_hq | old_token=1291, active_hq=0
09:17:07.950 [MainThread] DEBUG    >>> next_image | current=7, requested=8, total=58
09:17:07.950 [MainThread] DEBUG    >>> _load_current_image | current=FRE0220_H4F066HDF06_F6570_FUN6632134_T_285.020176_1223.384605_0245744_0160189_20260824_014645.jpg, previous=FRE0220_H4F066HDF06_F6570_FUN6632040_T_-49.085605_156.800320_0245744_0160189_20260824_020402.jpg
09:17:07.950 [MainThread] DEBUG        [_load_current_image] action=load, path=FRE0220_H4F066HDF06_F6570_FUN6632134_T_285.020176_1223.384605_0245744_0160189_20260824_014645.jpg
09:17:07.950 [MainThread] DEBUG    >>> _abort_hq | old_token=1292, active_hq=0
09:17:07.950 [MainThread] DEBUG    >>> load_image | token=179, path=FRE0220_H4F066HDF06_F6570_FUN6632134_T_285.020176_1223.384605_0245744_0160189_20260824_014645.jpg, has_image=True, active_threads=0, hq_threads=0
09:17:07.952 [Dummy-204 ] DEBUG        [Thread-179] ImageLoad.start | path=FRE0220_H4F066HDF06_F6570_FUN6632134_T_285.020176_1223.384605_0245744_0160189_20260824_014645.jpg
09:17:08.043 [Dummy-204 ] DEBUG        [Thread-179] ImageLoad.success | size=2447x2047
09:17:08.050 [MainThread] DEBUG    >>> _handle_image_loaded | token=179, current_token=179, path=FRE0220_H4F066HDF06_F6570_FUN6632134_T_285.020176_1223.384605_0245744_0160189_20260824_014645.jpg, has_error=False, image_valid=True
09:17:08.050 [MainThread] DEBUG    >>> _abort_hq | old_token=1293, active_hq=0
09:17:08.051 [MainThread] DEBUG        [_handle_image_loaded] action=create_pixmap, size=2447x2047
09:17:08.053 [MainThread] DEBUG        [_handle_image_loaded] action=fit_to_window
09:17:08.053 [MainThread] DEBUG    >>> _abort_hq | old_token=1294, active_hq=0
09:17:08.135 [MainThread] DEBUG    >>> next_image | current=8, requested=9, total=58
09:17:08.136 [MainThread] DEBUG    >>> _load_current_image | current=FRE0220_H4F066HDF07_F6570_FUR6801806_R_776.952978_-729.692695_0189957_0068176_20260829_142004.jpg, previous=FRE0220_H4F066HDF06_F6570_FUN6632134_T_285.020176_1223.384605_0245744_0160189_20260824_014645.jpg
09:17:08.136 [MainThread] DEBUG        [_load_current_image] action=load, path=FRE0220_H4F066HDF07_F6570_FUR6801806_R_776.952978_-729.692695_0189957_0068176_20260829_142004.jpg
09:17:08.136 [MainThread] DEBUG    >>> _abort_hq | old_token=1295, active_hq=0
09:17:08.136 [MainThread] DEBUG    >>> load_image | token=180, path=FRE0220_H4F066HDF07_F6570_FUR6801806_R_776.952978_-729.692695_0189957_0068176_20260829_142004.jpg, has_image=True, active_threads=0, hq_threads=0
09:17:08.140 [Dummy-294 ] DEBUG        [Thread-180] ImageLoad.start | path=FRE0220_H4F066HDF07_F6570_FUR6801806_R_776.952978_-729.692695_0189957_0068176_20260829_142004.jpg
09:17:08.235 [Dummy-294 ] DEBUG        [Thread-180] ImageLoad.success | size=2447x2047
09:17:08.240 [MainThread] DEBUG    >>> _handle_image_loaded | token=180, current_token=180, path=FRE0220_H4F066HDF07_F6570_FUR6801806_R_776.952978_-729.692695_0189957_0068176_20260829_142004.jpg, has_error=False, image_valid=True
09:17:08.241 [MainThread] DEBUG    >>> _abort_hq | old_token=1296, active_hq=0
09:17:08.241 [MainThread] DEBUG        [_handle_image_loaded] action=create_pixmap, size=2447x2047
09:17:08.243 [MainThread] DEBUG        [_handle_image_loaded] action=fit_to_window
09:17:08.243 [MainThread] DEBUG    >>> _abort_hq | old_token=1297, active_hq=0
09:17:08.310 [MainThread] DEBUG    >>> next_image | current=9, requested=10, total=58
09:17:08.310 [MainThread] DEBUG    >>> _load_current_image | current=FRE0230_H4F270FDF10_F6570_FLV6801130_T_-171.336343_-156.486607_0213203_0153560_20260826_165925.jpg, previous=FRE0220_H4F066HDF07_F6570_FUR6801806_R_776.952978_-729.692695_0189957_0068176_20260829_142004.jpg
09:17:08.310 [MainThread] DEBUG        [_load_current_image] action=load, path=FRE0230_H4F270FDF10_F6570_FLV6801130_T_-171.336343_-156.486607_0213203_0153560_20260826_165925.jpg
09:17:08.310 [MainThread] DEBUG    >>> _abort_hq | old_token=1298, active_hq=0
09:17:08.310 [MainThread] DEBUG    >>> load_image | token=181, path=FRE0230_H4F270FDF10_F6570_FLV6801130_T_-171.336343_-156.486607_0213203_0153560_20260826_165925.jpg, has_image=True, active_threads=0, hq_threads=0
09:17:08.312 [Dummy-295 ] DEBUG        [Thread-181] ImageLoad.start | path=FRE0230_H4F270FDF10_F6570_FLV6801130_T_-171.336343_-156.486607_0213203_0153560_20260826_165925.jpg
09:17:08.403 [Dummy-295 ] DEBUG        [Thread-181] ImageLoad.success | size=2447x2047
09:17:08.409 [MainThread] DEBUG    >>> _handle_image_loaded | token=181, current_token=181, path=FRE0230_H4F270FDF10_F6570_FLV6801130_T_-171.336343_-156.486607_0213203_0153560_20260826_165925.jpg, has_error=False, image_valid=True
09:17:08.409 [MainThread] DEBUG    >>> _abort_hq | old_token=1299, active_hq=0
09:17:08.409 [MainThread] DEBUG        [_handle_image_loaded] action=create_pixmap, size=2447x2047
09:17:08.411 [MainThread] DEBUG        [_handle_image_loaded] action=fit_to_window
09:17:08.411 [MainThread] DEBUG    >>> _abort_hq | old_token=1300, active_hq=0
09:17:08.534 [MainThread] DEBUG    >>> next_image | current=10, requested=11, total=58
09:17:08.534 [MainThread] DEBUG    >>> _load_current_image | current=FRE0240_H4F066HDF07_F6570_FUR6806410_T_974.759160_961.028731_0270003_0213203_20260831_170130.jpg, previous=FRE0230_H4F270FDF10_F6570_FLV6801130_T_-171.336343_-156.486607_0213203_0153560_20260826_165925.jpg
09:17:08.535 [MainThread] DEBUG        [_load_current_image] action=load, path=FRE0240_H4F066HDF07_F6570_FUR6806410_T_974.759160_961.028731_0270003_0213203_20260831_170130.jpg
09:17:08.535 [MainThread] DEBUG    >>> _abort_hq | old_token=1301, active_hq=0
09:17:08.535 [MainThread] DEBUG    >>> load_image | token=182, path=FRE0240_H4F066HDF07_F6570_FUR6806410_T_974.759160_961.028731_0270003_0213203_20260831_170130.jpg, has_image=True, active_threads=0, hq_threads=0
09:17:08.538 [Dummy-296 ] DEBUG        [Thread-182] ImageLoad.start | path=FRE0240_H4F066HDF07_F6570_FUR6806410_T_974.759160_961.028731_0270003_0213203_20260831_170130.jpg
09:17:08.625 [Dummy-296 ] DEBUG        [Thread-182] ImageLoad.success | size=2447x2047
09:17:08.631 [MainThread] DEBUG    >>> _handle_image_loaded | token=182, current_token=182, path=FRE0240_H4F066HDF07_F6570_FUR6806410_T_974.759160_961.028731_0270003_0213203_20260831_170130.jpg, has_error=False, image_valid=True
09:17:08.631 [MainThread] DEBUG    >>> _abort_hq | old_token=1302, active_hq=0
09:17:08.631 [MainThread] DEBUG        [_handle_image_loaded] action=create_pixmap, size=2447x2047
09:17:08.633 [MainThread] DEBUG        [_handle_image_loaded] action=fit_to_window
09:17:08.633 [MainThread] DEBUG    >>> _abort_hq | old_token=1303, active_hq=0
09:17:08.786 [MainThread] DEBUG    >>> _start_hq_resize | token=1305, target=1056x883, source=2447x2047
09:17:08.787 [Dummy-206 ] DEBUG        [Thread-1305] HqResize.start | target=1056x883
09:17:08.902 [MainThread] DEBUG    >>> _load_current_image | current=FRE0230_H4F270FDF10_F6570_FLV6801130_T_-171.336343_-156.486607_0213203_0153560_20260826_165925.jpg, previous=FRE0240_H4F066HDF07_F6570_FUR6806410_T_974.759160_961.028731_0270003_0213203_20260831_170130.jpg
09:17:08.902 [MainThread] DEBUG        [_load_current_image] action=load, path=FRE0230_H4F270FDF10_F6570_FLV6801130_T_-171.336343_-156.486607_0213203_0153560_20260826_165925.jpg
09:17:08.902 [MainThread] DEBUG    >>> _abort_hq | old_token=1305, active_hq=1
09:17:08.903 [MainThread] DEBUG    >>> load_image | token=183, path=FRE0230_H4F270FDF10_F6570_FLV6801130_T_-171.336343_-156.486607_0213203_0153560_20260826_165925.jpg, has_image=True, active_threads=0, hq_threads=1
09:17:08.904 [Dummy-30  ] DEBUG        [Thread-183] ImageLoad.start | path=FRE0230_H4F270FDF10_F6570_FLV6801130_T_-171.336343_-156.486607_0213203_0153560_20260826_165925.jpg
09:17:08.982 [Dummy-30  ] DEBUG        [Thread-183] ImageLoad.success | size=2447x2047
09:17:08.992 [MainThread] DEBUG    >>> _handle_image_loaded | token=183, current_token=183, path=FRE0230_H4F270FDF10_F6570_FLV6801130_T_-171.336343_-156.486607_0213203_0153560_20260826_165925.jpg, has_error=False, image_valid=True
09:17:08.992 [MainThread] DEBUG    >>> _abort_hq | old_token=1306, active_hq=1
09:17:08.992 [MainThread] DEBUG        [_handle_image_loaded] action=create_pixmap, size=2447x2047
09:17:08.994 [MainThread] DEBUG        [_handle_image_loaded] action=fit_to_window
09:17:08.999 [MainThread] DEBUG    >>> _abort_hq | old_token=1307, active_hq=1
09:17:09.001 [Dummy-206 ] DEBUG        [Thread-1305] HqResize.cancelled_late | 
09:17:09.004 [MainThread] DEBUG    >>> _handle_hq_resized | token=1305, current_token=1308, has_error=True, image_valid=False, has_image=True
09:17:09.004 [MainThread] DEBUG        [_handle_hq_resized] action=ignore, reason=token_mismatch
09:17:09.127 [MainThread] DEBUG    >>> _load_current_image | current=FRE0220_H4F066HDF07_F6570_FUR6801806_R_776.952978_-729.692695_0189957_0068176_20260829_142004.jpg, previous=FRE0230_H4F270FDF10_F6570_FLV6801130_T_-171.336343_-156.486607_0213203_0153560_20260826_165925.jpg
09:17:09.128 [MainThread] DEBUG        [_load_current_image] action=load, path=FRE0220_H4F066HDF07_F6570_FUR6801806_R_776.952978_-729.692695_0189957_0068176_20260829_142004.jpg
09:17:09.128 [MainThread] DEBUG    >>> _abort_hq | old_token=1308, active_hq=1
09:17:09.129 [MainThread] WARNING  ⚠️  Found deleted C++ QObject in _hq_threads (cleaned up) | token=1305
09:17:09.129 [MainThread] DEBUG    >>> load_image | token=184, path=FRE0220_H4F066HDF07_F6570_FUR6801806_R_776.952978_-729.692695_0189957_0068176_20260829_142004.jpg, has_image=True, active_threads=0, hq_threads=0
09:17:09.135 [Dummy-297 ] DEBUG        [Thread-184] ImageLoad.start | path=FRE0220_H4F066HDF07_F6570_FUR6801806_R_776.952978_-729.692695_0189957_0068176_20260829_142004.jpg
09:17:09.234 [Dummy-297 ] DEBUG        [Thread-184] ImageLoad.success | size=2447x2047
09:17:09.242 [MainThread] DEBUG    >>> _handle_image_loaded | token=184, current_token=184, path=FRE0220_H4F066HDF07_F6570_FUR6801806_R_776.952978_-729.692695_0189957_0068176_20260829_142004.jpg, has_error=False, image_valid=True
09:17:09.242 [MainThread] DEBUG    >>> _abort_hq | old_token=1309, active_hq=0
09:17:09.242 [MainThread] DEBUG        [_handle_image_loaded] action=create_pixmap, size=2447x2047
09:17:09.244 [MainThread] DEBUG        [_handle_image_loaded] action=fit_to_window
09:17:09.244 [MainThread] DEBUG    >>> _abort_hq | old_token=1310, active_hq=0
09:17:09.390 [MainThread] DEBUG    >>> _start_hq_resize | token=1312, target=1056x883, source=2447x2047
09:17:09.391 [Dummy-207 ] DEBUG        [Thread-1312] HqResize.start | target=1056x883
09:17:09.405 [MainThread] DEBUG    >>> _load_current_image | current=FRE0220_H4F066HDF06_F6570_FUN6632134_T_285.020176_1223.384605_0245744_0160189_20260824_014645.jpg, previous=FRE0220_H4F066HDF07_F6570_FUR6801806_R_776.952978_-729.692695_0189957_0068176_20260829_142004.jpg
09:17:09.405 [MainThread] DEBUG        [_load_current_image] action=load, path=FRE0220_H4F066HDF06_F6570_FUN6632134_T_285.020176_1223.384605_0245744_0160189_20260824_014645.jpg
09:17:09.406 [MainThread] DEBUG    >>> _abort_hq | old_token=1312, active_hq=1
09:17:09.406 [MainThread] DEBUG    >>> load_image | token=185, path=FRE0220_H4F066HDF06_F6570_FUN6632134_T_285.020176_1223.384605_0245744_0160189_20260824_014645.jpg, has_image=True, active_threads=0, hq_threads=1
09:17:09.407 [Dummy-298 ] DEBUG        [Thread-185] ImageLoad.start | path=FRE0220_H4F066HDF06_F6570_FUN6632134_T_285.020176_1223.384605_0245744_0160189_20260824_014645.jpg
09:17:09.479 [Dummy-298 ] DEBUG        [Thread-185] ImageLoad.success | size=2447x2047
09:17:09.487 [MainThread] DEBUG    >>> _handle_image_loaded | token=185, current_token=185, path=FRE0220_H4F066HDF06_F6570_FUN6632134_T_285.020176_1223.384605_0245744_0160189_20260824_014645.jpg, has_error=False, image_valid=True
09:17:09.488 [MainThread] DEBUG    >>> _abort_hq | old_token=1313, active_hq=1
09:17:09.488 [MainThread] DEBUG        [_handle_image_loaded] action=create_pixmap, size=2447x2047
09:17:09.490 [MainThread] DEBUG        [_handle_image_loaded] action=fit_to_window
09:17:09.490 [MainThread] DEBUG    >>> _abort_hq | old_token=1314, active_hq=1
09:17:09.616 [Dummy-207 ] DEBUG        [Thread-1312] HqResize.cancelled_late | 
09:17:09.617 [MainThread] DEBUG    >>> _handle_hq_resized | token=1312, current_token=1315, has_error=True, image_valid=False, has_image=True
09:17:09.617 [MainThread] DEBUG        [_handle_hq_resized] action=ignore, reason=token_mismatch
09:17:09.632 [MainThread] WARNING  ⚠️  Found deleted C++ QObject in _hq_threads (cleaned up) | token=1312
09:17:09.638 [MainThread] DEBUG    >>> _start_hq_resize | token=1316, target=1056x883, source=2447x2047
09:17:09.639 [Dummy-299 ] DEBUG        [Thread-1316] HqResize.start | target=1056x883
09:17:09.804 [Dummy-299 ] DEBUG        [Thread-1316] HqResize.success | scale=0.432
09:17:09.804 [Dummy-299 ] DEBUG    >>> _cleanup_hq_thread_early | token=1316
09:17:09.805 [MainThread] DEBUG    >>> _handle_hq_resized | token=1316, current_token=1316, has_error=False, image_valid=True, has_image=True
09:17:09.805 [MainThread] DEBUG        [_handle_hq_resized] action=swap_pixmap, scale=0.4315, size=1056x883
09:17:09.807 [MainThread] DEBUG    >>> _swap_pixmap_preserving_view | old_scale=1.0000, new_scale=0.4315, pixmap_size=1056x883
09:17:09.807 [MainThread] DEBUG        [_swap_pixmap] anchor=(1221.7, 1024.7)
09:17:09.807 [MainThread] DEBUG        [_swap_pixmap] status=success
09:17:11.063 [MainThread] DEBUG    >>> _load_current_image | current=FRE0220_H4F066HDF06_F6570_FUN6632040_T_-49.085605_156.800320_0245744_0160189_20260824_020402.jpg, previous=FRE0220_H4F066HDF06_F6570_FUN6632134_T_285.020176_1223.384605_0245744_0160189_20260824_014645.jpg
09:17:11.063 [MainThread] DEBUG        [_load_current_image] action=load, path=FRE0220_H4F066HDF06_F6570_FUN6632040_T_-49.085605_156.800320_0245744_0160189_20260824_020402.jpg
09:17:11.063 [MainThread] DEBUG    >>> _abort_hq | old_token=1316, active_hq=0
09:17:11.064 [MainThread] DEBUG    >>> load_image | token=186, path=FRE0220_H4F066HDF06_F6570_FUN6632040_T_-49.085605_156.800320_0245744_0160189_20260824_020402.jpg, has_image=True, active_threads=0, hq_threads=0
09:17:11.066 [Dummy-141 ] DEBUG        [Thread-186] ImageLoad.start | path=FRE0220_H4F066HDF06_F6570_FUN6632040_T_-49.085605_156.800320_0245744_0160189_20260824_020402.jpg
09:17:11.151 [Dummy-141 ] DEBUG        [Thread-186] ImageLoad.success | size=2447x2047
09:17:11.156 [MainThread] DEBUG    >>> _handle_image_loaded | token=186, current_token=186, path=FRE0220_H4F066HDF06_F6570_FUN6632040_T_-49.085605_156.800320_0245744_0160189_20260824_020402.jpg, has_error=False, image_valid=True
09:17:11.158 [MainThread] DEBUG    >>> _abort_hq | old_token=1317, active_hq=0
09:17:11.158 [MainThread] DEBUG        [_handle_image_loaded] action=create_pixmap, size=2447x2047
09:17:11.159 [MainThread] DEBUG        [_handle_image_loaded] action=fit_to_window
09:17:11.159 [MainThread] DEBUG    >>> _abort_hq | old_token=1318, active_hq=0
09:17:11.313 [MainThread] DEBUG    >>> _start_hq_resize | token=1320, target=1056x883, source=2447x2047
09:17:11.318 [Dummy-13  ] DEBUG        [Thread-1320] HqResize.start | target=1056x883
09:17:11.488 [Dummy-13  ] DEBUG        [Thread-1320] HqResize.success | scale=0.432
09:17:11.488 [Dummy-13  ] DEBUG    >>> _cleanup_hq_thread_early | token=1320
09:17:11.489 [MainThread] DEBUG    >>> _handle_hq_resized | token=1320, current_token=1320, has_error=False, image_valid=True, has_image=True
09:17:11.489 [MainThread] DEBUG        [_handle_hq_resized] action=swap_pixmap, scale=0.4315, size=1056x883
09:17:11.491 [MainThread] DEBUG    >>> _swap_pixmap_preserving_view | old_scale=1.0000, new_scale=0.4315, pixmap_size=1056x883
09:17:11.491 [MainThread] DEBUG        [_swap_pixmap] anchor=(1221.7, 1024.7)
09:17:11.491 [MainThread] DEBUG        [_swap_pixmap] status=success
09:17:22.998 [MainThread] DEBUG    >>> classify | key=H, enforce_focus=True, move_in_progress=False, has_session=True
09:17:22.998 [MainThread] DEBUG        [classify] action=start_move, current_image=FRE0220_H4F066HDF06_F6570_FUN6632040_T_-49.085605_156.800320_0245744_0160189_20260824_020402.jpg
09:17:23.004 [MainThread] DEBUG    >>> _handle_classify_finished | has_record=True, has_error=False, record_key=H, record_category=TH
09:17:23.004 [MainThread] DEBUG        [_handle_classify_finished] action=sync_after_session_change
09:17:23.006 [MainThread] DEBUG    >>> _load_current_image | current=FRE0220_H4F066HDF06_F6570_FUN6632134_T_285.020176_1223.384605_0245744_0160189_20260824_014645.jpg, previous=FRE0220_H4F066HDF06_F6570_FUN6632040_T_-49.085605_156.800320_0245744_0160189_20260824_020402.jpg
09:17:23.006 [MainThread] DEBUG        [_load_current_image] action=load, path=FRE0220_H4F066HDF06_F6570_FUN6632134_T_285.020176_1223.384605_0245744_0160189_20260824_014645.jpg
09:17:23.006 [MainThread] DEBUG    >>> _abort_hq | old_token=1320, active_hq=0
09:17:23.006 [MainThread] DEBUG    >>> load_image | token=187, path=FRE0220_H4F066HDF06_F6570_FUN6632134_T_285.020176_1223.384605_0245744_0160189_20260824_014645.jpg, has_image=True, active_threads=0, hq_threads=0
09:17:23.008 [Dummy-300 ] DEBUG        [Thread-187] ImageLoad.start | path=FRE0220_H4F066HDF06_F6570_FUN6632134_T_285.020176_1223.384605_0245744_0160189_20260824_014645.jpg
09:17:23.080 [Dummy-300 ] DEBUG        [Thread-187] ImageLoad.success | size=2447x2047
09:17:23.099 [MainThread] DEBUG    >>> _handle_image_loaded | token=187, current_token=187, path=FRE0220_H4F066HDF06_F6570_FUN6632134_T_285.020176_1223.384605_0245744_0160189_20260824_014645.jpg, has_error=False, image_valid=True
09:17:23.101 [MainThread] DEBUG    >>> _abort_hq | old_token=1321, active_hq=0
09:17:23.101 [MainThread] DEBUG        [_handle_image_loaded] action=create_pixmap, size=2447x2047
09:17:23.102 [MainThread] DEBUG        [_handle_image_loaded] action=fit_to_window
09:17:23.102 [MainThread] DEBUG    >>> _abort_hq | old_token=1322, active_hq=0
09:17:23.253 [MainThread] DEBUG    >>> _start_hq_resize | token=1324, target=1056x883, source=2447x2047
09:17:23.254 [Dummy-301 ] DEBUG        [Thread-1324] HqResize.start | target=1056x883
09:17:23.401 [Dummy-301 ] DEBUG        [Thread-1324] HqResize.success | scale=0.432
09:17:23.401 [Dummy-301 ] DEBUG    >>> _cleanup_hq_thread_early | token=1324
09:17:23.402 [MainThread] DEBUG    >>> _handle_hq_resized | token=1324, current_token=1324, has_error=False, image_valid=True, has_image=True
09:17:23.402 [MainThread] DEBUG        [_handle_hq_resized] action=swap_pixmap, scale=0.4315, size=1056x883
09:17:23.404 [MainThread] DEBUG    >>> _swap_pixmap_preserving_view | old_scale=1.0000, new_scale=0.4315, pixmap_size=1056x883
09:17:23.404 [MainThread] DEBUG        [_swap_pixmap] anchor=(1221.7, 1024.7)
09:17:23.404 [MainThread] DEBUG        [_swap_pixmap] status=success
09:17:25.703 [MainThread] DEBUG    >>> classify | key=h, enforce_focus=True, move_in_progress=False, has_session=True
09:17:25.704 [MainThread] DEBUG        [classify] action=start_move, current_image=FRE0220_H4F066HDF06_F6570_FUN6632134_T_285.020176_1223.384605_0245744_0160189_20260824_014645.jpg
09:17:25.726 [MainThread] DEBUG    >>> _handle_classify_finished | has_record=True, has_error=False, record_key=h, record_category=PH
09:17:25.728 [MainThread] DEBUG        [_handle_classify_finished] action=sync_after_session_change
09:17:25.732 [MainThread] DEBUG    >>> _load_current_image | current=FRE0220_H4F066HDF07_F6570_FUR6801806_R_776.952978_-729.692695_0189957_0068176_20260829_142004.jpg, previous=FRE0220_H4F066HDF06_F6570_FUN6632134_T_285.020176_1223.384605_0245744_0160189_20260824_014645.jpg
09:17:25.732 [MainThread] DEBUG        [_load_current_image] action=load, path=FRE0220_H4F066HDF07_F6570_FUR6801806_R_776.952978_-729.692695_0189957_0068176_20260829_142004.jpg
09:17:25.732 [MainThread] DEBUG    >>> _abort_hq | old_token=1324, active_hq=0
09:17:25.732 [MainThread] DEBUG    >>> load_image | token=188, path=FRE0220_H4F066HDF07_F6570_FUR6801806_R_776.952978_-729.692695_0189957_0068176_20260829_142004.jpg, has_image=True, active_threads=0, hq_threads=0
09:17:25.734 [Dummy-150 ] DEBUG        [Thread-188] ImageLoad.start | path=FRE0220_H4F066HDF07_F6570_FUR6801806_R_776.952978_-729.692695_0189957_0068176_20260829_142004.jpg
09:17:25.815 [Dummy-150 ] DEBUG        [Thread-188] ImageLoad.success | size=2447x2047
09:17:25.835 [MainThread] DEBUG    >>> _handle_image_loaded | token=188, current_token=188, path=FRE0220_H4F066HDF07_F6570_FUR6801806_R_776.952978_-729.692695_0189957_0068176_20260829_142004.jpg, has_error=False, image_valid=True
09:17:25.837 [MainThread] DEBUG    >>> _abort_hq | old_token=1325, active_hq=0
09:17:25.837 [MainThread] DEBUG        [_handle_image_loaded] action=create_pixmap, size=2447x2047
09:17:25.838 [MainThread] DEBUG        [_handle_image_loaded] action=fit_to_window
09:17:25.838 [MainThread] DEBUG    >>> _abort_hq | old_token=1326, active_hq=0
09:17:25.986 [MainThread] DEBUG    >>> _start_hq_resize | token=1328, target=1056x883, source=2447x2047
09:17:25.987 [Dummy-302 ] DEBUG        [Thread-1328] HqResize.start | target=1056x883
09:17:26.151 [Dummy-302 ] DEBUG        [Thread-1328] HqResize.success | scale=0.432
09:17:26.152 [Dummy-302 ] DEBUG    >>> _cleanup_hq_thread_early | token=1328
09:17:26.152 [MainThread] DEBUG    >>> _handle_hq_resized | token=1328, current_token=1328, has_error=False, image_valid=True, has_image=True
09:17:26.152 [MainThread] DEBUG        [_handle_hq_resized] action=swap_pixmap, scale=0.4315, size=1056x883
09:17:26.154 [MainThread] DEBUG    >>> _swap_pixmap_preserving_view | old_scale=1.0000, new_scale=0.4315, pixmap_size=1056x883
09:17:26.154 [MainThread] DEBUG        [_swap_pixmap] anchor=(1221.7, 1024.7)
09:17:26.154 [MainThread] DEBUG        [_swap_pixmap] status=success
09:17:30.550 [MainThread] DEBUG    >>> classify | key=G, enforce_focus=True, move_in_progress=False, has_session=True
09:17:30.551 [MainThread] DEBUG        [classify] action=start_move, current_image=FRE0220_H4F066HDF07_F6570_FUR6801806_R_776.952978_-729.692695_0189957_0068176_20260829_142004.jpg
09:17:30.563 [MainThread] DEBUG    >>> _handle_classify_finished | has_record=True, has_error=False, record_key=G, record_category=TP_GE
09:17:30.563 [MainThread] DEBUG        [_handle_classify_finished] action=sync_after_session_change
09:17:30.565 [MainThread] DEBUG    >>> _load_current_image | current=FRE0230_H4F270FDF10_F6570_FLV6801130_T_-171.336343_-156.486607_0213203_0153560_20260826_165925.jpg, previous=FRE0220_H4F066HDF07_F6570_FUR6801806_R_776.952978_-729.692695_0189957_0068176_20260829_142004.jpg
09:17:30.565 [MainThread] DEBUG        [_load_current_image] action=load, path=FRE0230_H4F270FDF10_F6570_FLV6801130_T_-171.336343_-156.486607_0213203_0153560_20260826_165925.jpg
09:17:30.565 [MainThread] DEBUG    >>> _abort_hq | old_token=1328, active_hq=0
09:17:30.565 [MainThread] DEBUG    >>> load_image | token=189, path=FRE0230_H4F270FDF10_F6570_FLV6801130_T_-171.336343_-156.486607_0213203_0153560_20260826_165925.jpg, has_image=True, active_threads=0, hq_threads=0
09:17:30.567 [Dummy-303 ] DEBUG        [Thread-189] ImageLoad.start | path=FRE0230_H4F270FDF10_F6570_FLV6801130_T_-171.336343_-156.486607_0213203_0153560_20260826_165925.jpg
09:17:30.643 [Dummy-303 ] DEBUG        [Thread-189] ImageLoad.success | size=2447x2047
09:17:30.662 [MainThread] DEBUG    >>> _handle_image_loaded | token=189, current_token=189, path=FRE0230_H4F270FDF10_F6570_FLV6801130_T_-171.336343_-156.486607_0213203_0153560_20260826_165925.jpg, has_error=False, image_valid=True
09:17:30.663 [MainThread] DEBUG    >>> _abort_hq | old_token=1329, active_hq=0
09:17:30.664 [MainThread] DEBUG        [_handle_image_loaded] action=create_pixmap, size=2447x2047
09:17:30.664 [MainThread] DEBUG        [_handle_image_loaded] action=fit_to_window
09:17:30.664 [MainThread] DEBUG    >>> _abort_hq | old_token=1330, active_hq=0
09:17:30.828 [MainThread] DEBUG    >>> _start_hq_resize | token=1332, target=1056x883, source=2447x2047
09:17:30.831 [Dummy-304 ] DEBUG        [Thread-1332] HqResize.start | target=1056x883
09:17:31.001 [Dummy-304 ] DEBUG        [Thread-1332] HqResize.success | scale=0.432
09:17:31.002 [Dummy-304 ] DEBUG    >>> _cleanup_hq_thread_early | token=1332
09:17:31.002 [MainThread] DEBUG    >>> _handle_hq_resized | token=1332, current_token=1332, has_error=False, image_valid=True, has_image=True
09:17:31.002 [MainThread] DEBUG        [_handle_hq_resized] action=swap_pixmap, scale=0.4315, size=1056x883
09:17:31.004 [MainThread] DEBUG    >>> _swap_pixmap_preserving_view | old_scale=1.0000, new_scale=0.4315, pixmap_size=1056x883
09:17:31.004 [MainThread] DEBUG        [_swap_pixmap] anchor=(1221.7, 1024.7)
09:17:31.004 [MainThread] DEBUG        [_swap_pixmap] status=success
09:17:41.972 [MainThread] DEBUG    >>> classify | key=s, enforce_focus=True, move_in_progress=False, has_session=True
09:17:41.972 [MainThread] DEBUG        [classify] action=start_move, current_image=FRE0230_H4F270FDF10_F6570_FLV6801130_T_-171.336343_-156.486607_0213203_0153560_20260826_165925.jpg
09:17:41.991 [MainThread] DEBUG    >>> _handle_classify_finished | has_record=True, has_error=False, record_key=s, record_category=SP
09:17:41.992 [MainThread] DEBUG        [_handle_classify_finished] action=sync_after_session_change
09:17:41.994 [MainThread] DEBUG    >>> _load_current_image | current=FRE0240_H4F066HDF07_F6570_FUR6806410_T_974.759160_961.028731_0270003_0213203_20260831_170130.jpg, previous=FRE0230_H4F270FDF10_F6570_FLV6801130_T_-171.336343_-156.486607_0213203_0153560_20260826_165925.jpg
09:17:41.994 [MainThread] DEBUG        [_load_current_image] action=load, path=FRE0240_H4F066HDF07_F6570_FUR6806410_T_974.759160_961.028731_0270003_0213203_20260831_170130.jpg
09:17:41.994 [MainThread] DEBUG    >>> _abort_hq | old_token=1332, active_hq=0
09:17:41.994 [MainThread] DEBUG    >>> load_image | token=190, path=FRE0240_H4F066HDF07_F6570_FUR6806410_T_974.759160_961.028731_0270003_0213203_20260831_170130.jpg, has_image=True, active_threads=0, hq_threads=0
09:17:41.997 [Dummy-305 ] DEBUG        [Thread-190] ImageLoad.start | path=FRE0240_H4F066HDF07_F6570_FUR6806410_T_974.759160_961.028731_0270003_0213203_20260831_170130.jpg
09:17:42.075 [Dummy-305 ] DEBUG        [Thread-190] ImageLoad.success | size=2447x2047
09:17:42.094 [MainThread] DEBUG    >>> _handle_image_loaded | token=190, current_token=190, path=FRE0240_H4F066HDF07_F6570_FUR6806410_T_974.759160_961.028731_0270003_0213203_20260831_170130.jpg, has_error=False, image_valid=True
09:17:42.095 [MainThread] DEBUG    >>> _abort_hq | old_token=1333, active_hq=0
09:17:42.095 [MainThread] DEBUG        [_handle_image_loaded] action=create_pixmap, size=2447x2047
09:17:42.096 [MainThread] DEBUG        [_handle_image_loaded] action=fit_to_window
09:17:42.096 [MainThread] DEBUG    >>> _abort_hq | old_token=1334, active_hq=0
09:17:42.239 [MainThread] DEBUG    >>> _start_hq_resize | token=1336, target=1056x883, source=2447x2047
09:17:42.242 [Dummy-306 ] DEBUG        [Thread-1336] HqResize.start | target=1056x883
09:17:42.264 [MainThread] DEBUG    >>> classify | key=s, enforce_focus=True, move_in_progress=False, has_session=True
09:17:42.264 [MainThread] DEBUG        [classify] action=start_move, current_image=FRE0240_H4F066HDF07_F6570_FUR6806410_T_974.759160_961.028731_0270003_0213203_20260831_170130.jpg
09:17:42.275 [MainThread] DEBUG    >>> _handle_classify_finished | has_record=True, has_error=False, record_key=s, record_category=SP
09:17:42.275 [MainThread] DEBUG        [_handle_classify_finished] action=sync_after_session_change
09:17:42.277 [MainThread] DEBUG    >>> _load_current_image | current=FRE0240_H4F270FDF14_F6570_FBE6800113_T_-863.479115_190.902865_0270003_0189957_20260824_185034.jpg, previous=FRE0240_H4F066HDF07_F6570_FUR6806410_T_974.759160_961.028731_0270003_0213203_20260831_170130.jpg
09:17:42.277 [MainThread] DEBUG        [_load_current_image] action=load, path=FRE0240_H4F270FDF14_F6570_FBE6800113_T_-863.479115_190.902865_0270003_0189957_20260824_185034.jpg
09:17:42.277 [MainThread] DEBUG    >>> _abort_hq | old_token=1336, active_hq=1
09:17:42.277 [MainThread] DEBUG    >>> load_image | token=191, path=FRE0240_H4F270FDF14_F6570_FBE6800113_T_-863.479115_190.902865_0270003_0189957_20260824_185034.jpg, has_image=True, active_threads=0, hq_threads=1
09:17:42.279 [Dummy-307 ] DEBUG        [Thread-191] ImageLoad.start | path=FRE0240_H4F270FDF14_F6570_FBE6800113_T_-863.479115_190.902865_0270003_0189957_20260824_185034.jpg
09:17:42.357 [Dummy-307 ] DEBUG        [Thread-191] ImageLoad.success | size=2447x2047
09:17:42.376 [MainThread] DEBUG    >>> _handle_image_loaded | token=191, current_token=191, path=FRE0240_H4F270FDF14_F6570_FBE6800113_T_-863.479115_190.902865_0270003_0189957_20260824_185034.jpg, has_error=False, image_valid=True
09:17:42.376 [MainThread] DEBUG    >>> _abort_hq | old_token=1337, active_hq=1
09:17:42.376 [MainThread] DEBUG        [_handle_image_loaded] action=create_pixmap, size=2447x2047
09:17:42.378 [MainThread] DEBUG        [_handle_image_loaded] action=fit_to_window
09:17:42.378 [MainThread] DEBUG    >>> _abort_hq | old_token=1338, active_hq=1
09:17:42.465 [Dummy-306 ] DEBUG        [Thread-1336] HqResize.cancelled_late | 
09:17:42.466 [MainThread] DEBUG    >>> _handle_hq_resized | token=1336, current_token=1339, has_error=True, image_valid=False, has_image=True
09:17:42.466 [MainThread] DEBUG        [_handle_hq_resized] action=ignore, reason=token_mismatch
09:17:42.471 [MainThread] DEBUG    >>> classify | key=s, enforce_focus=True, move_in_progress=False, has_session=True
09:17:42.471 [MainThread] DEBUG        [classify] action=start_move, current_image=FRE0240_H4F270FDF14_F6570_FBE6800113_T_-863.479115_190.902865_0270003_0189957_20260824_185034.jpg
09:17:42.477 [MainThread] DEBUG    >>> _handle_classify_finished | has_record=True, has_error=False, record_key=s, record_category=SP
09:17:42.477 [MainThread] DEBUG        [_handle_classify_finished] action=sync_after_session_change
09:17:42.479 [MainThread] DEBUG    >>> _load_current_image | current=FRE0240_H4F270QDF08_F6570_FBK6806949_T_-94.060791_-316.690915_0270003_0189957_20260824_124317.jpg, previous=FRE0240_H4F270FDF14_F6570_FBE6800113_T_-863.479115_190.902865_0270003_0189957_20260824_185034.jpg
09:17:42.479 [MainThread] DEBUG        [_load_current_image] action=load, path=FRE0240_H4F270QDF08_F6570_FBK6806949_T_-94.060791_-316.690915_0270003_0189957_20260824_124317.jpg
09:17:42.479 [MainThread] DEBUG    >>> _abort_hq | old_token=1339, active_hq=1
09:17:42.479 [MainThread] WARNING  ⚠️  Found deleted C++ QObject in _hq_threads (cleaned up) | token=1336
09:17:42.479 [MainThread] DEBUG    >>> load_image | token=192, path=FRE0240_H4F270QDF08_F6570_FBK6806949_T_-94.060791_-316.690915_0270003_0189957_20260824_124317.jpg, has_image=True, active_threads=0, hq_threads=0
09:17:42.480 [Dummy-308 ] DEBUG        [Thread-192] ImageLoad.start | path=FRE0240_H4F270QDF08_F6570_FBK6806949_T_-94.060791_-316.690915_0270003_0189957_20260824_124317.jpg
09:17:42.558 [Dummy-308 ] DEBUG        [Thread-192] ImageLoad.success | size=2447x2047
09:17:42.578 [MainThread] DEBUG    >>> _handle_image_loaded | token=192, current_token=192, path=FRE0240_H4F270QDF08_F6570_FBK6806949_T_-94.060791_-316.690915_0270003_0189957_20260824_124317.jpg, has_error=False, image_valid=True
09:17:42.578 [MainThread] DEBUG    >>> _abort_hq | old_token=1340, active_hq=0
09:17:42.578 [MainThread] DEBUG        [_handle_image_loaded] action=create_pixmap, size=2447x2047
09:17:42.580 [MainThread] DEBUG        [_handle_image_loaded] action=fit_to_window
09:17:42.580 [MainThread] DEBUG    >>> _abort_hq | old_token=1341, active_hq=0
09:17:42.649 [MainThread] DEBUG    >>> classify | key=s, enforce_focus=True, move_in_progress=False, has_session=True
09:17:42.650 [MainThread] DEBUG        [classify] action=start_move, current_image=FRE0240_H4F270QDF08_F6570_FBK6806949_T_-94.060791_-316.690915_0270003_0189957_20260824_124317.jpg
09:17:42.665 [MainThread] DEBUG    >>> _handle_classify_finished | has_record=True, has_error=False, record_key=s, record_category=SP
09:17:42.665 [MainThread] DEBUG        [_handle_classify_finished] action=sync_after_session_change
09:17:42.668 [MainThread] DEBUG    >>> _load_current_image | current=FRE0240_H4F270QDF08_F6570_FBK6811702_T_-466.850347_259.615183_0245744_0160189_20260824_053817.jpg, previous=FRE0240_H4F270QDF08_F6570_FBK6806949_T_-94.060791_-316.690915_0270003_0189957_20260824_124317.jpg
09:17:42.668 [MainThread] DEBUG        [_load_current_image] action=load, path=FRE0240_H4F270QDF08_F6570_FBK6811702_T_-466.850347_259.615183_0245744_0160189_20260824_053817.jpg
09:17:42.668 [MainThread] DEBUG    >>> _abort_hq | old_token=1342, active_hq=0
09:17:42.669 [MainThread] DEBUG    >>> load_image | token=193, path=FRE0240_H4F270QDF08_F6570_FBK6811702_T_-466.850347_259.615183_0245744_0160189_20260824_053817.jpg, has_image=True, active_threads=0, hq_threads=0
09:17:42.671 [Dummy-309 ] DEBUG        [Thread-193] ImageLoad.start | path=FRE0240_H4F270QDF08_F6570_FBK6811702_T_-466.850347_259.615183_0245744_0160189_20260824_053817.jpg
09:17:42.763 [Dummy-309 ] DEBUG        [Thread-193] ImageLoad.success | size=2447x2047
09:17:42.782 [MainThread] DEBUG    >>> _handle_image_loaded | token=193, current_token=193, path=FRE0240_H4F270QDF08_F6570_FBK6811702_T_-466.850347_259.615183_0245744_0160189_20260824_053817.jpg, has_error=False, image_valid=True
09:17:42.782 [MainThread] DEBUG    >>> _abort_hq | old_token=1343, active_hq=0
09:17:42.782 [MainThread] DEBUG        [_handle_image_loaded] action=create_pixmap, size=2447x2047
09:17:42.784 [MainThread] DEBUG        [_handle_image_loaded] action=fit_to_window
09:17:42.784 [MainThread] DEBUG    >>> _abort_hq | old_token=1344, active_hq=0
09:17:42.823 [MainThread] DEBUG    >>> classify | key=s, enforce_focus=True, move_in_progress=False, has_session=True
09:17:42.824 [MainThread] DEBUG        [classify] action=start_move, current_image=FRE0240_H4F270QDF08_F6570_FBK6811702_T_-466.850347_259.615183_0245744_0160189_20260824_053817.jpg
09:17:42.830 [MainThread] DEBUG    >>> _handle_classify_finished | has_record=True, has_error=False, record_key=s, record_category=SP
09:17:42.830 [MainThread] DEBUG        [_handle_classify_finished] action=sync_after_session_change
09:17:42.832 [MainThread] DEBUG    >>> _load_current_image | current=FRE0240_H4F270QDF08_F6570_FBK6812515_T_-42.212131_1035.702714_0245744_0160189_20260824_070944.jpg, previous=FRE0240_H4F270QDF08_F6570_FBK6811702_T_-466.850347_259.615183_0245744_0160189_20260824_053817.jpg
09:17:42.832 [MainThread] DEBUG        [_load_current_image] action=load, path=FRE0240_H4F270QDF08_F6570_FBK6812515_T_-42.212131_1035.702714_0245744_0160189_20260824_070944.jpg
09:17:42.832 [MainThread] DEBUG    >>> _abort_hq | old_token=1345, active_hq=0
09:17:42.832 [MainThread] DEBUG    >>> load_image | token=194, path=FRE0240_H4F270QDF08_F6570_FBK6812515_T_-42.212131_1035.702714_0245744_0160189_20260824_070944.jpg, has_image=True, active_threads=0, hq_threads=0
09:17:42.833 [Dummy-310 ] DEBUG        [Thread-194] ImageLoad.start | path=FRE0240_H4F270QDF08_F6570_FBK6812515_T_-42.212131_1035.702714_0245744_0160189_20260824_070944.jpg
09:17:42.907 [Dummy-310 ] DEBUG        [Thread-194] ImageLoad.success | size=2447x2047
09:17:42.924 [MainThread] DEBUG    >>> _handle_image_loaded | token=194, current_token=194, path=FRE0240_H4F270QDF08_F6570_FBK6812515_T_-42.212131_1035.702714_0245744_0160189_20260824_070944.jpg, has_error=False, image_valid=True
09:17:42.925 [MainThread] DEBUG    >>> _abort_hq | old_token=1346, active_hq=0
09:17:42.925 [MainThread] DEBUG        [_handle_image_loaded] action=create_pixmap, size=2447x2047
09:17:42.926 [MainThread] DEBUG        [_handle_image_loaded] action=fit_to_window
09:17:42.927 [MainThread] DEBUG    >>> _abort_hq | old_token=1347, active_hq=0
09:17:43.017 [MainThread] DEBUG    >>> classify | key=s, enforce_focus=True, move_in_progress=False, has_session=True
09:17:43.017 [MainThread] DEBUG        [classify] action=start_move, current_image=FRE0240_H4F270QDF08_F6570_FBK6812515_T_-42.212131_1035.702714_0245744_0160189_20260824_070944.jpg
09:17:43.036 [MainThread] DEBUG    >>> _handle_classify_finished | has_record=True, has_error=False, record_key=s, record_category=SP
09:17:43.037 [MainThread] DEBUG        [_handle_classify_finished] action=sync_after_session_change
09:17:43.041 [MainThread] DEBUG    >>> _load_current_image | current=FRE0330_H4F067HDF11_F6570_FFE6714404_R_266.369158_-665.525591_0269834_0245744_20260826_025834.jpg, previous=FRE0240_H4F270QDF08_F6570_FBK6812515_T_-42.212131_1035.702714_0245744_0160189_20260824_070944.jpg
09:17:43.042 [MainThread] DEBUG        [_load_current_image] action=load, path=FRE0330_H4F067HDF11_F6570_FFE6714404_R_266.369158_-665.525591_0269834_0245744_20260826_025834.jpg
09:17:43.042 [MainThread] DEBUG    >>> _abort_hq | old_token=1348, active_hq=0
09:17:43.042 [MainThread] DEBUG    >>> load_image | token=195, path=FRE0330_H4F067HDF11_F6570_FFE6714404_R_266.369158_-665.525591_0269834_0245744_20260826_025834.jpg, has_image=True, active_threads=0, hq_threads=0
09:17:43.045 [Dummy-311 ] DEBUG        [Thread-195] ImageLoad.start | path=FRE0330_H4F067HDF11_F6570_FFE6714404_R_266.369158_-665.525591_0269834_0245744_20260826_025834.jpg
09:17:43.126 [Dummy-311 ] DEBUG        [Thread-195] ImageLoad.success | size=2447x2047
09:17:43.146 [MainThread] DEBUG    >>> _handle_image_loaded | token=195, current_token=195, path=FRE0330_H4F067HDF11_F6570_FFE6714404_R_266.369158_-665.525591_0269834_0245744_20260826_025834.jpg, has_error=False, image_valid=True
09:17:43.146 [MainThread] DEBUG    >>> _abort_hq | old_token=1349, active_hq=0
09:17:43.146 [MainThread] DEBUG        [_handle_image_loaded] action=create_pixmap, size=2447x2047
09:17:43.147 [MainThread] DEBUG        [_handle_image_loaded] action=fit_to_window
09:17:43.148 [MainThread] DEBUG    >>> _abort_hq | old_token=1350, active_hq=0
09:17:43.315 [MainThread] DEBUG    >>> _start_hq_resize | token=1352, target=1056x883, source=2447x2047
09:17:43.319 [Dummy-312 ] DEBUG        [Thread-1352] HqResize.start | target=1056x883
09:17:43.482 [Dummy-312 ] DEBUG        [Thread-1352] HqResize.success | scale=0.432
09:17:43.482 [Dummy-312 ] DEBUG    >>> _cleanup_hq_thread_early | token=1352
09:17:43.482 [MainThread] DEBUG    >>> _handle_hq_resized | token=1352, current_token=1352, has_error=False, image_valid=True, has_image=True
09:17:43.482 [MainThread] DEBUG        [_handle_hq_resized] action=swap_pixmap, scale=0.4315, size=1056x883
09:17:43.485 [MainThread] DEBUG    >>> _swap_pixmap_preserving_view | old_scale=1.0000, new_scale=0.4315, pixmap_size=1056x883
09:17:43.485 [MainThread] DEBUG        [_swap_pixmap] anchor=(1221.7, 1024.7)
09:17:43.485 [MainThread] DEBUG        [_swap_pixmap] status=success
09:17:43.561 [MainThread] DEBUG    >>> classify | key=f, enforce_focus=True, move_in_progress=False, has_session=True
09:17:43.561 [MainThread] DEBUG        [classify] action=start_move, current_image=FRE0330_H4F067HDF11_F6570_FFE6714404_R_266.369158_-665.525591_0269834_0245744_20260826_025834.jpg
09:17:43.581 [MainThread] DEBUG    >>> _handle_classify_finished | has_record=True, has_error=False, record_key=f, record_category=FB
09:17:43.582 [MainThread] DEBUG        [_handle_classify_finished] action=sync_after_session_change
09:17:43.585 [MainThread] DEBUG    >>> _load_current_image | current=FRE0440_H4F069HDF04_F6570_FUJ6808414_R_-1102.267339_1181.073196_0160189_0069094_20260904_193102.jpg, previous=FRE0330_H4F067HDF11_F6570_FFE6714404_R_266.369158_-665.525591_0269834_0245744_20260826_025834.jpg
09:17:43.585 [MainThread] DEBUG        [_load_current_image] action=load, path=FRE0440_H4F069HDF04_F6570_FUJ6808414_R_-1102.267339_1181.073196_0160189_0069094_20260904_193102.jpg
09:17:43.585 [MainThread] DEBUG    >>> _abort_hq | old_token=1352, active_hq=0
09:17:43.585 [MainThread] DEBUG    >>> load_image | token=196, path=FRE0440_H4F069HDF04_F6570_FUJ6808414_R_-1102.267339_1181.073196_0160189_0069094_20260904_193102.jpg, has_image=True, active_threads=0, hq_threads=0
09:17:43.589 [Dummy-313 ] DEBUG        [Thread-196] ImageLoad.start | path=FRE0440_H4F069HDF04_F6570_FUJ6808414_R_-1102.267339_1181.073196_0160189_0069094_20260904_193102.jpg
09:17:43.677 [Dummy-313 ] DEBUG        [Thread-196] ImageLoad.success | size=2447x2047
09:17:43.697 [MainThread] DEBUG    >>> _handle_image_loaded | token=196, current_token=196, path=FRE0440_H4F069HDF04_F6570_FUJ6808414_R_-1102.267339_1181.073196_0160189_0069094_20260904_193102.jpg, has_error=False, image_valid=True
09:17:43.698 [MainThread] DEBUG    >>> _abort_hq | old_token=1353, active_hq=0
09:17:43.698 [MainThread] DEBUG        [_handle_image_loaded] action=create_pixmap, size=2447x2047
09:17:43.699 [MainThread] DEBUG        [_handle_image_loaded] action=fit_to_window
09:17:43.699 [MainThread] DEBUG    >>> _abort_hq | old_token=1354, active_hq=0
09:17:43.847 [MainThread] DEBUG    >>> _start_hq_resize | token=1356, target=1056x883, source=2447x2047
09:17:43.850 [Dummy-314 ] DEBUG        [Thread-1356] HqResize.start | target=1056x883
09:17:44.007 [Dummy-314 ] DEBUG        [Thread-1356] HqResize.success | scale=0.432
09:17:44.007 [Dummy-314 ] DEBUG    >>> _cleanup_hq_thread_early | token=1356
09:17:44.007 [MainThread] DEBUG    >>> _handle_hq_resized | token=1356, current_token=1356, has_error=False, image_valid=True, has_image=True
09:17:44.007 [MainThread] DEBUG        [_handle_hq_resized] action=swap_pixmap, scale=0.4315, size=1056x883
09:17:44.009 [MainThread] DEBUG    >>> _swap_pixmap_preserving_view | old_scale=1.0000, new_scale=0.4315, pixmap_size=1056x883
09:17:44.009 [MainThread] DEBUG        [_swap_pixmap] anchor=(1221.7, 1024.7)
09:17:44.009 [MainThread] DEBUG        [_swap_pixmap] status=success
09:17:45.997 [MainThread] DEBUG    >>> classify | key=G, enforce_focus=True, move_in_progress=False, has_session=True
09:17:45.998 [MainThread] DEBUG        [classify] action=start_move, current_image=FRE0440_H4F069HDF04_F6570_FUJ6808414_R_-1102.267339_1181.073196_0160189_0069094_20260904_193102.jpg
09:17:46.011 [MainThread] DEBUG    >>> _handle_classify_finished | has_record=True, has_error=False, record_key=G, record_category=TP_GE
09:17:46.012 [MainThread] DEBUG        [_handle_classify_finished] action=sync_after_session_change
09:17:46.017 [MainThread] DEBUG    >>> _load_current_image | current=FRE0530_H4F045FWF01_F6570_FUY6803409_T_1082.020822_87.182446_0153560_0270003_20260827_174134.jpg, previous=FRE0440_H4F069HDF04_F6570_FUJ6808414_R_-1102.267339_1181.073196_0160189_0069094_20260904_193102.jpg
09:17:46.017 [MainThread] DEBUG        [_load_current_image] action=load, path=FRE0530_H4F045FWF01_F6570_FUY6803409_T_1082.020822_87.182446_0153560_0270003_20260827_174134.jpg
09:17:46.017 [MainThread] DEBUG    >>> _abort_hq | old_token=1356, active_hq=0
09:17:46.018 [MainThread] DEBUG    >>> load_image | token=197, path=FRE0530_H4F045FWF01_F6570_FUY6803409_T_1082.020822_87.182446_0153560_0270003_20260827_174134.jpg, has_image=True, active_threads=0, hq_threads=0
09:17:46.022 [Dummy-315 ] DEBUG        [Thread-197] ImageLoad.start | path=FRE0530_H4F045FWF01_F6570_FUY6803409_T_1082.020822_87.182446_0153560_0270003_20260827_174134.jpg
09:17:46.119 [Dummy-315 ] DEBUG        [Thread-197] ImageLoad.success | size=2447x2047
09:17:46.138 [MainThread] DEBUG    >>> _handle_image_loaded | token=197, current_token=197, path=FRE0530_H4F045FWF01_F6570_FUY6803409_T_1082.020822_87.182446_0153560_0270003_20260827_174134.jpg, has_error=False, image_valid=True
09:17:46.140 [MainThread] DEBUG    >>> _abort_hq | old_token=1357, active_hq=0
09:17:46.140 [MainThread] DEBUG        [_handle_image_loaded] action=create_pixmap, size=2447x2047
09:17:46.141 [MainThread] DEBUG        [_handle_image_loaded] action=fit_to_window
09:17:46.141 [MainThread] DEBUG    >>> _abort_hq | old_token=1358, active_hq=0
09:17:46.294 [MainThread] DEBUG    >>> _start_hq_resize | token=1360, target=1056x883, source=2447x2047
09:17:46.297 [Dummy-226 ] DEBUG        [Thread-1360] HqResize.start | target=1056x883
09:17:46.463 [Dummy-226 ] DEBUG        [Thread-1360] HqResize.success | scale=0.432
09:17:46.464 [Dummy-226 ] DEBUG    >>> _cleanup_hq_thread_early | token=1360
09:17:46.464 [MainThread] DEBUG    >>> _handle_hq_resized | token=1360, current_token=1360, has_error=False, image_valid=True, has_image=True
09:17:46.464 [MainThread] DEBUG        [_handle_hq_resized] action=swap_pixmap, scale=0.4315, size=1056x883
09:17:46.466 [MainThread] DEBUG    >>> _swap_pixmap_preserving_view | old_scale=1.0000, new_scale=0.4315, pixmap_size=1056x883
09:17:46.466 [MainThread] DEBUG        [_swap_pixmap] anchor=(1221.7, 1024.7)
09:17:46.466 [MainThread] DEBUG        [_swap_pixmap] status=success
09:17:48.896 [MainThread] DEBUG    >>> classify | key=h, enforce_focus=True, move_in_progress=False, has_session=True
09:17:48.896 [MainThread] DEBUG        [classify] action=start_move, current_image=FRE0530_H4F045FWF01_F6570_FUY6803409_T_1082.020822_87.182446_0153560_0270003_20260827_174134.jpg
09:17:48.906 [MainThread] DEBUG    >>> _handle_classify_finished | has_record=True, has_error=False, record_key=h, record_category=PH
09:17:48.906 [MainThread] DEBUG        [_handle_classify_finished] action=sync_after_session_change
09:17:48.908 [MainThread] DEBUG    >>> _load_current_image | current=FRE0540_H4F045FWF01_F6570_FUY6802347_R_-1037.973760_1237.218957_0194923_0269834_20260827_225237.jpg, previous=FRE0530_H4F045FWF01_F6570_FUY6803409_T_1082.020822_87.182446_0153560_0270003_20260827_174134.jpg
09:17:48.908 [MainThread] DEBUG        [_load_current_image] action=load, path=FRE0540_H4F045FWF01_F6570_FUY6802347_R_-1037.973760_1237.218957_0194923_0269834_20260827_225237.jpg
09:17:48.908 [MainThread] DEBUG    >>> _abort_hq | old_token=1360, active_hq=0
09:17:48.909 [MainThread] DEBUG    >>> load_image | token=198, path=FRE0540_H4F045FWF01_F6570_FUY6802347_R_-1037.973760_1237.218957_0194923_0269834_20260827_225237.jpg, has_image=True, active_threads=0, hq_threads=0
09:17:48.911 [Dummy-107 ] DEBUG        [Thread-198] ImageLoad.start | path=FRE0540_H4F045FWF01_F6570_FUY6802347_R_-1037.973760_1237.218957_0194923_0269834_20260827_225237.jpg
09:17:49.000 [Dummy-107 ] DEBUG        [Thread-198] ImageLoad.success | size=2447x2047
09:17:49.017 [MainThread] DEBUG    >>> _handle_image_loaded | token=198, current_token=198, path=FRE0540_H4F045FWF01_F6570_FUY6802347_R_-1037.973760_1237.218957_0194923_0269834_20260827_225237.jpg, has_error=False, image_valid=True
09:17:49.019 [MainThread] DEBUG    >>> _abort_hq | old_token=1361, active_hq=0
09:17:49.019 [MainThread] DEBUG        [_handle_image_loaded] action=create_pixmap, size=2447x2047
09:17:49.019 [MainThread] DEBUG        [_handle_image_loaded] action=fit_to_window
09:17:49.019 [MainThread] DEBUG    >>> _abort_hq | old_token=1362, active_hq=0
09:17:49.163 [MainThread] DEBUG    >>> _start_hq_resize | token=1364, target=1056x883, source=2447x2047
09:17:49.169 [Dummy-316 ] DEBUG        [Thread-1364] HqResize.start | target=1056x883
09:17:49.340 [Dummy-316 ] DEBUG        [Thread-1364] HqResize.success | scale=0.432
09:17:49.340 [Dummy-316 ] DEBUG    >>> _cleanup_hq_thread_early | token=1364
09:17:49.340 [MainThread] DEBUG    >>> _handle_hq_resized | token=1364, current_token=1364, has_error=False, image_valid=True, has_image=True
09:17:49.340 [MainThread] DEBUG        [_handle_hq_resized] action=swap_pixmap, scale=0.4315, size=1056x883
09:17:49.342 [MainThread] DEBUG    >>> _swap_pixmap_preserving_view | old_scale=1.0000, new_scale=0.4315, pixmap_size=1056x883
09:17:49.342 [MainThread] DEBUG        [_swap_pixmap] anchor=(1221.7, 1024.7)
09:17:49.342 [MainThread] DEBUG        [_swap_pixmap] status=success
09:17:50.032 [MainThread] DEBUG    >>> classify | key=h, enforce_focus=True, move_in_progress=False, has_session=True
09:17:50.033 [MainThread] DEBUG        [classify] action=start_move, current_image=FRE0540_H4F045FWF01_F6570_FUY6802347_R_-1037.973760_1237.218957_0194923_0269834_20260827_225237.jpg
09:17:50.054 [MainThread] DEBUG    >>> _handle_classify_finished | has_record=True, has_error=False, record_key=h, record_category=PH
09:17:50.054 [MainThread] DEBUG        [_handle_classify_finished] action=sync_after_session_change
09:17:50.058 [MainThread] DEBUG    >>> _load_current_image | current=FRE0540_H4F045FWF01_F6570_FUY6803514_R_-942.712764_714.112666_0194923_0269834_20260828_003149.jpg, previous=FRE0540_H4F045FWF01_F6570_FUY6802347_R_-1037.973760_1237.218957_0194923_0269834_20260827_225237.jpg
09:17:50.059 [MainThread] DEBUG        [_load_current_image] action=load, path=FRE0540_H4F045FWF01_F6570_FUY6803514_R_-942.712764_714.112666_0194923_0269834_20260828_003149.jpg
09:17:50.059 [MainThread] DEBUG    >>> _abort_hq | old_token=1364, active_hq=0
09:17:50.059 [MainThread] DEBUG    >>> load_image | token=199, path=FRE0540_H4F045FWF01_F6570_FUY6803514_R_-942.712764_714.112666_0194923_0269834_20260828_003149.jpg, has_image=True, active_threads=0, hq_threads=0
09:17:50.063 [Dummy-317 ] DEBUG        [Thread-199] ImageLoad.start | path=FRE0540_H4F045FWF01_F6570_FUY6803514_R_-942.712764_714.112666_0194923_0269834_20260828_003149.jpg
09:17:50.147 [Dummy-317 ] DEBUG        [Thread-199] ImageLoad.success | size=2447x2047
09:17:50.167 [MainThread] DEBUG    >>> _handle_image_loaded | token=199, current_token=199, path=FRE0540_H4F045FWF01_F6570_FUY6803514_R_-942.712764_714.112666_0194923_0269834_20260828_003149.jpg, has_error=False, image_valid=True
09:17:50.169 [MainThread] DEBUG    >>> _abort_hq | old_token=1365, active_hq=0
09:17:50.169 [MainThread] DEBUG        [_handle_image_loaded] action=create_pixmap, size=2447x2047
09:17:50.169 [MainThread] DEBUG        [_handle_image_loaded] action=fit_to_window
09:17:50.170 [MainThread] DEBUG    >>> _abort_hq | old_token=1366, active_hq=0
09:17:50.325 [MainThread] DEBUG    >>> _start_hq_resize | token=1368, target=1056x883, source=2447x2047
09:17:50.326 [Dummy-318 ] DEBUG        [Thread-1368] HqResize.start | target=1056x883
09:17:50.477 [Dummy-318 ] DEBUG        [Thread-1368] HqResize.success | scale=0.432
09:17:50.477 [Dummy-318 ] DEBUG    >>> _cleanup_hq_thread_early | token=1368
09:17:50.477 [MainThread] DEBUG    >>> _handle_hq_resized | token=1368, current_token=1368, has_error=False, image_valid=True, has_image=True
09:17:50.477 [MainThread] DEBUG        [_handle_hq_resized] action=swap_pixmap, scale=0.4315, size=1056x883
09:17:50.479 [MainThread] DEBUG    >>> _swap_pixmap_preserving_view | old_scale=1.0000, new_scale=0.4315, pixmap_size=1056x883
09:17:50.479 [MainThread] DEBUG        [_swap_pixmap] anchor=(1221.7, 1024.7)
09:17:50.480 [MainThread] DEBUG        [_swap_pixmap] status=success
09:17:52.057 [MainThread] DEBUG    >>> classify | key=G, enforce_focus=True, move_in_progress=False, has_session=True
09:17:52.058 [MainThread] DEBUG        [classify] action=start_move, current_image=FRE0540_H4F045FWF01_F6570_FUY6803514_R_-942.712764_714.112666_0194923_0269834_20260828_003149.jpg
09:17:52.075 [MainThread] DEBUG    >>> _handle_classify_finished | has_record=True, has_error=False, record_key=G, record_category=TP_GE
09:17:52.076 [MainThread] DEBUG        [_handle_classify_finished] action=sync_after_session_change
09:17:52.081 [MainThread] DEBUG    >>> _load_current_image | current=FRE0540_H4F065HDF13_F6570_FUQ6800734_R_580.396930_-692.178264_0153560_0245744_20260903_134018.jpg, previous=FRE0540_H4F045FWF01_F6570_FUY6803514_R_-942.712764_714.112666_0194923_0269834_20260828_003149.jpg
09:17:52.082 [MainThread] DEBUG        [_load_current_image] action=load, path=FRE0540_H4F065HDF13_F6570_FUQ6800734_R_580.396930_-692.178264_0153560_0245744_20260903_134018.jpg
09:17:52.082 [MainThread] DEBUG    >>> _abort_hq | old_token=1368, active_hq=0
09:17:52.082 [MainThread] DEBUG    >>> load_image | token=200, path=FRE0540_H4F065HDF13_F6570_FUQ6800734_R_580.396930_-692.178264_0153560_0245744_20260903_134018.jpg, has_image=True, active_threads=0, hq_threads=0
09:17:52.086 [Dummy-319 ] DEBUG        [Thread-200] ImageLoad.start | path=FRE0540_H4F065HDF13_F6570_FUQ6800734_R_580.396930_-692.178264_0153560_0245744_20260903_134018.jpg
09:17:52.194 [Dummy-319 ] DEBUG        [Thread-200] ImageLoad.success | size=2447x2047
09:17:52.215 [MainThread] DEBUG    >>> _handle_image_loaded | token=200, current_token=200, path=FRE0540_H4F065HDF13_F6570_FUQ6800734_R_580.396930_-692.178264_0153560_0245744_20260903_134018.jpg, has_error=False, image_valid=True
09:17:52.217 [MainThread] DEBUG    >>> _abort_hq | old_token=1369, active_hq=0
09:17:52.218 [MainThread] DEBUG        [_handle_image_loaded] action=create_pixmap, size=2447x2047
09:17:52.218 [MainThread] DEBUG        [_handle_image_loaded] action=fit_to_window
09:17:52.218 [MainThread] DEBUG    >>> _abort_hq | old_token=1370, active_hq=0
09:17:52.373 [MainThread] DEBUG    >>> _start_hq_resize | token=1372, target=1056x883, source=2447x2047
09:17:52.375 [Dummy-160 ] DEBUG        [Thread-1372] HqResize.start | target=1056x883
09:17:52.526 [Dummy-160 ] DEBUG        [Thread-1372] HqResize.success | scale=0.432
09:17:52.526 [Dummy-160 ] DEBUG    >>> _cleanup_hq_thread_early | token=1372
09:17:52.526 [MainThread] DEBUG    >>> _handle_hq_resized | token=1372, current_token=1372, has_error=False, image_valid=True, has_image=True
09:17:52.526 [MainThread] DEBUG        [_handle_hq_resized] action=swap_pixmap, scale=0.4315, size=1056x883
09:17:52.528 [MainThread] DEBUG    >>> _swap_pixmap_preserving_view | old_scale=1.0000, new_scale=0.4315, pixmap_size=1056x883
09:17:52.528 [MainThread] DEBUG        [_swap_pixmap] anchor=(1221.7, 1024.7)
09:17:52.528 [MainThread] DEBUG        [_swap_pixmap] status=success
09:17:53.625 [MainThread] DEBUG    >>> classify | key=G, enforce_focus=True, move_in_progress=False, has_session=True
09:17:53.625 [MainThread] DEBUG        [classify] action=start_move, current_image=FRE0540_H4F065HDF13_F6570_FUQ6800734_R_580.396930_-692.178264_0153560_0245744_20260903_134018.jpg
09:17:53.636 [MainThread] DEBUG    >>> _handle_classify_finished | has_record=True, has_error=False, record_key=G, record_category=TP_GE
09:17:53.636 [MainThread] DEBUG        [_handle_classify_finished] action=sync_after_session_change
09:17:53.639 [MainThread] DEBUG    >>> _load_current_image | current=FRE0540_H4F065HDF13_F6570_FUQ6802730_T_-82.760883_285.478887_0153560_0245744_20260903_095649.jpg, previous=FRE0540_H4F065HDF13_F6570_FUQ6800734_R_580.396930_-692.178264_0153560_0245744_20260903_134018.jpg
09:17:53.639 [MainThread] DEBUG        [_load_current_image] action=load, path=FRE0540_H4F065HDF13_F6570_FUQ6802730_T_-82.760883_285.478887_0153560_0245744_20260903_095649.jpg
09:17:53.639 [MainThread] DEBUG    >>> _abort_hq | old_token=1372, active_hq=0
09:17:53.639 [MainThread] DEBUG    >>> load_image | token=201, path=FRE0540_H4F065HDF13_F6570_FUQ6802730_T_-82.760883_285.478887_0153560_0245744_20260903_095649.jpg, has_image=True, active_threads=0, hq_threads=0
09:17:53.642 [Dummy-320 ] DEBUG        [Thread-201] ImageLoad.start | path=FRE0540_H4F065HDF13_F6570_FUQ6802730_T_-82.760883_285.478887_0153560_0245744_20260903_095649.jpg
09:17:53.738 [Dummy-320 ] DEBUG        [Thread-201] ImageLoad.success | size=2447x2047
09:17:53.757 [MainThread] DEBUG    >>> _handle_image_loaded | token=201, current_token=201, path=FRE0540_H4F065HDF13_F6570_FUQ6802730_T_-82.760883_285.478887_0153560_0245744_20260903_095649.jpg, has_error=False, image_valid=True
09:17:53.759 [MainThread] DEBUG    >>> _abort_hq | old_token=1373, active_hq=0
09:17:53.759 [MainThread] DEBUG        [_handle_image_loaded] action=create_pixmap, size=2447x2047
09:17:53.759 [MainThread] DEBUG        [_handle_image_loaded] action=fit_to_window
09:17:53.759 [MainThread] DEBUG    >>> _abort_hq | old_token=1374, active_hq=0
09:17:53.907 [MainThread] DEBUG    >>> _start_hq_resize | token=1376, target=1056x883, source=2447x2047
09:17:53.908 [Dummy-227 ] DEBUG        [Thread-1376] HqResize.start | target=1056x883
09:17:54.073 [Dummy-227 ] DEBUG        [Thread-1376] HqResize.success | scale=0.432
09:17:54.073 [Dummy-227 ] DEBUG    >>> _cleanup_hq_thread_early | token=1376
09:17:54.074 [MainThread] DEBUG    >>> _handle_hq_resized | token=1376, current_token=1376, has_error=False, image_valid=True, has_image=True
09:17:54.074 [MainThread] DEBUG        [_handle_hq_resized] action=swap_pixmap, scale=0.4315, size=1056x883
09:17:54.076 [MainThread] DEBUG    >>> _swap_pixmap_preserving_view | old_scale=1.0000, new_scale=0.4315, pixmap_size=1056x883
09:17:54.076 [MainThread] DEBUG        [_swap_pixmap] anchor=(1221.7, 1024.7)
09:17:54.076 [MainThread] DEBUG        [_swap_pixmap] status=success
09:17:57.392 [MainThread] DEBUG    >>> wheelEvent.zoom | factor=1.25
09:17:57.393 [MainThread] DEBUG    >>> _abort_hq | old_token=1376, active_hq=0
09:17:57.393 [MainThread] DEBUG    >>> _swap_pixmap_preserving_view | old_scale=0.4315, new_scale=1.0000, pixmap_size=2447x2047
09:17:57.393 [MainThread] DEBUG        [_swap_pixmap] anchor=(1221.7, 1024.7)
09:17:57.395 [MainThread] DEBUG        [_swap_pixmap] status=success
09:17:57.440 [MainThread] DEBUG    >>> wheelEvent.zoom | factor=1.25
09:17:57.440 [MainThread] DEBUG    >>> _abort_hq | old_token=1377, active_hq=0
09:17:57.487 [MainThread] DEBUG    >>> wheelEvent.zoom | factor=1.25
09:17:57.487 [MainThread] DEBUG    >>> _abort_hq | old_token=1378, active_hq=0
09:17:57.519 [MainThread] DEBUG    >>> wheelEvent.zoom | factor=1.25
09:17:57.519 [MainThread] DEBUG    >>> _abort_hq | old_token=1379, active_hq=0
09:17:57.551 [MainThread] DEBUG    >>> wheelEvent.zoom | factor=1.25
09:17:57.551 [MainThread] DEBUG    >>> _abort_hq | old_token=1380, active_hq=0
09:17:57.600 [MainThread] DEBUG    >>> wheelEvent.zoom | factor=1.25
09:17:57.600 [MainThread] DEBUG    >>> _abort_hq | old_token=1381, active_hq=0
09:17:57.672 [MainThread] DEBUG    >>> wheelEvent.zoom | factor=1.25
09:17:57.672 [MainThread] DEBUG    >>> _abort_hq | old_token=1382, active_hq=0
09:17:58.007 [MainThread] DEBUG    >>> wheelEvent.zoom | factor=0.8
09:17:58.007 [MainThread] DEBUG    >>> _abort_hq | old_token=1383, active_hq=0
09:17:58.024 [MainThread] DEBUG    >>> wheelEvent.zoom | factor=0.8
09:17:58.024 [MainThread] DEBUG    >>> _abort_hq | old_token=1384, active_hq=0
09:17:58.040 [MainThread] DEBUG    >>> wheelEvent.zoom | factor=0.8
09:17:58.040 [MainThread] DEBUG    >>> _abort_hq | old_token=1385, active_hq=0
09:17:58.057 [MainThread] DEBUG    >>> wheelEvent.zoom | factor=0.8
09:17:58.057 [MainThread] DEBUG    >>> _abort_hq | old_token=1386, active_hq=0
09:17:58.072 [MainThread] DEBUG    >>> wheelEvent.zoom | factor=0.8
09:17:58.073 [MainThread] DEBUG    >>> _abort_hq | old_token=1387, active_hq=0
09:17:58.095 [MainThread] DEBUG    >>> wheelEvent.zoom | factor=0.8
09:17:58.096 [MainThread] DEBUG    >>> _abort_hq | old_token=1388, active_hq=0
09:17:58.168 [MainThread] DEBUG    >>> wheelEvent.zoom | factor=0.8
09:17:58.168 [MainThread] DEBUG    >>> _abort_hq | old_token=1389, active_hq=0
09:17:58.318 [MainThread] DEBUG    >>> _start_hq_resize | token=1391, target=1056x883, source=2447x2047
09:17:58.320 [Dummy-321 ] DEBUG        [Thread-1391] HqResize.start | target=1056x883
09:17:58.477 [Dummy-321 ] DEBUG        [Thread-1391] HqResize.success | scale=0.432
09:17:58.477 [Dummy-321 ] DEBUG    >>> _cleanup_hq_thread_early | token=1391
09:17:58.477 [MainThread] DEBUG    >>> _handle_hq_resized | token=1391, current_token=1391, has_error=False, image_valid=True, has_image=True
09:17:58.477 [MainThread] DEBUG        [_handle_hq_resized] action=swap_pixmap, scale=0.4315, size=1056x883
09:17:58.479 [MainThread] DEBUG    >>> _swap_pixmap_preserving_view | old_scale=1.0000, new_scale=0.4315, pixmap_size=1056x883
09:17:58.479 [MainThread] DEBUG        [_swap_pixmap] anchor=(1221.7, 1024.7)
09:17:58.480 [MainThread] DEBUG        [_swap_pixmap] status=success
09:17:59.153 [MainThread] DEBUG    >>> classify | key=o, enforce_focus=True, move_in_progress=False, has_session=True
09:17:59.153 [MainThread] DEBUG        [classify] action=start_move, current_image=FRE0540_H4F065HDF13_F6570_FUQ6802730_T_-82.760883_285.478887_0153560_0245744_20260903_095649.jpg
09:17:59.173 [MainThread] DEBUG    >>> _handle_classify_finished | has_record=True, has_error=False, record_key=o, record_category=OI
09:17:59.174 [MainThread] DEBUG        [_handle_classify_finished] action=sync_after_session_change
09:17:59.178 [MainThread] DEBUG    >>> _load_current_image | current=FRE0540_H4F066HDF06_F6570_FUN6815603_R_-375.402280_-486.797992_0245744_0083300_20260825_051947.jpg, previous=FRE0540_H4F065HDF13_F6570_FUQ6802730_T_-82.760883_285.478887_0153560_0245744_20260903_095649.jpg
09:17:59.178 [MainThread] DEBUG        [_load_current_image] action=load, path=FRE0540_H4F066HDF06_F6570_FUN6815603_R_-375.402280_-486.797992_0245744_0083300_20260825_051947.jpg
09:17:59.179 [MainThread] DEBUG    >>> _abort_hq | old_token=1391, active_hq=0
09:17:59.179 [MainThread] DEBUG    >>> load_image | token=202, path=FRE0540_H4F066HDF06_F6570_FUN6815603_R_-375.402280_-486.797992_0245744_0083300_20260825_051947.jpg, has_image=True, active_threads=0, hq_threads=0
09:17:59.183 [Dummy-322 ] DEBUG        [Thread-202] ImageLoad.start | path=FRE0540_H4F066HDF06_F6570_FUN6815603_R_-375.402280_-486.797992_0245744_0083300_20260825_051947.jpg
09:17:59.267 [Dummy-322 ] DEBUG        [Thread-202] ImageLoad.success | size=2447x2047
09:17:59.285 [MainThread] DEBUG    >>> _handle_image_loaded | token=202, current_token=202, path=FRE0540_H4F066HDF06_F6570_FUN6815603_R_-375.402280_-486.797992_0245744_0083300_20260825_051947.jpg, has_error=False, image_valid=True
09:17:59.287 [MainThread] DEBUG    >>> _abort_hq | old_token=1392, active_hq=0
09:17:59.287 [MainThread] DEBUG        [_handle_image_loaded] action=create_pixmap, size=2447x2047
09:17:59.287 [MainThread] DEBUG        [_handle_image_loaded] action=fit_to_window
09:17:59.288 [MainThread] DEBUG    >>> _abort_hq | old_token=1393, active_hq=0
09:17:59.434 [MainThread] DEBUG    >>> _start_hq_resize | token=1395, target=1056x883, source=2447x2047
09:17:59.435 [Dummy-323 ] DEBUG        [Thread-1395] HqResize.start | target=1056x883
09:17:59.583 [Dummy-323 ] DEBUG        [Thread-1395] HqResize.success | scale=0.432
09:17:59.583 [Dummy-323 ] DEBUG    >>> _cleanup_hq_thread_early | token=1395
09:17:59.583 [MainThread] DEBUG    >>> _handle_hq_resized | token=1395, current_token=1395, has_error=False, image_valid=True, has_image=True
09:17:59.583 [MainThread] DEBUG        [_handle_hq_resized] action=swap_pixmap, scale=0.4315, size=1056x883
09:17:59.585 [MainThread] DEBUG    >>> _swap_pixmap_preserving_view | old_scale=1.0000, new_scale=0.4315, pixmap_size=1056x883
09:17:59.585 [MainThread] DEBUG        [_swap_pixmap] anchor=(1221.7, 1024.7)
09:17:59.585 [MainThread] DEBUG        [_swap_pixmap] status=success
09:18:00.144 [MainThread] DEBUG    >>> wheelEvent.zoom | factor=1.25
09:18:00.145 [MainThread] DEBUG    >>> _abort_hq | old_token=1395, active_hq=0
09:18:00.145 [MainThread] DEBUG    >>> _swap_pixmap_preserving_view | old_scale=0.4315, new_scale=1.0000, pixmap_size=2447x2047
09:18:00.145 [MainThread] DEBUG        [_swap_pixmap] anchor=(1221.7, 1024.7)
09:18:00.147 [MainThread] DEBUG        [_swap_pixmap] status=success
09:18:00.193 [MainThread] DEBUG    >>> wheelEvent.zoom | factor=1.25
09:18:00.193 [MainThread] DEBUG    >>> _abort_hq | old_token=1396, active_hq=0
09:18:00.225 [MainThread] DEBUG    >>> wheelEvent.zoom | factor=1.25
09:18:00.226 [MainThread] DEBUG    >>> _abort_hq | old_token=1397, active_hq=0
09:18:00.257 [MainThread] DEBUG    >>> wheelEvent.zoom | factor=1.25
09:18:00.257 [MainThread] DEBUG    >>> _abort_hq | old_token=1398, active_hq=0
09:18:00.304 [MainThread] DEBUG    >>> wheelEvent.zoom | factor=1.25
09:18:00.304 [MainThread] DEBUG    >>> _abort_hq | old_token=1399, active_hq=0
09:18:01.529 [MainThread] DEBUG    >>> classify | key=G, enforce_focus=True, move_in_progress=False, has_session=True
09:18:01.530 [MainThread] DEBUG        [classify] action=start_move, current_image=FRE0540_H4F066HDF06_F6570_FUN6815603_R_-375.402280_-486.797992_0245744_0083300_20260825_051947.jpg
09:18:01.544 [MainThread] DEBUG    >>> _handle_classify_finished | has_record=True, has_error=False, record_key=G, record_category=TP_GE
09:18:01.544 [MainThread] DEBUG        [_handle_classify_finished] action=sync_after_session_change
09:18:01.547 [MainThread] DEBUG    >>> _load_current_image | current=FRE0610_H4F067HDF11_F6570_FFE6801346_T_716.998856_1232.590954_0068176_0153560_20260826_141206.jpg, previous=FRE0540_H4F066HDF06_F6570_FUN6815603_R_-375.402280_-486.797992_0245744_0083300_20260825_051947.jpg
09:18:01.547 [MainThread] DEBUG        [_load_current_image] action=load, path=FRE0610_H4F067HDF11_F6570_FFE6801346_T_716.998856_1232.590954_0068176_0153560_20260826_141206.jpg
09:18:01.547 [MainThread] DEBUG    >>> _abort_hq | old_token=1400, active_hq=0
09:18:01.547 [MainThread] DEBUG    >>> load_image | token=203, path=FRE0610_H4F067HDF11_F6570_FFE6801346_T_716.998856_1232.590954_0068176_0153560_20260826_141206.jpg, has_image=True, active_threads=0, hq_threads=0
09:18:01.550 [Dummy-133 ] DEBUG        [Thread-203] ImageLoad.start | path=FRE0610_H4F067HDF11_F6570_FFE6801346_T_716.998856_1232.590954_0068176_0153560_20260826_141206.jpg
09:18:01.633 [Dummy-133 ] DEBUG        [Thread-203] ImageLoad.success | size=2447x2047
09:18:01.652 [MainThread] DEBUG    >>> _handle_image_loaded | token=203, current_token=203, path=FRE0610_H4F067HDF11_F6570_FFE6801346_T_716.998856_1232.590954_0068176_0153560_20260826_141206.jpg, has_error=False, image_valid=True
09:18:01.652 [MainThread] DEBUG    >>> _abort_hq | old_token=1401, active_hq=0
09:18:01.653 [MainThread] DEBUG        [_handle_image_loaded] action=create_pixmap, size=2447x2047
09:18:01.654 [MainThread] DEBUG        [_handle_image_loaded] action=fit_to_window
09:18:01.654 [MainThread] DEBUG    >>> _abort_hq | old_token=1402, active_hq=0
09:18:01.661 [MainThread] DEBUG    >>> _abort_hq | old_token=1403, active_hq=0
09:18:01.798 [MainThread] DEBUG    >>> _start_hq_resize | token=1405, target=1056x883, source=2447x2047
09:18:01.799 [Dummy-35  ] DEBUG        [Thread-1405] HqResize.start | target=1056x883
09:18:01.944 [Dummy-35  ] DEBUG        [Thread-1405] HqResize.success | scale=0.432
09:18:01.945 [MainThread] DEBUG    >>> _handle_hq_resized | token=1405, current_token=1405, has_error=False, image_valid=True, has_image=True
09:18:01.945 [Dummy-35  ] DEBUG    >>> _cleanup_hq_thread_early | token=1405
09:18:01.945 [MainThread] DEBUG        [_handle_hq_resized] action=swap_pixmap, scale=0.4315, size=1056x883
09:18:01.947 [MainThread] DEBUG    >>> _swap_pixmap_preserving_view | old_scale=1.0000, new_scale=0.4315, pixmap_size=1056x883
09:18:01.947 [MainThread] DEBUG        [_swap_pixmap] anchor=(1221.7, 1024.7)
09:18:01.947 [MainThread] DEBUG        [_swap_pixmap] status=success
09:18:02.896 [MainThread] DEBUG    >>> next_image | current=7, requested=8, total=41
09:18:02.896 [MainThread] DEBUG    >>> _load_current_image | current=FRE0610_H4F067HDF11_F6570_FFE6816845_T_-806.559085_858.589247_0189957_0213203_20260831_124738.jpg, previous=FRE0610_H4F067HDF11_F6570_FFE6801346_T_716.998856_1232.590954_0068176_0153560_20260826_141206.jpg
09:18:02.896 [MainThread] DEBUG        [_load_current_image] action=load, path=FRE0610_H4F067HDF11_F6570_FFE6816845_T_-806.559085_858.589247_0189957_0213203_20260831_124738.jpg
09:18:02.896 [MainThread] DEBUG    >>> _abort_hq | old_token=1405, active_hq=0
09:18:02.896 [MainThread] DEBUG    >>> load_image | token=204, path=FRE0610_H4F067HDF11_F6570_FFE6816845_T_-806.559085_858.589247_0189957_0213203_20260831_124738.jpg, has_image=True, active_threads=0, hq_threads=0
09:18:02.898 [Dummy-324 ] DEBUG        [Thread-204] ImageLoad.start | path=FRE0610_H4F067HDF11_F6570_FFE6816845_T_-806.559085_858.589247_0189957_0213203_20260831_124738.jpg
09:18:02.981 [Dummy-324 ] DEBUG        [Thread-204] ImageLoad.success | size=2447x2047
09:18:02.988 [MainThread] DEBUG    >>> _handle_image_loaded | token=204, current_token=204, path=FRE0610_H4F067HDF11_F6570_FFE6816845_T_-806.559085_858.589247_0189957_0213203_20260831_124738.jpg, has_error=False, image_valid=True
09:18:02.991 [MainThread] DEBUG    >>> _abort_hq | old_token=1406, active_hq=0
09:18:02.991 [MainThread] DEBUG        [_handle_image_loaded] action=create_pixmap, size=2447x2047
09:18:02.991 [MainThread] DEBUG        [_handle_image_loaded] action=fit_to_window
09:18:02.992 [MainThread] DEBUG    >>> _abort_hq | old_token=1407, active_hq=0
09:18:03.142 [MainThread] DEBUG    >>> _start_hq_resize | token=1409, target=1056x883, source=2447x2047
09:18:03.144 [Dummy-112 ] DEBUG        [Thread-1409] HqResize.start | target=1056x883
09:18:03.200 [MainThread] DEBUG    >>> next_image | current=8, requested=9, total=41
09:18:03.201 [MainThread] DEBUG    >>> _load_current_image | current=FRE0610_H4F156FDF12_F6570_FRV6802026_T_762.317671_1143.017376_0269834_0245744_20260826_000819.jpg, previous=FRE0610_H4F067HDF11_F6570_FFE6816845_T_-806.559085_858.589247_0189957_0213203_20260831_124738.jpg
09:18:03.201 [MainThread] DEBUG        [_load_current_image] action=load, path=FRE0610_H4F156FDF12_F6570_FRV6802026_T_762.317671_1143.017376_0269834_0245744_20260826_000819.jpg
09:18:03.201 [MainThread] DEBUG    >>> _abort_hq | old_token=1409, active_hq=1
09:18:03.201 [MainThread] DEBUG    >>> load_image | token=205, path=FRE0610_H4F156FDF12_F6570_FRV6802026_T_762.317671_1143.017376_0269834_0245744_20260826_000819.jpg, has_image=True, active_threads=0, hq_threads=1
09:18:03.202 [Dummy-113 ] DEBUG        [Thread-205] ImageLoad.start | path=FRE0610_H4F156FDF12_F6570_FRV6802026_T_762.317671_1143.017376_0269834_0245744_20260826_000819.jpg
09:18:03.281 [Dummy-113 ] DEBUG        [Thread-205] ImageLoad.success | size=2447x2047
09:18:03.289 [MainThread] DEBUG    >>> _handle_image_loaded | token=205, current_token=205, path=FRE0610_H4F156FDF12_F6570_FRV6802026_T_762.317671_1143.017376_0269834_0245744_20260826_000819.jpg, has_error=False, image_valid=True
09:18:03.289 [MainThread] DEBUG    >>> _abort_hq | old_token=1410, active_hq=1
09:18:03.289 [MainThread] DEBUG        [_handle_image_loaded] action=create_pixmap, size=2447x2047
09:18:03.292 [MainThread] DEBUG        [_handle_image_loaded] action=fit_to_window
09:18:03.292 [MainThread] DEBUG    >>> _abort_hq | old_token=1411, active_hq=1
09:18:03.332 [Dummy-112 ] DEBUG        [Thread-1409] HqResize.cancelled_late | 
09:18:03.332 [MainThread] DEBUG    >>> _handle_hq_resized | token=1409, current_token=1412, has_error=True, image_valid=False, has_image=True
09:18:03.332 [MainThread] DEBUG        [_handle_hq_resized] action=ignore, reason=token_mismatch
09:18:03.392 [MainThread] DEBUG    >>> next_image | current=9, requested=10, total=41
09:18:03.393 [MainThread] DEBUG    >>> _load_current_image | current=FRE0620_H4F066HDF06_F6570_FUN6632011_R_401.314228_-36.016886_0083300_0160189_20260824_063735.jpg, previous=FRE0610_H4F156FDF12_F6570_FRV6802026_T_762.317671_1143.017376_0269834_0245744_20260826_000819.jpg
09:18:03.393 [MainThread] DEBUG        [_load_current_image] action=load, path=FRE0620_H4F066HDF06_F6570_FUN6632011_R_401.314228_-36.016886_0083300_0160189_20260824_063735.jpg
09:18:03.393 [MainThread] DEBUG    >>> _abort_hq | old_token=1412, active_hq=1
09:18:03.393 [MainThread] WARNING  ⚠️  Found deleted C++ QObject in _hq_threads (cleaned up) | token=1409
09:18:03.393 [MainThread] DEBUG    >>> load_image | token=206, path=FRE0620_H4F066HDF06_F6570_FUN6632011_R_401.314228_-36.016886_0083300_0160189_20260824_063735.jpg, has_image=True, active_threads=0, hq_threads=0
09:18:03.394 [Dummy-111 ] DEBUG        [Thread-206] ImageLoad.start | path=FRE0620_H4F066HDF06_F6570_FUN6632011_R_401.314228_-36.016886_0083300_0160189_20260824_063735.jpg
09:18:03.468 [Dummy-111 ] DEBUG        [Thread-206] ImageLoad.success | size=2447x2047
09:18:03.473 [MainThread] DEBUG    >>> _handle_image_loaded | token=206, current_token=206, path=FRE0620_H4F066HDF06_F6570_FUN6632011_R_401.314228_-36.016886_0083300_0160189_20260824_063735.jpg, has_error=False, image_valid=True
09:18:03.473 [MainThread] DEBUG    >>> _abort_hq | old_token=1413, active_hq=0
09:18:03.473 [MainThread] DEBUG        [_handle_image_loaded] action=create_pixmap, size=2447x2047
09:18:03.475 [MainThread] DEBUG        [_handle_image_loaded] action=fit_to_window
09:18:03.475 [MainThread] DEBUG    >>> _abort_hq | old_token=1414, active_hq=0
09:18:03.620 [MainThread] DEBUG    >>> _start_hq_resize | token=1416, target=1056x883, source=2447x2047
09:18:03.624 [Dummy-110 ] DEBUG        [Thread-1416] HqResize.start | target=1056x883
09:18:03.689 [MainThread] DEBUG    >>> _load_current_image | current=FRE0610_H4F156FDF12_F6570_FRV6802026_T_762.317671_1143.017376_0269834_0245744_20260826_000819.jpg, previous=FRE0620_H4F066HDF06_F6570_FUN6632011_R_401.314228_-36.016886_0083300_0160189_20260824_063735.jpg
09:18:03.689 [MainThread] DEBUG        [_load_current_image] action=load, path=FRE0610_H4F156FDF12_F6570_FRV6802026_T_762.317671_1143.017376_0269834_0245744_20260826_000819.jpg
09:18:03.689 [MainThread] DEBUG    >>> _abort_hq | old_token=1416, active_hq=1
09:18:03.689 [MainThread] DEBUG    >>> load_image | token=207, path=FRE0610_H4F156FDF12_F6570_FRV6802026_T_762.317671_1143.017376_0269834_0245744_20260826_000819.jpg, has_image=True, active_threads=0, hq_threads=1
09:18:03.690 [Dummy-229 ] DEBUG        [Thread-207] ImageLoad.start | path=FRE0610_H4F156FDF12_F6570_FRV6802026_T_762.317671_1143.017376_0269834_0245744_20260826_000819.jpg
09:18:03.775 [Dummy-229 ] DEBUG        [Thread-207] ImageLoad.success | size=2447x2047
09:18:03.783 [MainThread] DEBUG    >>> _handle_image_loaded | token=207, current_token=207, path=FRE0610_H4F156FDF12_F6570_FRV6802026_T_762.317671_1143.017376_0269834_0245744_20260826_000819.jpg, has_error=False, image_valid=True
09:18:03.783 [MainThread] DEBUG    >>> _abort_hq | old_token=1417, active_hq=1
09:18:03.784 [MainThread] DEBUG        [_handle_image_loaded] action=create_pixmap, size=2447x2047
09:18:03.786 [MainThread] DEBUG        [_handle_image_loaded] action=fit_to_window
09:18:03.786 [MainThread] DEBUG    >>> _abort_hq | old_token=1418, active_hq=1
09:18:03.821 [Dummy-110 ] DEBUG        [Thread-1416] HqResize.cancelled_late | 
09:18:03.822 [MainThread] DEBUG    >>> _handle_hq_resized | token=1416, current_token=1419, has_error=True, image_valid=False, has_image=True
09:18:03.822 [MainThread] DEBUG        [_handle_hq_resized] action=ignore, reason=token_mismatch
09:18:03.840 [MainThread] DEBUG    >>> _load_current_image | current=FRE0610_H4F067HDF11_F6570_FFE6816845_T_-806.559085_858.589247_0189957_0213203_20260831_124738.jpg, previous=FRE0610_H4F156FDF12_F6570_FRV6802026_T_762.317671_1143.017376_0269834_0245744_20260826_000819.jpg
09:18:03.841 [MainThread] DEBUG        [_load_current_image] action=load, path=FRE0610_H4F067HDF11_F6570_FFE6816845_T_-806.559085_858.589247_0189957_0213203_20260831_124738.jpg
09:18:03.841 [MainThread] DEBUG    >>> _abort_hq | old_token=1419, active_hq=1
09:18:03.841 [MainThread] WARNING  ⚠️  Found deleted C++ QObject in _hq_threads (cleaned up) | token=1416
09:18:03.841 [MainThread] DEBUG    >>> load_image | token=208, path=FRE0610_H4F067HDF11_F6570_FFE6816845_T_-806.559085_858.589247_0189957_0213203_20260831_124738.jpg, has_image=True, active_threads=0, hq_threads=0
09:18:03.843 [Dummy-325 ] DEBUG        [Thread-208] ImageLoad.start | path=FRE0610_H4F067HDF11_F6570_FFE6816845_T_-806.559085_858.589247_0189957_0213203_20260831_124738.jpg
09:18:03.916 [Dummy-325 ] DEBUG        [Thread-208] ImageLoad.success | size=2447x2047
09:18:03.923 [MainThread] DEBUG    >>> _handle_image_loaded | token=208, current_token=208, path=FRE0610_H4F067HDF11_F6570_FFE6816845_T_-806.559085_858.589247_0189957_0213203_20260831_124738.jpg, has_error=False, image_valid=True
09:18:03.923 [MainThread] DEBUG    >>> _abort_hq | old_token=1420, active_hq=0
09:18:03.923 [MainThread] DEBUG        [_handle_image_loaded] action=create_pixmap, size=2447x2047
09:18:03.925 [MainThread] DEBUG        [_handle_image_loaded] action=fit_to_window
09:18:03.925 [MainThread] DEBUG    >>> _abort_hq | old_token=1421, active_hq=0
09:18:04.078 [MainThread] DEBUG    >>> _start_hq_resize | token=1423, target=1056x883, source=2447x2047
09:18:04.082 [Dummy-230 ] DEBUG        [Thread-1423] HqResize.start | target=1056x883
09:18:04.255 [Dummy-230 ] DEBUG        [Thread-1423] HqResize.success | scale=0.432
09:18:04.255 [Dummy-230 ] DEBUG    >>> _cleanup_hq_thread_early | token=1423
09:18:04.255 [MainThread] DEBUG    >>> _handle_hq_resized | token=1423, current_token=1423, has_error=False, image_valid=True, has_image=True
09:18:04.255 [MainThread] DEBUG        [_handle_hq_resized] action=swap_pixmap, scale=0.4315, size=1056x883
09:18:04.258 [MainThread] DEBUG    >>> _swap_pixmap_preserving_view | old_scale=1.0000, new_scale=0.4315, pixmap_size=1056x883
09:18:04.258 [MainThread] DEBUG        [_swap_pixmap] anchor=(1221.7, 1024.7)
09:18:04.258 [MainThread] DEBUG        [_swap_pixmap] status=success
09:18:04.770 [MainThread] DEBUG    >>> classify | key=c, enforce_focus=True, move_in_progress=False, has_session=True
09:18:04.770 [MainThread] DEBUG        [classify] action=start_move, current_image=FRE0610_H4F067HDF11_F6570_FFE6816845_T_-806.559085_858.589247_0189957_0213203_20260831_124738.jpg
09:18:04.792 [MainThread] DEBUG    >>> _handle_classify_finished | has_record=True, has_error=False, record_key=c, record_category=BC
09:18:04.792 [MainThread] DEBUG        [_handle_classify_finished] action=sync_after_session_change
09:18:04.796 [MainThread] DEBUG    >>> _load_current_image | current=FRE0610_H4F156FDF12_F6570_FRV6802026_T_762.317671_1143.017376_0269834_0245744_20260826_000819.jpg, previous=FRE0610_H4F067HDF11_F6570_FFE6816845_T_-806.559085_858.589247_0189957_0213203_20260831_124738.jpg
09:18:04.797 [MainThread] DEBUG        [_load_current_image] action=load, path=FRE0610_H4F156FDF12_F6570_FRV6802026_T_762.317671_1143.017376_0269834_0245744_20260826_000819.jpg
09:18:04.797 [MainThread] DEBUG    >>> _abort_hq | old_token=1423, active_hq=0
09:18:04.797 [MainThread] DEBUG    >>> load_image | token=209, path=FRE0610_H4F156FDF12_F6570_FRV6802026_T_762.317671_1143.017376_0269834_0245744_20260826_000819.jpg, has_image=True, active_threads=0, hq_threads=0
09:18:04.801 [Dummy-326 ] DEBUG        [Thread-209] ImageLoad.start | path=FRE0610_H4F156FDF12_F6570_FRV6802026_T_762.317671_1143.017376_0269834_0245744_20260826_000819.jpg
09:18:04.898 [Dummy-326 ] DEBUG        [Thread-209] ImageLoad.success | size=2447x2047
09:18:04.917 [MainThread] DEBUG    >>> _handle_image_loaded | token=209, current_token=209, path=FRE0610_H4F156FDF12_F6570_FRV6802026_T_762.317671_1143.017376_0269834_0245744_20260826_000819.jpg, has_error=False, image_valid=True
09:18:04.919 [MainThread] DEBUG    >>> _abort_hq | old_token=1424, active_hq=0
09:18:04.919 [MainThread] DEBUG        [_handle_image_loaded] action=create_pixmap, size=2447x2047
09:18:04.920 [MainThread] DEBUG        [_handle_image_loaded] action=fit_to_window
09:18:04.920 [MainThread] DEBUG    >>> _abort_hq | old_token=1425, active_hq=0
09:18:05.072 [MainThread] DEBUG    >>> _start_hq_resize | token=1427, target=1056x883, source=2447x2047
09:18:05.073 [Dummy-327 ] DEBUG        [Thread-1427] HqResize.start | target=1056x883
09:18:05.221 [Dummy-327 ] DEBUG        [Thread-1427] HqResize.success | scale=0.432
09:18:05.221 [MainThread] DEBUG    >>> _handle_hq_resized | token=1427, current_token=1427, has_error=False, image_valid=True, has_image=True
09:18:05.221 [Dummy-327 ] DEBUG    >>> _cleanup_hq_thread_early | token=1427
09:18:05.221 [MainThread] DEBUG        [_handle_hq_resized] action=swap_pixmap, scale=0.4315, size=1056x883
09:18:05.224 [MainThread] DEBUG    >>> _swap_pixmap_preserving_view | old_scale=1.0000, new_scale=0.4315, pixmap_size=1056x883
09:18:05.224 [MainThread] DEBUG        [_swap_pixmap] anchor=(1221.7, 1024.7)
09:18:05.224 [MainThread] DEBUG        [_swap_pixmap] status=success
09:18:06.523 [MainThread] DEBUG    >>> _load_current_image | current=FRE0610_H4F067HDF11_F6570_FFE6816845_T_-806.559085_858.589247_0189957_0213203_20260831_124738.jpg, previous=FRE0610_H4F156FDF12_F6570_FRV6802026_T_762.317671_1143.017376_0269834_0245744_20260826_000819.jpg
09:18:06.523 [MainThread] DEBUG        [_load_current_image] action=load, path=FRE0610_H4F067HDF11_F6570_FFE6816845_T_-806.559085_858.589247_0189957_0213203_20260831_124738.jpg
09:18:06.523 [MainThread] DEBUG    >>> _abort_hq | old_token=1427, active_hq=0
09:18:06.524 [MainThread] DEBUG    >>> load_image | token=210, path=FRE0610_H4F067HDF11_F6570_FFE6816845_T_-806.559085_858.589247_0189957_0213203_20260831_124738.jpg, has_image=True, active_threads=0, hq_threads=0
09:18:06.530 [Dummy-236 ] DEBUG        [Thread-210] ImageLoad.start | path=FRE0610_H4F067HDF11_F6570_FFE6816845_T_-806.559085_858.589247_0189957_0213203_20260831_124738.jpg
09:18:06.621 [Dummy-236 ] DEBUG        [Thread-210] ImageLoad.success | size=2447x2047
09:18:06.641 [MainThread] DEBUG    >>> _handle_image_loaded | token=210, current_token=210, path=FRE0610_H4F067HDF11_F6570_FFE6816845_T_-806.559085_858.589247_0189957_0213203_20260831_124738.jpg, has_error=False, image_valid=True
09:18:06.643 [MainThread] DEBUG    >>> _abort_hq | old_token=1428, active_hq=0
09:18:06.643 [MainThread] DEBUG        [_handle_image_loaded] action=create_pixmap, size=2447x2047
09:18:06.643 [MainThread] DEBUG        [_handle_image_loaded] action=fit_to_window
09:18:06.643 [MainThread] DEBUG    >>> _abort_hq | old_token=1429, active_hq=0
09:18:06.786 [MainThread] DEBUG    >>> _start_hq_resize | token=1431, target=1056x883, source=2447x2047
09:18:06.789 [Dummy-237 ] DEBUG        [Thread-1431] HqResize.start | target=1056x883
09:18:06.963 [Dummy-237 ] DEBUG        [Thread-1431] HqResize.success | scale=0.432
09:18:06.963 [Dummy-237 ] DEBUG    >>> _cleanup_hq_thread_early | token=1431
09:18:06.964 [MainThread] DEBUG    >>> _handle_hq_resized | token=1431, current_token=1431, has_error=False, image_valid=True, has_image=True
09:18:06.964 [MainThread] DEBUG        [_handle_hq_resized] action=swap_pixmap, scale=0.4315, size=1056x883
09:18:06.966 [MainThread] DEBUG    >>> _swap_pixmap_preserving_view | old_scale=1.0000, new_scale=0.4315, pixmap_size=1056x883
09:18:06.966 [MainThread] DEBUG        [_swap_pixmap] anchor=(1221.7, 1024.7)
09:18:06.966 [MainThread] DEBUG        [_swap_pixmap] status=success
09:18:07.033 [MainThread] DEBUG    >>> classify | key=c, enforce_focus=True, move_in_progress=False, has_session=True
09:18:07.034 [MainThread] DEBUG        [classify] action=start_move, current_image=FRE0610_H4F067HDF11_F6570_FFE6816845_T_-806.559085_858.589247_0189957_0213203_20260831_124738.jpg
09:18:07.053 [MainThread] DEBUG    >>> _handle_classify_finished | has_record=True, has_error=False, record_key=c, record_category=BC
09:18:07.053 [MainThread] DEBUG        [_handle_classify_finished] action=sync_after_session_change
09:18:07.058 [MainThread] DEBUG    >>> _load_current_image | current=FRE0610_H4F156FDF12_F6570_FRV6802026_T_762.317671_1143.017376_0269834_0245744_20260826_000819.jpg, previous=FRE0610_H4F067HDF11_F6570_FFE6816845_T_-806.559085_858.589247_0189957_0213203_20260831_124738.jpg
09:18:07.058 [MainThread] DEBUG        [_load_current_image] action=load, path=FRE0610_H4F156FDF12_F6570_FRV6802026_T_762.317671_1143.017376_0269834_0245744_20260826_000819.jpg
09:18:07.058 [MainThread] DEBUG    >>> _abort_hq | old_token=1431, active_hq=0
09:18:07.059 [MainThread] DEBUG    >>> load_image | token=211, path=FRE0610_H4F156FDF12_F6570_FRV6802026_T_762.317671_1143.017376_0269834_0245744_20260826_000819.jpg, has_image=True, active_threads=0, hq_threads=0
09:18:07.064 [Dummy-328 ] DEBUG        [Thread-211] ImageLoad.start | path=FRE0610_H4F156FDF12_F6570_FRV6802026_T_762.317671_1143.017376_0269834_0245744_20260826_000819.jpg
09:18:07.169 [Dummy-328 ] DEBUG        [Thread-211] ImageLoad.success | size=2447x2047
09:18:07.192 [MainThread] DEBUG    >>> _handle_image_loaded | token=211, current_token=211, path=FRE0610_H4F156FDF12_F6570_FRV6802026_T_762.317671_1143.017376_0269834_0245744_20260826_000819.jpg, has_error=False, image_valid=True
09:18:07.194 [MainThread] DEBUG    >>> _abort_hq | old_token=1432, active_hq=0
09:18:07.194 [MainThread] DEBUG        [_handle_image_loaded] action=create_pixmap, size=2447x2047
09:18:07.194 [MainThread] DEBUG        [_handle_image_loaded] action=fit_to_window
09:18:07.194 [MainThread] DEBUG    >>> _abort_hq | old_token=1433, active_hq=0
09:18:07.339 [MainThread] DEBUG    >>> _start_hq_resize | token=1435, target=1056x883, source=2447x2047
09:18:07.343 [Dummy-329 ] DEBUG        [Thread-1435] HqResize.start | target=1056x883
09:18:07.512 [Dummy-329 ] DEBUG        [Thread-1435] HqResize.success | scale=0.432
09:18:07.512 [Dummy-329 ] DEBUG    >>> _cleanup_hq_thread_early | token=1435
09:18:07.512 [MainThread] DEBUG    >>> _handle_hq_resized | token=1435, current_token=1435, has_error=False, image_valid=True, has_image=True
09:18:07.513 [MainThread] DEBUG        [_handle_hq_resized] action=swap_pixmap, scale=0.4315, size=1056x883
09:18:07.515 [MainThread] DEBUG    >>> _swap_pixmap_preserving_view | old_scale=1.0000, new_scale=0.4315, pixmap_size=1056x883
09:18:07.515 [MainThread] DEBUG        [_swap_pixmap] anchor=(1221.7, 1024.7)
09:18:07.515 [MainThread] DEBUG        [_swap_pixmap] status=success
09:18:09.089 [MainThread] DEBUG    >>> classify | key=G, enforce_focus=True, move_in_progress=False, has_session=True
09:18:09.090 [MainThread] DEBUG        [classify] action=start_move, current_image=FRE0610_H4F156FDF12_F6570_FRV6802026_T_762.317671_1143.017376_0269834_0245744_20260826_000819.jpg
09:18:09.100 [MainThread] DEBUG    >>> _handle_classify_finished | has_record=True, has_error=False, record_key=G, record_category=TP_GE
09:18:09.101 [MainThread] DEBUG        [_handle_classify_finished] action=sync_after_session_change
09:18:09.105 [MainThread] DEBUG    >>> _load_current_image | current=FRE0620_H4F066HDF06_F6570_FUN6632011_R_401.314228_-36.016886_0083300_0160189_20260824_063735.jpg, previous=FRE0610_H4F156FDF12_F6570_FRV6802026_T_762.317671_1143.017376_0269834_0245744_20260826_000819.jpg
09:18:09.105 [MainThread] DEBUG        [_load_current_image] action=load, path=FRE0620_H4F066HDF06_F6570_FUN6632011_R_401.314228_-36.016886_0083300_0160189_20260824_063735.jpg
09:18:09.105 [MainThread] DEBUG    >>> _abort_hq | old_token=1435, active_hq=0
09:18:09.105 [MainThread] DEBUG    >>> load_image | token=212, path=FRE0620_H4F066HDF06_F6570_FUN6632011_R_401.314228_-36.016886_0083300_0160189_20260824_063735.jpg, has_image=True, active_threads=0, hq_threads=0
09:18:09.108 [Dummy-239 ] DEBUG        [Thread-212] ImageLoad.start | path=FRE0620_H4F066HDF06_F6570_FUN6632011_R_401.314228_-36.016886_0083300_0160189_20260824_063735.jpg
09:18:09.194 [Dummy-239 ] DEBUG        [Thread-212] ImageLoad.success | size=2447x2047
09:18:09.214 [MainThread] DEBUG    >>> _handle_image_loaded | token=212, current_token=212, path=FRE0620_H4F066HDF06_F6570_FUN6632011_R_401.314228_-36.016886_0083300_0160189_20260824_063735.jpg, has_error=False, image_valid=True
09:18:09.216 [MainThread] DEBUG    >>> _abort_hq | old_token=1436, active_hq=0
09:18:09.216 [MainThread] DEBUG        [_handle_image_loaded] action=create_pixmap, size=2447x2047
09:18:09.217 [MainThread] DEBUG        [_handle_image_loaded] action=fit_to_window
09:18:09.217 [MainThread] DEBUG    >>> _abort_hq | old_token=1437, active_hq=0
09:18:09.359 [MainThread] DEBUG    >>> _start_hq_resize | token=1439, target=1056x883, source=2447x2047
09:18:09.360 [Dummy-61  ] DEBUG        [Thread-1439] HqResize.start | target=1056x883
09:18:09.514 [Dummy-61  ] DEBUG        [Thread-1439] HqResize.success | scale=0.432
09:18:09.514 [Dummy-61  ] DEBUG    >>> _cleanup_hq_thread_early | token=1439
09:18:09.514 [MainThread] DEBUG    >>> _handle_hq_resized | token=1439, current_token=1439, has_error=False, image_valid=True, has_image=True
09:18:09.515 [MainThread] DEBUG        [_handle_hq_resized] action=swap_pixmap, scale=0.4315, size=1056x883
09:18:09.516 [MainThread] DEBUG    >>> _swap_pixmap_preserving_view | old_scale=1.0000, new_scale=0.4315, pixmap_size=1056x883
09:18:09.517 [MainThread] DEBUG        [_swap_pixmap] anchor=(1221.7, 1024.7)
09:18:09.517 [MainThread] DEBUG        [_swap_pixmap] status=success
09:18:11.169 [MainThread] DEBUG    >>> _load_current_image | current=FRE0610_H4F156FDF12_F6570_FRV6802026_T_762.317671_1143.017376_0269834_0245744_20260826_000819.jpg, previous=FRE0620_H4F066HDF06_F6570_FUN6632011_R_401.314228_-36.016886_0083300_0160189_20260824_063735.jpg
09:18:11.170 [MainThread] DEBUG        [_load_current_image] action=load, path=FRE0610_H4F156FDF12_F6570_FRV6802026_T_762.317671_1143.017376_0269834_0245744_20260826_000819.jpg
09:18:11.170 [MainThread] DEBUG    >>> _abort_hq | old_token=1439, active_hq=0
09:18:11.170 [MainThread] DEBUG    >>> load_image | token=213, path=FRE0610_H4F156FDF12_F6570_FRV6802026_T_762.317671_1143.017376_0269834_0245744_20260826_000819.jpg, has_image=True, active_threads=0, hq_threads=0
09:18:11.176 [Dummy-330 ] DEBUG        [Thread-213] ImageLoad.start | path=FRE0610_H4F156FDF12_F6570_FRV6802026_T_762.317671_1143.017376_0269834_0245744_20260826_000819.jpg
09:18:11.263 [Dummy-330 ] DEBUG        [Thread-213] ImageLoad.success | size=2447x2047
09:18:11.282 [MainThread] DEBUG    >>> _handle_image_loaded | token=213, current_token=213, path=FRE0610_H4F156FDF12_F6570_FRV6802026_T_762.317671_1143.017376_0269834_0245744_20260826_000819.jpg, has_error=False, image_valid=True
09:18:11.284 [MainThread] DEBUG    >>> _abort_hq | old_token=1440, active_hq=0
09:18:11.284 [MainThread] DEBUG        [_handle_image_loaded] action=create_pixmap, size=2447x2047
09:18:11.285 [MainThread] DEBUG        [_handle_image_loaded] action=fit_to_window
09:18:11.285 [MainThread] DEBUG    >>> _abort_hq | old_token=1441, active_hq=0
09:18:11.285 [MainThread] DEBUG    >>> classify | key=s, enforce_focus=True, move_in_progress=False, has_session=True
09:18:11.285 [MainThread] DEBUG        [classify] action=start_move, current_image=FRE0610_H4F156FDF12_F6570_FRV6802026_T_762.317671_1143.017376_0269834_0245744_20260826_000819.jpg
09:18:11.297 [MainThread] DEBUG    >>> _handle_classify_finished | has_record=True, has_error=False, record_key=s, record_category=SP
09:18:11.297 [MainThread] DEBUG        [_handle_classify_finished] action=sync_after_session_change
09:18:11.299 [MainThread] DEBUG    >>> _load_current_image | current=FRE0620_H4F066HDF06_F6570_FUN6632011_R_401.314228_-36.016886_0083300_0160189_20260824_063735.jpg, previous=FRE0610_H4F156FDF12_F6570_FRV6802026_T_762.317671_1143.017376_0269834_0245744_20260826_000819.jpg
09:18:11.299 [MainThread] DEBUG        [_load_current_image] action=load, path=FRE0620_H4F066HDF06_F6570_FUN6632011_R_401.314228_-36.016886_0083300_0160189_20260824_063735.jpg
09:18:11.299 [MainThread] DEBUG    >>> _abort_hq | old_token=1442, active_hq=0
09:18:11.299 [MainThread] DEBUG    >>> load_image | token=214, path=FRE0620_H4F066HDF06_F6570_FUN6632011_R_401.314228_-36.016886_0083300_0160189_20260824_063735.jpg, has_image=True, active_threads=0, hq_threads=0
09:18:11.300 [Dummy-242 ] DEBUG        [Thread-214] ImageLoad.start | path=FRE0620_H4F066HDF06_F6570_FUN6632011_R_401.314228_-36.016886_0083300_0160189_20260824_063735.jpg
09:18:11.371 [Dummy-242 ] DEBUG        [Thread-214] ImageLoad.success | size=2447x2047
09:18:11.390 [MainThread] DEBUG    >>> _handle_image_loaded | token=214, current_token=214, path=FRE0620_H4F066HDF06_F6570_FUN6632011_R_401.314228_-36.016886_0083300_0160189_20260824_063735.jpg, has_error=False, image_valid=True
09:18:11.390 [MainThread] DEBUG    >>> _abort_hq | old_token=1443, active_hq=0
09:18:11.390 [MainThread] DEBUG        [_handle_image_loaded] action=create_pixmap, size=2447x2047
09:18:11.392 [MainThread] DEBUG        [_handle_image_loaded] action=fit_to_window
09:18:11.392 [MainThread] DEBUG    >>> _abort_hq | old_token=1444, active_hq=0
09:18:11.540 [MainThread] DEBUG    >>> _start_hq_resize | token=1446, target=1056x883, source=2447x2047
09:18:11.543 [Dummy-331 ] DEBUG        [Thread-1446] HqResize.start | target=1056x883
09:18:11.723 [Dummy-331 ] DEBUG        [Thread-1446] HqResize.success | scale=0.432
09:18:11.723 [Dummy-331 ] DEBUG    >>> _cleanup_hq_thread_early | token=1446
09:18:11.723 [MainThread] DEBUG    >>> _handle_hq_resized | token=1446, current_token=1446, has_error=False, image_valid=True, has_image=True
09:18:11.723 [MainThread] DEBUG        [_handle_hq_resized] action=swap_pixmap, scale=0.4315, size=1056x883
09:18:11.725 [MainThread] DEBUG    >>> _swap_pixmap_preserving_view | old_scale=1.0000, new_scale=0.4315, pixmap_size=1056x883
09:18:11.726 [MainThread] DEBUG        [_swap_pixmap] anchor=(1221.7, 1024.7)
09:18:11.726 [MainThread] DEBUG        [_swap_pixmap] status=success
09:18:12.914 [MainThread] DEBUG    >>> classify | key=G, enforce_focus=True, move_in_progress=False, has_session=True
09:18:12.914 [MainThread] DEBUG        [classify] action=start_move, current_image=FRE0620_H4F066HDF06_F6570_FUN6632011_R_401.314228_-36.016886_0083300_0160189_20260824_063735.jpg
09:18:12.934 [MainThread] DEBUG    >>> _handle_classify_finished | has_record=True, has_error=False, record_key=G, record_category=TP_GE
09:18:12.935 [MainThread] DEBUG        [_handle_classify_finished] action=sync_after_session_change
09:18:12.940 [MainThread] DEBUG    >>> _load_current_image | current=FRE0730_H4F065HDF09_F6570_FVJ6803750_R_-48.931771_1196.579855_0194923_0160189_20260829_064226.jpg, previous=FRE0620_H4F066HDF06_F6570_FUN6632011_R_401.314228_-36.016886_0083300_0160189_20260824_063735.jpg
09:18:12.940 [MainThread] DEBUG        [_load_current_image] action=load, path=FRE0730_H4F065HDF09_F6570_FVJ6803750_R_-48.931771_1196.579855_0194923_0160189_20260829_064226.jpg
09:18:12.940 [MainThread] DEBUG    >>> _abort_hq | old_token=1446, active_hq=0
09:18:12.941 [MainThread] DEBUG    >>> load_image | token=215, path=FRE0730_H4F065HDF09_F6570_FVJ6803750_R_-48.931771_1196.579855_0194923_0160189_20260829_064226.jpg, has_image=True, active_threads=0, hq_threads=0
09:18:12.945 [Dummy-332 ] DEBUG        [Thread-215] ImageLoad.start | path=FRE0730_H4F065HDF09_F6570_FVJ6803750_R_-48.931771_1196.579855_0194923_0160189_20260829_064226.jpg
09:18:13.036 [Dummy-332 ] DEBUG        [Thread-215] ImageLoad.success | size=2447x2047
09:18:13.055 [MainThread] DEBUG    >>> _handle_image_loaded | token=215, current_token=215, path=FRE0730_H4F065HDF09_F6570_FVJ6803750_R_-48.931771_1196.579855_0194923_0160189_20260829_064226.jpg, has_error=False, image_valid=True
09:18:13.056 [MainThread] DEBUG    >>> _abort_hq | old_token=1447, active_hq=0
09:18:13.056 [MainThread] DEBUG        [_handle_image_loaded] action=create_pixmap, size=2447x2047
09:18:13.057 [MainThread] DEBUG        [_handle_image_loaded] action=fit_to_window
09:18:13.057 [MainThread] DEBUG    >>> _abort_hq | old_token=1448, active_hq=0
09:18:13.210 [MainThread] DEBUG    >>> _start_hq_resize | token=1450, target=1056x883, source=2447x2047
09:18:13.211 [Dummy-245 ] DEBUG        [Thread-1450] HqResize.start | target=1056x883
09:18:13.360 [Dummy-245 ] DEBUG        [Thread-1450] HqResize.success | scale=0.432
09:18:13.360 [Dummy-245 ] DEBUG    >>> _cleanup_hq_thread_early | token=1450
09:18:13.360 [MainThread] DEBUG    >>> _handle_hq_resized | token=1450, current_token=1450, has_error=False, image_valid=True, has_image=True
09:18:13.361 [MainThread] DEBUG        [_handle_hq_resized] action=swap_pixmap, scale=0.4315, size=1056x883
09:18:13.363 [MainThread] DEBUG    >>> _swap_pixmap_preserving_view | old_scale=1.0000, new_scale=0.4315, pixmap_size=1056x883
09:18:13.363 [MainThread] DEBUG        [_swap_pixmap] anchor=(1221.7, 1024.7)
09:18:13.363 [MainThread] DEBUG        [_swap_pixmap] status=success
09:18:13.828 [MainThread] DEBUG    >>> _load_current_image | current=FRE0620_H4F066HDF06_F6570_FUN6632011_R_401.314228_-36.016886_0083300_0160189_20260824_063735.jpg, previous=FRE0730_H4F065HDF09_F6570_FVJ6803750_R_-48.931771_1196.579855_0194923_0160189_20260829_064226.jpg
09:18:13.829 [MainThread] DEBUG        [_load_current_image] action=load, path=FRE0620_H4F066HDF06_F6570_FUN6632011_R_401.314228_-36.016886_0083300_0160189_20260824_063735.jpg
09:18:13.829 [MainThread] DEBUG    >>> _abort_hq | old_token=1450, active_hq=0
09:18:13.829 [MainThread] DEBUG    >>> load_image | token=216, path=FRE0620_H4F066HDF06_F6570_FUN6632011_R_401.314228_-36.016886_0083300_0160189_20260824_063735.jpg, has_image=True, active_threads=0, hq_threads=0
09:18:13.830 [Dummy-333 ] DEBUG        [Thread-216] ImageLoad.start | path=FRE0620_H4F066HDF06_F6570_FUN6632011_R_401.314228_-36.016886_0083300_0160189_20260824_063735.jpg
09:18:13.906 [Dummy-333 ] DEBUG        [Thread-216] ImageLoad.success | size=2447x2047
09:18:13.926 [MainThread] DEBUG    >>> _handle_image_loaded | token=216, current_token=216, path=FRE0620_H4F066HDF06_F6570_FUN6632011_R_401.314228_-36.016886_0083300_0160189_20260824_063735.jpg, has_error=False, image_valid=True
09:18:13.927 [MainThread] DEBUG    >>> _abort_hq | old_token=1451, active_hq=0
09:18:13.927 [MainThread] DEBUG        [_handle_image_loaded] action=create_pixmap, size=2447x2047
09:18:13.928 [MainThread] DEBUG        [_handle_image_loaded] action=fit_to_window
09:18:13.928 [MainThread] DEBUG    >>> _abort_hq | old_token=1452, active_hq=0
09:18:14.075 [MainThread] DEBUG    >>> _start_hq_resize | token=1454, target=1056x883, source=2447x2047
09:18:14.079 [Dummy-103 ] DEBUG        [Thread-1454] HqResize.start | target=1056x883
09:18:14.248 [Dummy-103 ] DEBUG        [Thread-1454] HqResize.success | scale=0.432
09:18:14.248 [Dummy-103 ] DEBUG    >>> _cleanup_hq_thread_early | token=1454
09:18:14.248 [MainThread] DEBUG    >>> _handle_hq_resized | token=1454, current_token=1454, has_error=False, image_valid=True, has_image=True
09:18:14.248 [MainThread] DEBUG        [_handle_hq_resized] action=swap_pixmap, scale=0.4315, size=1056x883
09:18:14.251 [MainThread] DEBUG    >>> _swap_pixmap_preserving_view | old_scale=1.0000, new_scale=0.4315, pixmap_size=1056x883
09:18:14.251 [MainThread] DEBUG        [_swap_pixmap] anchor=(1221.7, 1024.7)
09:18:14.251 [MainThread] DEBUG        [_swap_pixmap] status=success
09:18:17.265 [MainThread] DEBUG    >>> classify | key=G, enforce_focus=True, move_in_progress=False, has_session=True
09:18:17.265 [MainThread] DEBUG        [classify] action=start_move, current_image=FRE0620_H4F066HDF06_F6570_FUN6632011_R_401.314228_-36.016886_0083300_0160189_20260824_063735.jpg
09:18:17.274 [MainThread] DEBUG    >>> _handle_classify_finished | has_record=True, has_error=False, record_key=G, record_category=TP_GE
09:18:17.275 [MainThread] DEBUG        [_handle_classify_finished] action=sync_after_session_change
09:18:17.276 [MainThread] DEBUG    >>> _load_current_image | current=FRE0730_H4F065HDF09_F6570_FVJ6803750_R_-48.931771_1196.579855_0194923_0160189_20260829_064226.jpg, previous=FRE0620_H4F066HDF06_F6570_FUN6632011_R_401.314228_-36.016886_0083300_0160189_20260824_063735.jpg
09:18:17.276 [MainThread] DEBUG        [_load_current_image] action=load, path=FRE0730_H4F065HDF09_F6570_FVJ6803750_R_-48.931771_1196.579855_0194923_0160189_20260829_064226.jpg
09:18:17.276 [MainThread] DEBUG    >>> _abort_hq | old_token=1454, active_hq=0
09:18:17.276 [MainThread] DEBUG    >>> load_image | token=217, path=FRE0730_H4F065HDF09_F6570_FVJ6803750_R_-48.931771_1196.579855_0194923_0160189_20260829_064226.jpg, has_image=True, active_threads=0, hq_threads=0
09:18:17.278 [Dummy-248 ] DEBUG        [Thread-217] ImageLoad.start | path=FRE0730_H4F065HDF09_F6570_FVJ6803750_R_-48.931771_1196.579855_0194923_0160189_20260829_064226.jpg
09:18:17.354 [Dummy-248 ] DEBUG        [Thread-217] ImageLoad.success | size=2447x2047
09:18:17.373 [MainThread] DEBUG    >>> _handle_image_loaded | token=217, current_token=217, path=FRE0730_H4F065HDF09_F6570_FVJ6803750_R_-48.931771_1196.579855_0194923_0160189_20260829_064226.jpg, has_error=False, image_valid=True
09:18:17.375 [MainThread] DEBUG    >>> _abort_hq | old_token=1455, active_hq=0
09:18:17.375 [MainThread] DEBUG        [_handle_image_loaded] action=create_pixmap, size=2447x2047
09:18:17.375 [MainThread] DEBUG        [_handle_image_loaded] action=fit_to_window
09:18:17.375 [MainThread] DEBUG    >>> _abort_hq | old_token=1456, active_hq=0
09:18:17.529 [MainThread] DEBUG    >>> _start_hq_resize | token=1458, target=1056x883, source=2447x2047
09:18:17.530 [Dummy-60  ] DEBUG        [Thread-1458] HqResize.start | target=1056x883
09:18:17.676 [Dummy-60  ] DEBUG        [Thread-1458] HqResize.success | scale=0.432
09:18:17.676 [Dummy-60  ] DEBUG    >>> _cleanup_hq_thread_early | token=1458
09:18:17.676 [MainThread] DEBUG    >>> _handle_hq_resized | token=1458, current_token=1458, has_error=False, image_valid=True, has_image=True
09:18:17.676 [MainThread] DEBUG        [_handle_hq_resized] action=swap_pixmap, scale=0.4315, size=1056x883
09:18:17.678 [MainThread] DEBUG    >>> _swap_pixmap_preserving_view | old_scale=1.0000, new_scale=0.4315, pixmap_size=1056x883
09:18:17.678 [MainThread] DEBUG        [_swap_pixmap] anchor=(1221.7, 1024.7)
09:18:17.679 [MainThread] DEBUG        [_swap_pixmap] status=success
09:18:23.256 [MainThread] DEBUG    >>> classify | key=G, enforce_focus=True, move_in_progress=False, has_session=True
09:18:23.257 [MainThread] DEBUG        [classify] action=start_move, current_image=FRE0730_H4F065HDF09_F6570_FVJ6803750_R_-48.931771_1196.579855_0194923_0160189_20260829_064226.jpg
09:18:23.270 [MainThread] DEBUG    >>> _handle_classify_finished | has_record=True, has_error=False, record_key=G, record_category=TP_GE
09:18:23.270 [MainThread] DEBUG        [_handle_classify_finished] action=sync_after_session_change
09:18:23.273 [MainThread] DEBUG    >>> _load_current_image | current=FRE0740_H4F065HDF13_F6570_FUQ6804424_R_-23.020320_194.555848_0194923_0245744_20260904_031510.jpg, previous=FRE0730_H4F065HDF09_F6570_FVJ6803750_R_-48.931771_1196.579855_0194923_0160189_20260829_064226.jpg
09:18:23.273 [MainThread] DEBUG        [_load_current_image] action=load, path=FRE0740_H4F065HDF13_F6570_FUQ6804424_R_-23.020320_194.555848_0194923_0245744_20260904_031510.jpg
09:18:23.273 [MainThread] DEBUG    >>> _abort_hq | old_token=1458, active_hq=0
09:18:23.273 [MainThread] DEBUG    >>> load_image | token=218, path=FRE0740_H4F065HDF13_F6570_FUQ6804424_R_-23.020320_194.555848_0194923_0245744_20260904_031510.jpg, has_image=True, active_threads=0, hq_threads=0
09:18:23.276 [Dummy-249 ] DEBUG        [Thread-218] ImageLoad.start | path=FRE0740_H4F065HDF13_F6570_FUQ6804424_R_-23.020320_194.555848_0194923_0245744_20260904_031510.jpg
09:18:23.361 [Dummy-249 ] DEBUG        [Thread-218] ImageLoad.success | size=2447x2047
09:18:23.380 [MainThread] DEBUG    >>> _handle_image_loaded | token=218, current_token=218, path=FRE0740_H4F065HDF13_F6570_FUQ6804424_R_-23.020320_194.555848_0194923_0245744_20260904_031510.jpg, has_error=False, image_valid=True
09:18:23.382 [MainThread] DEBUG    >>> _abort_hq | old_token=1459, active_hq=0
09:18:23.382 [MainThread] DEBUG        [_handle_image_loaded] action=create_pixmap, size=2447x2047
09:18:23.383 [MainThread] DEBUG        [_handle_image_loaded] action=fit_to_window
09:18:23.383 [MainThread] DEBUG    >>> _abort_hq | old_token=1460, active_hq=0
09:18:23.529 [MainThread] DEBUG    >>> _start_hq_resize | token=1462, target=1056x883, source=2447x2047
09:18:23.532 [Dummy-250 ] DEBUG        [Thread-1462] HqResize.start | target=1056x883
09:18:23.689 [Dummy-250 ] DEBUG        [Thread-1462] HqResize.success | scale=0.432
09:18:23.689 [Dummy-250 ] DEBUG    >>> _cleanup_hq_thread_early | token=1462
09:18:23.690 [MainThread] DEBUG    >>> _handle_hq_resized | token=1462, current_token=1462, has_error=False, image_valid=True, has_image=True
09:18:23.690 [MainThread] DEBUG        [_handle_hq_resized] action=swap_pixmap, scale=0.4315, size=1056x883
09:18:23.692 [MainThread] DEBUG    >>> _swap_pixmap_preserving_view | old_scale=1.0000, new_scale=0.4315, pixmap_size=1056x883
09:18:23.692 [MainThread] DEBUG        [_swap_pixmap] anchor=(1221.7, 1024.7)
09:18:23.693 [MainThread] DEBUG        [_swap_pixmap] status=success
09:18:24.380 [MainThread] DEBUG    >>> classify | key=G, enforce_focus=True, move_in_progress=False, has_session=True
09:18:24.381 [MainThread] DEBUG        [classify] action=start_move, current_image=FRE0740_H4F065HDF13_F6570_FUQ6804424_R_-23.020320_194.555848_0194923_0245744_20260904_031510.jpg
09:18:24.394 [MainThread] DEBUG    >>> _handle_classify_finished | has_record=True, has_error=False, record_key=G, record_category=TP_GE
09:18:24.394 [MainThread] DEBUG        [_handle_classify_finished] action=sync_after_session_change
09:18:24.397 [MainThread] DEBUG    >>> _load_current_image | current=FRE0820_H4F067HDF11_F6570_FFE6801748_T_-1080.055719_554.304375_0213203_0153560_20260826_080430.jpg, previous=FRE0740_H4F065HDF13_F6570_FUQ6804424_R_-23.020320_194.555848_0194923_0245744_20260904_031510.jpg
09:18:24.397 [MainThread] DEBUG        [_load_current_image] action=load, path=FRE0820_H4F067HDF11_F6570_FFE6801748_T_-1080.055719_554.304375_0213203_0153560_20260826_080430.jpg
09:18:24.397 [MainThread] DEBUG    >>> _abort_hq | old_token=1462, active_hq=0
09:18:24.397 [MainThread] DEBUG    >>> load_image | token=219, path=FRE0820_H4F067HDF11_F6570_FFE6801748_T_-1080.055719_554.304375_0213203_0153560_20260826_080430.jpg, has_image=True, active_threads=0, hq_threads=0
09:18:24.400 [Dummy-334 ] DEBUG        [Thread-219] ImageLoad.start | path=FRE0820_H4F067HDF11_F6570_FFE6801748_T_-1080.055719_554.304375_0213203_0153560_20260826_080430.jpg
09:18:24.479 [Dummy-334 ] DEBUG        [Thread-219] ImageLoad.success | size=2447x2047
09:18:24.500 [MainThread] DEBUG    >>> _handle_image_loaded | token=219, current_token=219, path=FRE0820_H4F067HDF11_F6570_FFE6801748_T_-1080.055719_554.304375_0213203_0153560_20260826_080430.jpg, has_error=False, image_valid=True
09:18:24.502 [MainThread] DEBUG    >>> _abort_hq | old_token=1463, active_hq=0
09:18:24.502 [MainThread] DEBUG        [_handle_image_loaded] action=create_pixmap, size=2447x2047
09:18:24.502 [MainThread] DEBUG        [_handle_image_loaded] action=fit_to_window
09:18:24.503 [MainThread] DEBUG    >>> _abort_hq | old_token=1464, active_hq=0
09:18:24.659 [MainThread] DEBUG    >>> _start_hq_resize | token=1466, target=1056x883, source=2447x2047
09:18:24.662 [Dummy-335 ] DEBUG        [Thread-1466] HqResize.start | target=1056x883
09:18:24.835 [Dummy-335 ] DEBUG        [Thread-1466] HqResize.success | scale=0.432
09:18:24.835 [MainThread] DEBUG    >>> _handle_hq_resized | token=1466, current_token=1466, has_error=False, image_valid=True, has_image=True
09:18:24.835 [Dummy-335 ] DEBUG    >>> _cleanup_hq_thread_early | token=1466
09:18:24.835 [MainThread] DEBUG        [_handle_hq_resized] action=swap_pixmap, scale=0.4315, size=1056x883
09:18:24.837 [MainThread] DEBUG    >>> _swap_pixmap_preserving_view | old_scale=1.0000, new_scale=0.4315, pixmap_size=1056x883
09:18:24.837 [MainThread] DEBUG        [_swap_pixmap] anchor=(1221.7, 1024.7)
09:18:24.838 [MainThread] DEBUG        [_swap_pixmap] status=success
09:18:25.538 [MainThread] DEBUG    >>> classify | key=c, enforce_focus=True, move_in_progress=False, has_session=True
09:18:25.538 [MainThread] DEBUG        [classify] action=start_move, current_image=FRE0820_H4F067HDF11_F6570_FFE6801748_T_-1080.055719_554.304375_0213203_0153560_20260826_080430.jpg
09:18:25.558 [MainThread] DEBUG    >>> _handle_classify_finished | has_record=True, has_error=False, record_key=c, record_category=BC
09:18:25.559 [MainThread] DEBUG        [_handle_classify_finished] action=sync_after_session_change
09:18:25.563 [MainThread] DEBUG    >>> _load_current_image | current=FRE0820_H4F067HDF11_F6570_FFE6801748_T_-1080.067719_554.301375_0213203_0153560_20260826_080418.jpg, previous=FRE0820_H4F067HDF11_F6570_FFE6801748_T_-1080.055719_554.304375_0213203_0153560_20260826_080430.jpg
09:18:25.563 [MainThread] DEBUG        [_load_current_image] action=load, path=FRE0820_H4F067HDF11_F6570_FFE6801748_T_-1080.067719_554.301375_0213203_0153560_20260826_080418.jpg
09:18:25.563 [MainThread] DEBUG    >>> _abort_hq | old_token=1466, active_hq=0
09:18:25.564 [MainThread] DEBUG    >>> load_image | token=220, path=FRE0820_H4F067HDF11_F6570_FFE6801748_T_-1080.067719_554.301375_0213203_0153560_20260826_080418.jpg, has_image=True, active_threads=0, hq_threads=0
09:18:25.569 [Dummy-336 ] DEBUG        [Thread-220] ImageLoad.start | path=FRE0820_H4F067HDF11_F6570_FFE6801748_T_-1080.067719_554.301375_0213203_0153560_20260826_080418.jpg
09:18:25.656 [Dummy-336 ] DEBUG        [Thread-220] ImageLoad.success | size=2447x2047
09:18:25.675 [MainThread] DEBUG    >>> _handle_image_loaded | token=220, current_token=220, path=FRE0820_H4F067HDF11_F6570_FFE6801748_T_-1080.067719_554.301375_0213203_0153560_20260826_080418.jpg, has_error=False, image_valid=True
09:18:25.677 [MainThread] DEBUG    >>> _abort_hq | old_token=1467, active_hq=0
09:18:25.677 [MainThread] DEBUG        [_handle_image_loaded] action=create_pixmap, size=2447x2047
09:18:25.677 [MainThread] DEBUG        [_handle_image_loaded] action=fit_to_window
09:18:25.677 [MainThread] DEBUG    >>> _abort_hq | old_token=1468, active_hq=0
09:18:25.819 [MainThread] DEBUG    >>> _start_hq_resize | token=1470, target=1056x883, source=2447x2047
09:18:25.820 [Dummy-337 ] DEBUG        [Thread-1470] HqResize.start | target=1056x883
09:18:25.967 [Dummy-337 ] DEBUG        [Thread-1470] HqResize.success | scale=0.432
09:18:25.967 [Dummy-337 ] DEBUG    >>> _cleanup_hq_thread_early | token=1470
09:18:25.967 [MainThread] DEBUG    >>> _handle_hq_resized | token=1470, current_token=1470, has_error=False, image_valid=True, has_image=True
09:18:25.967 [MainThread] DEBUG        [_handle_hq_resized] action=swap_pixmap, scale=0.4315, size=1056x883
09:18:25.969 [MainThread] DEBUG    >>> _swap_pixmap_preserving_view | old_scale=1.0000, new_scale=0.4315, pixmap_size=1056x883
09:18:25.969 [MainThread] DEBUG        [_swap_pixmap] anchor=(1221.7, 1024.7)
09:18:25.970 [MainThread] DEBUG        [_swap_pixmap] status=success
09:18:26.273 [MainThread] DEBUG    >>> classify | key=c, enforce_focus=True, move_in_progress=False, has_session=True
09:18:26.274 [MainThread] DEBUG        [classify] action=start_move, current_image=FRE0820_H4F067HDF11_F6570_FFE6801748_T_-1080.067719_554.301375_0213203_0153560_20260826_080418.jpg
09:18:26.298 [MainThread] DEBUG    >>> _handle_classify_finished | has_record=True, has_error=False, record_key=c, record_category=BC
09:18:26.299 [MainThread] DEBUG        [_handle_classify_finished] action=sync_after_session_change
09:18:26.302 [MainThread] DEBUG    >>> _load_current_image | current=FRE0830_H4F066HDF06_F6570_FUN6817306_T_-938.108683_305.349519_0068403_0213203_20260825_195810.jpg, previous=FRE0820_H4F067HDF11_F6570_FFE6801748_T_-1080.067719_554.301375_0213203_0153560_20260826_080418.jpg
09:18:26.302 [MainThread] DEBUG        [_load_current_image] action=load, path=FRE0830_H4F066HDF06_F6570_FUN6817306_T_-938.108683_305.349519_0068403_0213203_20260825_195810.jpg
09:18:26.302 [MainThread] DEBUG    >>> _abort_hq | old_token=1470, active_hq=0
09:18:26.303 [MainThread] DEBUG    >>> load_image | token=221, path=FRE0830_H4F066HDF06_F6570_FUN6817306_T_-938.108683_305.349519_0068403_0213203_20260825_195810.jpg, has_image=True, active_threads=0, hq_threads=0
09:18:26.305 [Dummy-338 ] DEBUG        [Thread-221] ImageLoad.start | path=FRE0830_H4F066HDF06_F6570_FUN6817306_T_-938.108683_305.349519_0068403_0213203_20260825_195810.jpg
09:18:26.387 [Dummy-338 ] DEBUG        [Thread-221] ImageLoad.success | size=2447x2047
09:18:26.408 [MainThread] DEBUG    >>> _handle_image_loaded | token=221, current_token=221, path=FRE0830_H4F066HDF06_F6570_FUN6817306_T_-938.108683_305.349519_0068403_0213203_20260825_195810.jpg, has_error=False, image_valid=True
09:18:26.410 [MainThread] DEBUG    >>> _abort_hq | old_token=1471, active_hq=0
09:18:26.410 [MainThread] DEBUG        [_handle_image_loaded] action=create_pixmap, size=2447x2047
09:18:26.410 [MainThread] DEBUG        [_handle_image_loaded] action=fit_to_window
09:18:26.410 [MainThread] DEBUG    >>> _abort_hq | old_token=1472, active_hq=0
09:18:26.554 [MainThread] DEBUG    >>> _start_hq_resize | token=1474, target=1056x883, source=2447x2047
09:18:26.555 [Dummy-252 ] DEBUG        [Thread-1474] HqResize.start | target=1056x883
09:18:26.706 [Dummy-252 ] DEBUG        [Thread-1474] HqResize.success | scale=0.432
09:18:26.707 [Dummy-252 ] DEBUG    >>> _cleanup_hq_thread_early | token=1474
09:18:26.707 [MainThread] DEBUG    >>> _handle_hq_resized | token=1474, current_token=1474, has_error=False, image_valid=True, has_image=True
09:18:26.707 [MainThread] DEBUG        [_handle_hq_resized] action=swap_pixmap, scale=0.4315, size=1056x883
09:18:26.709 [MainThread] DEBUG    >>> _swap_pixmap_preserving_view | old_scale=1.0000, new_scale=0.4315, pixmap_size=1056x883
09:18:26.709 [MainThread] DEBUG        [_swap_pixmap] anchor=(1221.7, 1024.7)
09:18:26.709 [MainThread] DEBUG        [_swap_pixmap] status=success
09:18:27.457 [MainThread] DEBUG    >>> classify | key=G, enforce_focus=True, move_in_progress=False, has_session=True
09:18:27.457 [MainThread] DEBUG        [classify] action=start_move, current_image=FRE0830_H4F066HDF06_F6570_FUN6817306_T_-938.108683_305.349519_0068403_0213203_20260825_195810.jpg
09:18:27.466 [MainThread] DEBUG    >>> _handle_classify_finished | has_record=True, has_error=False, record_key=G, record_category=TP_GE
09:18:27.466 [MainThread] DEBUG        [_handle_classify_finished] action=sync_after_session_change
09:18:27.467 [MainThread] DEBUG    >>> _load_current_image | current=FRE0840_H4F066HDF06_F6570_FUN6803801_R_-291.303034_-935.094222_0194923_0245744_20260825_212410.jpg, previous=FRE0830_H4F066HDF06_F6570_FUN6817306_T_-938.108683_305.349519_0068403_0213203_20260825_195810.jpg
09:18:27.468 [MainThread] DEBUG        [_load_current_image] action=load, path=FRE0840_H4F066HDF06_F6570_FUN6803801_R_-291.303034_-935.094222_0194923_0245744_20260825_212410.jpg
09:18:27.468 [MainThread] DEBUG    >>> _abort_hq | old_token=1474, active_hq=0
09:18:27.468 [MainThread] DEBUG    >>> load_image | token=222, path=FRE0840_H4F066HDF06_F6570_FUN6803801_R_-291.303034_-935.094222_0194923_0245744_20260825_212410.jpg, has_image=True, active_threads=0, hq_threads=0
09:18:27.470 [Dummy-14  ] DEBUG        [Thread-222] ImageLoad.start | path=FRE0840_H4F066HDF06_F6570_FUN6803801_R_-291.303034_-935.094222_0194923_0245744_20260825_212410.jpg
09:18:27.554 [Dummy-14  ] DEBUG        [Thread-222] ImageLoad.success | size=2447x2047
09:18:27.572 [MainThread] DEBUG    >>> _handle_image_loaded | token=222, current_token=222, path=FRE0840_H4F066HDF06_F6570_FUN6803801_R_-291.303034_-935.094222_0194923_0245744_20260825_212410.jpg, has_error=False, image_valid=True
09:18:27.573 [MainThread] DEBUG    >>> _abort_hq | old_token=1475, active_hq=0
09:18:27.573 [MainThread] DEBUG        [_handle_image_loaded] action=create_pixmap, size=2447x2047
09:18:27.574 [MainThread] DEBUG        [_handle_image_loaded] action=fit_to_window
09:18:27.574 [MainThread] DEBUG    >>> _abort_hq | old_token=1476, active_hq=0
09:18:27.735 [MainThread] DEBUG    >>> _start_hq_resize | token=1478, target=1056x883, source=2447x2047
09:18:27.739 [Dummy-253 ] DEBUG        [Thread-1478] HqResize.start | target=1056x883
09:18:27.897 [Dummy-253 ] DEBUG        [Thread-1478] HqResize.success | scale=0.432
09:18:27.897 [Dummy-253 ] DEBUG    >>> _cleanup_hq_thread_early | token=1478
09:18:27.897 [MainThread] DEBUG    >>> _handle_hq_resized | token=1478, current_token=1478, has_error=False, image_valid=True, has_image=True
09:18:27.897 [MainThread] DEBUG        [_handle_hq_resized] action=swap_pixmap, scale=0.4315, size=1056x883
09:18:27.899 [MainThread] DEBUG    >>> _swap_pixmap_preserving_view | old_scale=1.0000, new_scale=0.4315, pixmap_size=1056x883
09:18:27.899 [MainThread] DEBUG        [_swap_pixmap] anchor=(1221.7, 1024.7)
09:18:27.900 [MainThread] DEBUG        [_swap_pixmap] status=success
09:18:28.774 [MainThread] DEBUG    >>> classify | key=G, enforce_focus=True, move_in_progress=False, has_session=True
09:18:28.775 [MainThread] DEBUG        [classify] action=start_move, current_image=FRE0840_H4F066HDF06_F6570_FUN6803801_R_-291.303034_-935.094222_0194923_0245744_20260825_212410.jpg
09:18:28.793 [MainThread] DEBUG    >>> _handle_classify_finished | has_record=True, has_error=False, record_key=G, record_category=TP_GE
09:18:28.794 [MainThread] DEBUG        [_handle_classify_finished] action=sync_after_session_change
09:18:28.797 [MainThread] DEBUG    >>> _load_current_image | current=FRE0840_H4F067HDF11_F6570_FFE6806807_R_-866.300421_-301.909482_0160189_0269834_20260827_221200.jpg, previous=FRE0840_H4F066HDF06_F6570_FUN6803801_R_-291.303034_-935.094222_0194923_0245744_20260825_212410.jpg
09:18:28.797 [MainThread] DEBUG        [_load_current_image] action=load, path=FRE0840_H4F067HDF11_F6570_FFE6806807_R_-866.300421_-301.909482_0160189_0269834_20260827_221200.jpg
09:18:28.797 [MainThread] DEBUG    >>> _abort_hq | old_token=1478, active_hq=0
09:18:28.797 [MainThread] DEBUG    >>> load_image | token=223, path=FRE0840_H4F067HDF11_F6570_FFE6806807_R_-866.300421_-301.909482_0160189_0269834_20260827_221200.jpg, has_image=True, active_threads=0, hq_threads=0
09:18:28.800 [Dummy-254 ] DEBUG        [Thread-223] ImageLoad.start | path=FRE0840_H4F067HDF11_F6570_FFE6806807_R_-866.300421_-301.909482_0160189_0269834_20260827_221200.jpg
09:18:28.912 [Dummy-254 ] DEBUG        [Thread-223] ImageLoad.success | size=2447x2047
09:18:28.930 [MainThread] DEBUG    >>> _handle_image_loaded | token=223, current_token=223, path=FRE0840_H4F067HDF11_F6570_FFE6806807_R_-866.300421_-301.909482_0160189_0269834_20260827_221200.jpg, has_error=False, image_valid=True
09:18:28.932 [MainThread] DEBUG    >>> _abort_hq | old_token=1479, active_hq=0
09:18:28.932 [MainThread] DEBUG        [_handle_image_loaded] action=create_pixmap, size=2447x2047
09:18:28.932 [MainThread] DEBUG        [_handle_image_loaded] action=fit_to_window
09:18:28.932 [MainThread] DEBUG    >>> _abort_hq | old_token=1480, active_hq=0
09:18:29.087 [MainThread] DEBUG    >>> _start_hq_resize | token=1482, target=1056x883, source=2447x2047
09:18:29.088 [Dummy-339 ] DEBUG        [Thread-1482] HqResize.start | target=1056x883
09:18:29.236 [Dummy-339 ] DEBUG        [Thread-1482] HqResize.success | scale=0.432
09:18:29.237 [Dummy-339 ] DEBUG    >>> _cleanup_hq_thread_early | token=1482
09:18:29.237 [MainThread] DEBUG    >>> _handle_hq_resized | token=1482, current_token=1482, has_error=False, image_valid=True, has_image=True
09:18:29.237 [MainThread] DEBUG        [_handle_hq_resized] action=swap_pixmap, scale=0.4315, size=1056x883
09:18:29.239 [MainThread] DEBUG    >>> _swap_pixmap_preserving_view | old_scale=1.0000, new_scale=0.4315, pixmap_size=1056x883
09:18:29.239 [MainThread] DEBUG        [_swap_pixmap] anchor=(1221.7, 1024.7)
09:18:29.239 [MainThread] DEBUG        [_swap_pixmap] status=success
09:18:30.000 [MainThread] DEBUG    >>> classify | key=G, enforce_focus=True, move_in_progress=False, has_session=True
09:18:30.001 [MainThread] DEBUG        [classify] action=start_move, current_image=FRE0840_H4F067HDF11_F6570_FFE6806807_R_-866.300421_-301.909482_0160189_0269834_20260827_221200.jpg
09:18:30.023 [MainThread] DEBUG    >>> _handle_classify_finished | has_record=True, has_error=False, record_key=G, record_category=TP_GE
09:18:30.024 [MainThread] DEBUG        [_handle_classify_finished] action=sync_after_session_change
09:18:30.027 [MainThread] DEBUG    >>> _load_current_image | current=FRE0910_H4F238FDF10_F6570_FNK6822123_T_-726.335339_767.388473_0068176_0213203_20260831_115828.jpg, previous=FRE0840_H4F067HDF11_F6570_FFE6806807_R_-866.300421_-301.909482_0160189_0269834_20260827_221200.jpg
09:18:30.028 [MainThread] DEBUG        [_load_current_image] action=load, path=FRE0910_H4F238FDF10_F6570_FNK6822123_T_-726.335339_767.388473_0068176_0213203_20260831_115828.jpg
09:18:30.028 [MainThread] DEBUG    >>> _abort_hq | old_token=1482, active_hq=0
09:18:30.028 [MainThread] DEBUG    >>> load_image | token=224, path=FRE0910_H4F238FDF10_F6570_FNK6822123_T_-726.335339_767.388473_0068176_0213203_20260831_115828.jpg, has_image=True, active_threads=0, hq_threads=0
09:18:30.035 [Dummy-255 ] DEBUG        [Thread-224] ImageLoad.start | path=FRE0910_H4F238FDF10_F6570_FNK6822123_T_-726.335339_767.388473_0068176_0213203_20260831_115828.jpg
09:18:30.121 [Dummy-255 ] DEBUG        [Thread-224] ImageLoad.success | size=2447x2047
09:18:30.140 [MainThread] DEBUG    >>> _handle_image_loaded | token=224, current_token=224, path=FRE0910_H4F238FDF10_F6570_FNK6822123_T_-726.335339_767.388473_0068176_0213203_20260831_115828.jpg, has_error=False, image_valid=True
09:18:30.142 [MainThread] DEBUG    >>> _abort_hq | old_token=1483, active_hq=0
09:18:30.142 [MainThread] DEBUG        [_handle_image_loaded] action=create_pixmap, size=2447x2047
09:18:30.143 [MainThread] DEBUG        [_handle_image_loaded] action=fit_to_window
09:18:30.143 [MainThread] DEBUG    >>> _abort_hq | old_token=1484, active_hq=0
09:18:30.280 [MainThread] DEBUG    >>> _start_hq_resize | token=1486, target=1056x883, source=2447x2047
09:18:30.281 [Dummy-340 ] DEBUG        [Thread-1486] HqResize.start | target=1056x883
09:18:30.430 [Dummy-340 ] DEBUG        [Thread-1486] HqResize.success | scale=0.432
09:18:30.431 [Dummy-340 ] DEBUG    >>> _cleanup_hq_thread_early | token=1486
09:18:30.431 [MainThread] DEBUG    >>> _handle_hq_resized | token=1486, current_token=1486, has_error=False, image_valid=True, has_image=True
09:18:30.431 [MainThread] DEBUG        [_handle_hq_resized] action=swap_pixmap, scale=0.4315, size=1056x883
09:18:30.433 [MainThread] DEBUG    >>> _swap_pixmap_preserving_view | old_scale=1.0000, new_scale=0.4315, pixmap_size=1056x883
09:18:30.433 [MainThread] DEBUG        [_swap_pixmap] anchor=(1221.7, 1024.7)
09:18:30.434 [MainThread] DEBUG        [_swap_pixmap] status=success
09:18:31.225 [MainThread] DEBUG    >>> classify | key=k, enforce_focus=True, move_in_progress=False, has_session=True
09:18:31.226 [MainThread] DEBUG        [classify] action=start_move, current_image=FRE0910_H4F238FDF10_F6570_FNK6822123_T_-726.335339_767.388473_0068176_0213203_20260831_115828.jpg
09:18:31.250 [MainThread] DEBUG    >>> _handle_classify_finished | has_record=True, has_error=False, record_key=k, record_category=INK
09:18:31.251 [MainThread] DEBUG        [_handle_classify_finished] action=sync_after_session_change
09:18:31.253 [MainThread] DEBUG    >>> _load_current_image | current=FRE0910_H4F270FDF10_F6570_FLV6802514_T_-984.301312_-1021.446863_0152745_0069094_20260826_231420.jpg, previous=FRE0910_H4F238FDF10_F6570_FNK6822123_T_-726.335339_767.388473_0068176_0213203_20260831_115828.jpg
09:18:31.253 [MainThread] DEBUG        [_load_current_image] action=load, path=FRE0910_H4F270FDF10_F6570_FLV6802514_T_-984.301312_-1021.446863_0152745_0069094_20260826_231420.jpg
09:18:31.254 [MainThread] DEBUG    >>> _abort_hq | old_token=1486, active_hq=0
09:18:31.254 [MainThread] DEBUG    >>> load_image | token=225, path=FRE0910_H4F270FDF10_F6570_FLV6802514_T_-984.301312_-1021.446863_0152745_0069094_20260826_231420.jpg, has_image=True, active_threads=0, hq_threads=0
09:18:31.256 [Dummy-341 ] DEBUG        [Thread-225] ImageLoad.start | path=FRE0910_H4F270FDF10_F6570_FLV6802514_T_-984.301312_-1021.446863_0152745_0069094_20260826_231420.jpg
09:18:31.335 [Dummy-341 ] DEBUG        [Thread-225] ImageLoad.success | size=2447x2047
09:18:31.354 [MainThread] DEBUG    >>> _handle_image_loaded | token=225, current_token=225, path=FRE0910_H4F270FDF10_F6570_FLV6802514_T_-984.301312_-1021.446863_0152745_0069094_20260826_231420.jpg, has_error=False, image_valid=True
09:18:31.355 [MainThread] DEBUG    >>> _abort_hq | old_token=1487, active_hq=0
09:18:31.355 [MainThread] DEBUG        [_handle_image_loaded] action=create_pixmap, size=2447x2047
09:18:31.356 [MainThread] DEBUG        [_handle_image_loaded] action=fit_to_window
09:18:31.356 [MainThread] DEBUG    >>> _abort_hq | old_token=1488, active_hq=0
09:18:31.510 [MainThread] DEBUG    >>> _start_hq_resize | token=1490, target=1056x883, source=2447x2047
09:18:31.513 [Dummy-342 ] DEBUG        [Thread-1490] HqResize.start | target=1056x883
09:18:31.677 [Dummy-342 ] DEBUG        [Thread-1490] HqResize.success | scale=0.432
09:18:31.677 [Dummy-342 ] DEBUG    >>> _cleanup_hq_thread_early | token=1490
09:18:31.677 [MainThread] DEBUG    >>> _handle_hq_resized | token=1490, current_token=1490, has_error=False, image_valid=True, has_image=True
09:18:31.677 [MainThread] DEBUG        [_handle_hq_resized] action=swap_pixmap, scale=0.4315, size=1056x883
09:18:31.679 [MainThread] DEBUG    >>> _swap_pixmap_preserving_view | old_scale=1.0000, new_scale=0.4315, pixmap_size=1056x883
09:18:31.679 [MainThread] DEBUG        [_swap_pixmap] anchor=(1221.7, 1024.7)
09:18:31.680 [MainThread] DEBUG        [_swap_pixmap] status=success
09:18:32.881 [MainThread] DEBUG    >>> classify | key=s, enforce_focus=True, move_in_progress=False, has_session=True
09:18:32.881 [MainThread] DEBUG        [classify] action=start_move, current_image=FRE0910_H4F270FDF10_F6570_FLV6802514_T_-984.301312_-1021.446863_0152745_0069094_20260826_231420.jpg
09:18:32.893 [MainThread] DEBUG    >>> _handle_classify_finished | has_record=True, has_error=False, record_key=s, record_category=SP
09:18:32.894 [MainThread] DEBUG        [_handle_classify_finished] action=sync_after_session_change
09:18:32.896 [MainThread] DEBUG    >>> _load_current_image | current=FRE0920_H4F238FDF10_F6570_FNK6816002_T_1050.049148_-872.714463_0160189_0245744_20260831_031437.jpg, previous=FRE0910_H4F270FDF10_F6570_FLV6802514_T_-984.301312_-1021.446863_0152745_0069094_20260826_231420.jpg
09:18:32.897 [MainThread] DEBUG        [_load_current_image] action=load, path=FRE0920_H4F238FDF10_F6570_FNK6816002_T_1050.049148_-872.714463_0160189_0245744_20260831_031437.jpg
09:18:32.897 [MainThread] DEBUG    >>> _abort_hq | old_token=1490, active_hq=0
09:18:32.897 [MainThread] DEBUG    >>> load_image | token=226, path=FRE0920_H4F238FDF10_F6570_FNK6816002_T_1050.049148_-872.714463_0160189_0245744_20260831_031437.jpg, has_image=True, active_threads=0, hq_threads=0
09:18:32.900 [Dummy-343 ] DEBUG        [Thread-226] ImageLoad.start | path=FRE0920_H4F238FDF10_F6570_FNK6816002_T_1050.049148_-872.714463_0160189_0245744_20260831_031437.jpg
09:18:32.993 [Dummy-343 ] DEBUG        [Thread-226] ImageLoad.success | size=2447x2047
09:18:33.012 [MainThread] DEBUG    >>> _handle_image_loaded | token=226, current_token=226, path=FRE0920_H4F238FDF10_F6570_FNK6816002_T_1050.049148_-872.714463_0160189_0245744_20260831_031437.jpg, has_error=False, image_valid=True
09:18:33.014 [MainThread] DEBUG    >>> _abort_hq | old_token=1491, active_hq=0
09:18:33.014 [MainThread] DEBUG        [_handle_image_loaded] action=create_pixmap, size=2447x2047
09:18:33.014 [MainThread] DEBUG        [_handle_image_loaded] action=fit_to_window
09:18:33.015 [MainThread] DEBUG    >>> _abort_hq | old_token=1492, active_hq=0
09:18:33.164 [MainThread] DEBUG    >>> _start_hq_resize | token=1494, target=1056x883, source=2447x2047
09:18:33.165 [Dummy-344 ] DEBUG        [Thread-1494] HqResize.start | target=1056x883
09:18:33.314 [Dummy-344 ] DEBUG        [Thread-1494] HqResize.success | scale=0.432
09:18:33.314 [Dummy-344 ] DEBUG    >>> _cleanup_hq_thread_early | token=1494
09:18:33.315 [MainThread] DEBUG    >>> _handle_hq_resized | token=1494, current_token=1494, has_error=False, image_valid=True, has_image=True
09:18:33.315 [MainThread] DEBUG        [_handle_hq_resized] action=swap_pixmap, scale=0.4315, size=1056x883
09:18:33.317 [MainThread] DEBUG    >>> _swap_pixmap_preserving_view | old_scale=1.0000, new_scale=0.4315, pixmap_size=1056x883
09:18:33.317 [MainThread] DEBUG        [_swap_pixmap] anchor=(1221.7, 1024.7)
09:18:33.317 [MainThread] DEBUG        [_swap_pixmap] status=success
09:18:34.402 [MainThread] DEBUG    >>> next_image | current=8, requested=9, total=29
09:18:34.403 [MainThread] DEBUG    >>> _load_current_image | current=FRE0920_H4F270FDF14_F6570_FBE6801345_T_867.777967_-769.395692_0083290_0189957_20260824_163730.jpg, previous=FRE0920_H4F238FDF10_F6570_FNK6816002_T_1050.049148_-872.714463_0160189_0245744_20260831_031437.jpg
09:18:34.404 [MainThread] DEBUG        [_load_current_image] action=load, path=FRE0920_H4F270FDF14_F6570_FBE6801345_T_867.777967_-769.395692_0083290_0189957_20260824_163730.jpg
09:18:34.404 [MainThread] DEBUG    >>> _abort_hq | old_token=1494, active_hq=0
09:18:34.404 [MainThread] DEBUG    >>> load_image | token=227, path=FRE0920_H4F270FDF14_F6570_FBE6801345_T_867.777967_-769.395692_0083290_0189957_20260824_163730.jpg, has_image=True, active_threads=0, hq_threads=0
09:18:34.408 [Dummy-345 ] DEBUG        [Thread-227] ImageLoad.start | path=FRE0920_H4F270FDF14_F6570_FBE6801345_T_867.777967_-769.395692_0083290_0189957_20260824_163730.jpg
09:18:34.514 [Dummy-345 ] DEBUG        [Thread-227] ImageLoad.success | size=2447x2047
09:18:34.521 [MainThread] DEBUG    >>> _handle_image_loaded | token=227, current_token=227, path=FRE0920_H4F270FDF14_F6570_FBE6801345_T_867.777967_-769.395692_0083290_0189957_20260824_163730.jpg, has_error=False, image_valid=True
09:18:34.523 [MainThread] DEBUG    >>> _abort_hq | old_token=1495, active_hq=0
09:18:34.523 [MainThread] DEBUG        [_handle_image_loaded] action=create_pixmap, size=2447x2047
09:18:34.524 [MainThread] DEBUG        [_handle_image_loaded] action=fit_to_window
09:18:34.524 [MainThread] DEBUG    >>> _abort_hq | old_token=1496, active_hq=0
09:18:34.665 [MainThread] DEBUG    >>> _start_hq_resize | token=1498, target=1056x883, source=2447x2047
09:18:34.667 [Dummy-346 ] DEBUG        [Thread-1498] HqResize.start | target=1056x883
09:18:34.838 [Dummy-346 ] DEBUG        [Thread-1498] HqResize.success | scale=0.432
09:18:34.839 [Dummy-346 ] DEBUG    >>> _cleanup_hq_thread_early | token=1498
09:18:34.839 [MainThread] DEBUG    >>> _handle_hq_resized | token=1498, current_token=1498, has_error=False, image_valid=True, has_image=True
09:18:34.839 [MainThread] DEBUG        [_handle_hq_resized] action=swap_pixmap, scale=0.4315, size=1056x883
09:18:34.854 [MainThread] DEBUG    >>> _swap_pixmap_preserving_view | old_scale=1.0000, new_scale=0.4315, pixmap_size=1056x883
09:18:34.854 [MainThread] DEBUG        [_swap_pixmap] anchor=(1221.7, 1024.7)
09:18:34.854 [MainThread] DEBUG        [_swap_pixmap] status=success
09:18:35.601 [MainThread] DEBUG    >>> classify | key=G, enforce_focus=True, move_in_progress=False, has_session=True
09:18:35.602 [MainThread] DEBUG        [classify] action=start_move, current_image=FRE0920_H4F270FDF14_F6570_FBE6801345_T_867.777967_-769.395692_0083290_0189957_20260824_163730.jpg
09:18:35.620 [MainThread] DEBUG    >>> _handle_classify_finished | has_record=True, has_error=False, record_key=G, record_category=TP_GE
09:18:35.620 [MainThread] DEBUG        [_handle_classify_finished] action=sync_after_session_change
09:18:35.624 [MainThread] DEBUG    >>> _load_current_image | current=FRE0930_H4F270FDF14_F6570_FBE6800719_T_-129.601965_-926.244491_0083290_0189957_20260824_164706.jpg, previous=FRE0920_H4F270FDF14_F6570_FBE6801345_T_867.777967_-769.395692_0083290_0189957_20260824_163730.jpg
09:18:35.624 [MainThread] DEBUG        [_load_current_image] action=load, path=FRE0930_H4F270FDF14_F6570_FBE6800719_T_-129.601965_-926.244491_0083290_0189957_20260824_164706.jpg
09:18:35.624 [MainThread] DEBUG    >>> _abort_hq | old_token=1498, active_hq=0
09:18:35.625 [MainThread] DEBUG    >>> load_image | token=228, path=FRE0930_H4F270FDF14_F6570_FBE6800719_T_-129.601965_-926.244491_0083290_0189957_20260824_164706.jpg, has_image=True, active_threads=0, hq_threads=0
09:18:35.629 [Dummy-347 ] DEBUG        [Thread-228] ImageLoad.start | path=FRE0930_H4F270FDF14_F6570_FBE6800719_T_-129.601965_-926.244491_0083290_0189957_20260824_164706.jpg
09:18:35.735 [Dummy-347 ] DEBUG        [Thread-228] ImageLoad.success | size=2447x2047
09:18:35.752 [MainThread] DEBUG    >>> _handle_image_loaded | token=228, current_token=228, path=FRE0930_H4F270FDF14_F6570_FBE6800719_T_-129.601965_-926.244491_0083290_0189957_20260824_164706.jpg, has_error=False, image_valid=True
09:18:35.754 [MainThread] DEBUG    >>> _abort_hq | old_token=1499, active_hq=0
09:18:35.754 [MainThread] DEBUG        [_handle_image_loaded] action=create_pixmap, size=2447x2047
09:18:35.754 [MainThread] DEBUG        [_handle_image_loaded] action=fit_to_window
09:18:35.754 [MainThread] DEBUG    >>> _abort_hq | old_token=1500, active_hq=0
09:18:35.898 [MainThread] DEBUG    >>> _start_hq_resize | token=1502, target=1056x883, source=2447x2047
09:18:35.901 [Dummy-348 ] DEBUG        [Thread-1502] HqResize.start | target=1056x883
09:18:36.063 [Dummy-348 ] DEBUG        [Thread-1502] HqResize.success | scale=0.432
09:18:36.063 [Dummy-348 ] DEBUG    >>> _cleanup_hq_thread_early | token=1502
09:18:36.063 [MainThread] DEBUG    >>> _handle_hq_resized | token=1502, current_token=1502, has_error=False, image_valid=True, has_image=True
09:18:36.063 [MainThread] DEBUG        [_handle_hq_resized] action=swap_pixmap, scale=0.4315, size=1056x883
09:18:36.065 [MainThread] DEBUG    >>> _swap_pixmap_preserving_view | old_scale=1.0000, new_scale=0.4315, pixmap_size=1056x883
09:18:36.066 [MainThread] DEBUG        [_swap_pixmap] anchor=(1221.7, 1024.7)
09:18:36.066 [MainThread] DEBUG        [_swap_pixmap] status=success
09:18:37.378 [MainThread] DEBUG    >>> classify | key=G, enforce_focus=True, move_in_progress=False, has_session=True
09:18:37.379 [MainThread] DEBUG        [classify] action=start_move, current_image=FRE0930_H4F270FDF14_F6570_FBE6800719_T_-129.601965_-926.244491_0083290_0189957_20260824_164706.jpg
09:18:37.402 [MainThread] DEBUG    >>> _handle_classify_finished | has_record=True, has_error=False, record_key=G, record_category=TP_GE
09:18:37.403 [MainThread] DEBUG        [_handle_classify_finished] action=sync_after_session_change
09:18:37.405 [MainThread] DEBUG    >>> _load_current_image | current=FRE1410_H4F045FWF01_F6570_FUY6803018_T_632.989955_526.594038_0160189_0069094_20260827_041557.jpg, previous=FRE0930_H4F270FDF14_F6570_FBE6800719_T_-129.601965_-926.244491_0083290_0189957_20260824_164706.jpg
09:18:37.405 [MainThread] DEBUG        [_load_current_image] action=load, path=FRE1410_H4F045FWF01_F6570_FUY6803018_T_632.989955_526.594038_0160189_0069094_20260827_041557.jpg
09:18:37.406 [MainThread] DEBUG    >>> _abort_hq | old_token=1502, active_hq=0
09:18:37.406 [MainThread] DEBUG    >>> load_image | token=229, path=FRE1410_H4F045FWF01_F6570_FUY6803018_T_632.989955_526.594038_0160189_0069094_20260827_041557.jpg, has_image=True, active_threads=0, hq_threads=0
09:18:37.409 [Dummy-3   ] DEBUG        [Thread-229] ImageLoad.start | path=FRE1410_H4F045FWF01_F6570_FUY6803018_T_632.989955_526.594038_0160189_0069094_20260827_041557.jpg
09:18:37.493 [Dummy-3   ] DEBUG        [Thread-229] ImageLoad.success | size=2447x2047
09:18:37.513 [MainThread] DEBUG    >>> _handle_image_loaded | token=229, current_token=229, path=FRE1410_H4F045FWF01_F6570_FUY6803018_T_632.989955_526.594038_0160189_0069094_20260827_041557.jpg, has_error=False, image_valid=True
09:18:37.514 [MainThread] DEBUG    >>> _abort_hq | old_token=1503, active_hq=0
09:18:37.515 [MainThread] DEBUG        [_handle_image_loaded] action=create_pixmap, size=2447x2047
09:18:37.515 [MainThread] DEBUG        [_handle_image_loaded] action=fit_to_window
09:18:37.515 [MainThread] DEBUG    >>> _abort_hq | old_token=1504, active_hq=0
09:18:37.657 [MainThread] DEBUG    >>> _start_hq_resize | token=1506, target=1056x883, source=2447x2047
09:18:37.658 [Dummy-349 ] DEBUG        [Thread-1506] HqResize.start | target=1056x883
09:18:37.806 [Dummy-349 ] DEBUG        [Thread-1506] HqResize.success | scale=0.432
09:18:37.806 [Dummy-349 ] DEBUG    >>> _cleanup_hq_thread_early | token=1506
09:18:37.806 [MainThread] DEBUG    >>> _handle_hq_resized | token=1506, current_token=1506, has_error=False, image_valid=True, has_image=True
09:18:37.806 [MainThread] DEBUG        [_handle_hq_resized] action=swap_pixmap, scale=0.4315, size=1056x883
09:18:37.809 [MainThread] DEBUG    >>> _swap_pixmap_preserving_view | old_scale=1.0000, new_scale=0.4315, pixmap_size=1056x883
09:18:37.809 [MainThread] DEBUG        [_swap_pixmap] anchor=(1221.7, 1024.7)
09:18:37.809 [MainThread] DEBUG        [_swap_pixmap] status=success
09:18:39.161 [MainThread] DEBUG    >>> _load_current_image | current=FRE0930_H4F270FDF14_F6570_FBE6800719_T_-129.601965_-926.244491_0083290_0189957_20260824_164706.jpg, previous=FRE1410_H4F045FWF01_F6570_FUY6803018_T_632.989955_526.594038_0160189_0069094_20260827_041557.jpg
09:18:39.161 [MainThread] DEBUG        [_load_current_image] action=load, path=FRE0930_H4F270FDF14_F6570_FBE6800719_T_-129.601965_-926.244491_0083290_0189957_20260824_164706.jpg
09:18:39.162 [MainThread] DEBUG    >>> _abort_hq | old_token=1506, active_hq=0
09:18:39.162 [MainThread] DEBUG    >>> load_image | token=230, path=FRE0930_H4F270FDF14_F6570_FBE6800719_T_-129.601965_-926.244491_0083290_0189957_20260824_164706.jpg, has_image=True, active_threads=0, hq_threads=0
09:18:39.167 [Dummy-350 ] DEBUG        [Thread-230] ImageLoad.start | path=FRE0930_H4F270FDF14_F6570_FBE6800719_T_-129.601965_-926.244491_0083290_0189957_20260824_164706.jpg
09:18:39.258 [Dummy-350 ] DEBUG        [Thread-230] ImageLoad.success | size=2447x2047
09:18:39.279 [MainThread] DEBUG    >>> _handle_image_loaded | token=230, current_token=230, path=FRE0930_H4F270FDF14_F6570_FBE6800719_T_-129.601965_-926.244491_0083290_0189957_20260824_164706.jpg, has_error=False, image_valid=True
09:18:39.280 [MainThread] DEBUG    >>> _abort_hq | old_token=1507, active_hq=0
09:18:39.280 [MainThread] DEBUG        [_handle_image_loaded] action=create_pixmap, size=2447x2047
09:18:39.281 [MainThread] DEBUG        [_handle_image_loaded] action=fit_to_window
09:18:39.281 [MainThread] DEBUG    >>> _abort_hq | old_token=1508, active_hq=0
09:18:39.425 [MainThread] DEBUG    >>> _start_hq_resize | token=1510, target=1056x883, source=2447x2047
09:18:39.428 [Dummy-351 ] DEBUG        [Thread-1510] HqResize.start | target=1056x883
09:18:39.595 [Dummy-351 ] DEBUG        [Thread-1510] HqResize.success | scale=0.432
09:18:39.596 [Dummy-351 ] DEBUG    >>> _cleanup_hq_thread_early | token=1510
09:18:39.596 [MainThread] DEBUG    >>> _handle_hq_resized | token=1510, current_token=1510, has_error=False, image_valid=True, has_image=True
09:18:39.596 [MainThread] DEBUG        [_handle_hq_resized] action=swap_pixmap, scale=0.4315, size=1056x883
09:18:39.598 [MainThread] DEBUG    >>> _swap_pixmap_preserving_view | old_scale=1.0000, new_scale=0.4315, pixmap_size=1056x883
09:18:39.598 [MainThread] DEBUG        [_swap_pixmap] anchor=(1221.7, 1024.7)
09:18:39.598 [MainThread] DEBUG        [_swap_pixmap] status=success
09:18:41.106 [MainThread] DEBUG    >>> classify | key=G, enforce_focus=True, move_in_progress=False, has_session=True
09:18:41.107 [MainThread] DEBUG        [classify] action=start_move, current_image=FRE0930_H4F270FDF14_F6570_FBE6800719_T_-129.601965_-926.244491_0083290_0189957_20260824_164706.jpg
09:18:41.127 [MainThread] DEBUG    >>> _handle_classify_finished | has_record=True, has_error=False, record_key=G, record_category=TP_GE
09:18:41.128 [MainThread] DEBUG        [_handle_classify_finished] action=sync_after_session_change
09:18:41.131 [MainThread] DEBUG    >>> _load_current_image | current=FRE1410_H4F045FWF01_F6570_FUY6803018_T_632.989955_526.594038_0160189_0069094_20260827_041557.jpg, previous=FRE0930_H4F270FDF14_F6570_FBE6800719_T_-129.601965_-926.244491_0083290_0189957_20260824_164706.jpg
09:18:41.132 [MainThread] DEBUG        [_load_current_image] action=load, path=FRE1410_H4F045FWF01_F6570_FUY6803018_T_632.989955_526.594038_0160189_0069094_20260827_041557.jpg
09:18:41.132 [MainThread] DEBUG    >>> _abort_hq | old_token=1510, active_hq=0
09:18:41.132 [MainThread] DEBUG    >>> load_image | token=231, path=FRE1410_H4F045FWF01_F6570_FUY6803018_T_632.989955_526.594038_0160189_0069094_20260827_041557.jpg, has_image=True, active_threads=0, hq_threads=0
09:18:41.138 [Dummy-352 ] DEBUG        [Thread-231] ImageLoad.start | path=FRE1410_H4F045FWF01_F6570_FUY6803018_T_632.989955_526.594038_0160189_0069094_20260827_041557.jpg
09:18:41.244 [Dummy-352 ] DEBUG        [Thread-231] ImageLoad.success | size=2447x2047
09:18:41.265 [MainThread] DEBUG    >>> _handle_image_loaded | token=231, current_token=231, path=FRE1410_H4F045FWF01_F6570_FUY6803018_T_632.989955_526.594038_0160189_0069094_20260827_041557.jpg, has_error=False, image_valid=True
09:18:41.267 [MainThread] DEBUG    >>> _abort_hq | old_token=1511, active_hq=0
09:18:41.267 [MainThread] DEBUG        [_handle_image_loaded] action=create_pixmap, size=2447x2047
09:18:41.268 [MainThread] DEBUG        [_handle_image_loaded] action=fit_to_window
09:18:41.268 [MainThread] DEBUG    >>> _abort_hq | old_token=1512, active_hq=0
09:18:41.418 [MainThread] DEBUG    >>> _start_hq_resize | token=1514, target=1056x883, source=2447x2047
09:18:41.419 [Dummy-18  ] DEBUG        [Thread-1514] HqResize.start | target=1056x883
09:18:41.570 [Dummy-18  ] DEBUG        [Thread-1514] HqResize.success | scale=0.432
09:18:41.570 [Dummy-18  ] DEBUG    >>> _cleanup_hq_thread_early | token=1514
09:18:41.570 [MainThread] DEBUG    >>> _handle_hq_resized | token=1514, current_token=1514, has_error=False, image_valid=True, has_image=True
09:18:41.570 [MainThread] DEBUG        [_handle_hq_resized] action=swap_pixmap, scale=0.4315, size=1056x883
09:18:41.573 [MainThread] DEBUG    >>> _swap_pixmap_preserving_view | old_scale=1.0000, new_scale=0.4315, pixmap_size=1056x883
09:18:41.574 [MainThread] DEBUG        [_swap_pixmap] anchor=(1221.7, 1024.7)
09:18:41.574 [MainThread] DEBUG        [_swap_pixmap] status=success
09:18:45.202 [MainThread] DEBUG    >>> classify | key=G, enforce_focus=True, move_in_progress=False, has_session=True
09:18:45.202 [MainThread] DEBUG        [classify] action=start_move, current_image=FRE1410_H4F045FWF01_F6570_FUY6803018_T_632.989955_526.594038_0160189_0069094_20260827_041557.jpg
09:18:45.215 [MainThread] DEBUG    >>> _handle_classify_finished | has_record=True, has_error=False, record_key=G, record_category=TP_GE
09:18:45.215 [MainThread] DEBUG        [_handle_classify_finished] action=sync_after_session_change
09:18:45.217 [MainThread] DEBUG    >>> _load_current_image | current=FRE1410_H4F069HDF04_F6570_FUJ6806518_R_587.293912_-65.479764_0068403_0189957_20260905_000502.jpg, previous=FRE1410_H4F045FWF01_F6570_FUY6803018_T_632.989955_526.594038_0160189_0069094_20260827_041557.jpg
09:18:45.217 [MainThread] DEBUG        [_load_current_image] action=load, path=FRE1410_H4F069HDF04_F6570_FUJ6806518_R_587.293912_-65.479764_0068403_0189957_20260905_000502.jpg
09:18:45.218 [MainThread] DEBUG    >>> _abort_hq | old_token=1514, active_hq=0
09:18:45.218 [MainThread] DEBUG    >>> load_image | token=232, path=FRE1410_H4F069HDF04_F6570_FUJ6806518_R_587.293912_-65.479764_0068403_0189957_20260905_000502.jpg, has_image=True, active_threads=0, hq_threads=0
09:18:45.221 [Dummy-353 ] DEBUG        [Thread-232] ImageLoad.start | path=FRE1410_H4F069HDF04_F6570_FUJ6806518_R_587.293912_-65.479764_0068403_0189957_20260905_000502.jpg
09:18:45.300 [Dummy-353 ] DEBUG        [Thread-232] ImageLoad.success | size=2447x2047
09:18:45.318 [MainThread] DEBUG    >>> _handle_image_loaded | token=232, current_token=232, path=FRE1410_H4F069HDF04_F6570_FUJ6806518_R_587.293912_-65.479764_0068403_0189957_20260905_000502.jpg, has_error=False, image_valid=True
09:18:45.320 [MainThread] DEBUG    >>> _abort_hq | old_token=1515, active_hq=0
09:18:45.320 [MainThread] DEBUG        [_handle_image_loaded] action=create_pixmap, size=2447x2047
09:18:45.321 [MainThread] DEBUG        [_handle_image_loaded] action=fit_to_window
09:18:45.321 [MainThread] DEBUG    >>> _abort_hq | old_token=1516, active_hq=0
09:18:45.482 [MainThread] DEBUG    >>> _start_hq_resize | token=1518, target=1056x883, source=2447x2047
09:18:45.483 [Dummy-354 ] DEBUG        [Thread-1518] HqResize.start | target=1056x883
09:18:45.632 [Dummy-354 ] DEBUG        [Thread-1518] HqResize.success | scale=0.432
09:18:45.633 [Dummy-354 ] DEBUG    >>> _cleanup_hq_thread_early | token=1518
09:18:45.634 [MainThread] DEBUG    >>> _handle_hq_resized | token=1518, current_token=1518, has_error=False, image_valid=True, has_image=True
09:18:45.634 [MainThread] DEBUG        [_handle_hq_resized] action=swap_pixmap, scale=0.4315, size=1056x883
09:18:45.636 [MainThread] DEBUG    >>> _swap_pixmap_preserving_view | old_scale=1.0000, new_scale=0.4315, pixmap_size=1056x883
09:18:45.636 [MainThread] DEBUG        [_swap_pixmap] anchor=(1221.7, 1024.7)
09:18:45.636 [MainThread] DEBUG        [_swap_pixmap] status=success
09:18:46.305 [MainThread] DEBUG    >>> classify | key=G, enforce_focus=True, move_in_progress=False, has_session=True
09:18:46.305 [MainThread] DEBUG        [classify] action=start_move, current_image=FRE1410_H4F069HDF04_F6570_FUJ6806518_R_587.293912_-65.479764_0068403_0189957_20260905_000502.jpg
09:18:46.309 [MainThread] DEBUG    >>> _handle_classify_finished | has_record=True, has_error=False, record_key=G, record_category=TP_GE
09:18:46.310 [MainThread] DEBUG        [_handle_classify_finished] action=sync_after_session_change
09:18:46.311 [MainThread] DEBUG    >>> _load_current_image | current=FRE1430_H4F069HDF04_F6570_FUJ6805346_R_1057.909906_-1107.233404_0160189_0069094_20260904_154330.jpg, previous=FRE1410_H4F069HDF04_F6570_FUJ6806518_R_587.293912_-65.479764_0068403_0189957_20260905_000502.jpg
09:18:46.311 [MainThread] DEBUG        [_load_current_image] action=load, path=FRE1430_H4F069HDF04_F6570_FUJ6805346_R_1057.909906_-1107.233404_0160189_0069094_20260904_154330.jpg
09:18:46.311 [MainThread] DEBUG    >>> _abort_hq | old_token=1518, active_hq=0
09:18:46.311 [MainThread] DEBUG    >>> load_image | token=233, path=FRE1430_H4F069HDF04_F6570_FUJ6805346_R_1057.909906_-1107.233404_0160189_0069094_20260904_154330.jpg, has_image=True, active_threads=0, hq_threads=0
09:18:46.312 [Dummy-355 ] DEBUG        [Thread-233] ImageLoad.start | path=FRE1430_H4F069HDF04_F6570_FUJ6805346_R_1057.909906_-1107.233404_0160189_0069094_20260904_154330.jpg
09:18:46.389 [Dummy-355 ] DEBUG        [Thread-233] ImageLoad.success | size=2447x2047
09:18:46.403 [MainThread] DEBUG    >>> _handle_image_loaded | token=233, current_token=233, path=FRE1430_H4F069HDF04_F6570_FUJ6805346_R_1057.909906_-1107.233404_0160189_0069094_20260904_154330.jpg, has_error=False, image_valid=True
09:18:46.405 [MainThread] DEBUG    >>> _abort_hq | old_token=1519, active_hq=0
09:18:46.405 [MainThread] DEBUG        [_handle_image_loaded] action=create_pixmap, size=2447x2047
09:18:46.405 [MainThread] DEBUG        [_handle_image_loaded] action=fit_to_window
09:18:46.405 [MainThread] DEBUG    >>> _abort_hq | old_token=1520, active_hq=0
09:18:46.560 [MainThread] DEBUG    >>> _start_hq_resize | token=1522, target=1056x883, source=2447x2047
09:18:46.561 [Dummy-268 ] DEBUG        [Thread-1522] HqResize.start | target=1056x883
09:18:46.714 [Dummy-268 ] DEBUG        [Thread-1522] HqResize.success | scale=0.432
09:18:46.714 [MainThread] DEBUG    >>> _handle_hq_resized | token=1522, current_token=1522, has_error=False, image_valid=True, has_image=True
09:18:46.715 [Dummy-268 ] DEBUG    >>> _cleanup_hq_thread_early | token=1522
09:18:46.715 [MainThread] DEBUG        [_handle_hq_resized] action=swap_pixmap, scale=0.4315, size=1056x883
09:18:46.717 [MainThread] DEBUG    >>> _swap_pixmap_preserving_view | old_scale=1.0000, new_scale=0.4315, pixmap_size=1056x883
09:18:46.717 [MainThread] DEBUG        [_swap_pixmap] anchor=(1221.7, 1024.7)
09:18:46.717 [MainThread] DEBUG        [_swap_pixmap] status=success
09:18:47.281 [MainThread] DEBUG    >>> classify | key=G, enforce_focus=True, move_in_progress=False, has_session=True
09:18:47.281 [MainThread] DEBUG        [classify] action=start_move, current_image=FRE1430_H4F069HDF04_F6570_FUJ6805346_R_1057.909906_-1107.233404_0160189_0069094_20260904_154330.jpg
09:18:47.289 [MainThread] DEBUG    >>> _handle_classify_finished | has_record=True, has_error=False, record_key=G, record_category=TP_GE
09:18:47.289 [MainThread] DEBUG        [_handle_classify_finished] action=sync_after_session_change
09:18:47.291 [MainThread] DEBUG    >>> _load_current_image | current=FRE1440_H4F045FWF01_F6570_FUY6801422_R_942.680449_-396.790624_0160189_0069094_20260827_073509.jpg, previous=FRE1430_H4F069HDF04_F6570_FUJ6805346_R_1057.909906_-1107.233404_0160189_0069094_20260904_154330.jpg
09:18:47.291 [MainThread] DEBUG        [_load_current_image] action=load, path=FRE1440_H4F045FWF01_F6570_FUY6801422_R_942.680449_-396.790624_0160189_0069094_20260827_073509.jpg
09:18:47.291 [MainThread] DEBUG    >>> _abort_hq | old_token=1522, active_hq=0
09:18:47.291 [MainThread] DEBUG    >>> load_image | token=234, path=FRE1440_H4F045FWF01_F6570_FUY6801422_R_942.680449_-396.790624_0160189_0069094_20260827_073509.jpg, has_image=True, active_threads=0, hq_threads=0
09:18:47.294 [Dummy-356 ] DEBUG        [Thread-234] ImageLoad.start | path=FRE1440_H4F045FWF01_F6570_FUY6801422_R_942.680449_-396.790624_0160189_0069094_20260827_073509.jpg
09:18:47.371 [Dummy-356 ] DEBUG        [Thread-234] ImageLoad.success | size=2447x2047
09:18:47.389 [MainThread] DEBUG    >>> _handle_image_loaded | token=234, current_token=234, path=FRE1440_H4F045FWF01_F6570_FUY6801422_R_942.680449_-396.790624_0160189_0069094_20260827_073509.jpg, has_error=False, image_valid=True
09:18:47.390 [MainThread] DEBUG    >>> _abort_hq | old_token=1523, active_hq=0
09:18:47.390 [MainThread] DEBUG        [_handle_image_loaded] action=create_pixmap, size=2447x2047
09:18:47.391 [MainThread] DEBUG        [_handle_image_loaded] action=fit_to_window
09:18:47.391 [MainThread] DEBUG    >>> _abort_hq | old_token=1524, active_hq=0
09:18:47.545 [MainThread] DEBUG    >>> _start_hq_resize | token=1526, target=1056x883, source=2447x2047
09:18:47.547 [Dummy-357 ] DEBUG        [Thread-1526] HqResize.start | target=1056x883
09:18:47.711 [Dummy-357 ] DEBUG        [Thread-1526] HqResize.success | scale=0.432
09:18:47.711 [Dummy-357 ] DEBUG    >>> _cleanup_hq_thread_early | token=1526
09:18:47.711 [MainThread] DEBUG    >>> _handle_hq_resized | token=1526, current_token=1526, has_error=False, image_valid=True, has_image=True
09:18:47.712 [MainThread] DEBUG        [_handle_hq_resized] action=swap_pixmap, scale=0.4315, size=1056x883
09:18:47.714 [MainThread] DEBUG    >>> _swap_pixmap_preserving_view | old_scale=1.0000, new_scale=0.4315, pixmap_size=1056x883
09:18:47.714 [MainThread] DEBUG        [_swap_pixmap] anchor=(1221.7, 1024.7)
09:18:47.714 [MainThread] DEBUG        [_swap_pixmap] status=success
09:18:48.754 [MainThread] DEBUG    >>> classify | key=G, enforce_focus=True, move_in_progress=False, has_session=True
09:18:48.754 [MainThread] DEBUG        [classify] action=start_move, current_image=FRE1440_H4F045FWF01_F6570_FUY6801422_R_942.680449_-396.790624_0160189_0069094_20260827_073509.jpg
09:18:48.762 [MainThread] DEBUG    >>> _handle_classify_finished | has_record=True, has_error=False, record_key=G, record_category=TP_GE
09:18:48.763 [MainThread] DEBUG        [_handle_classify_finished] action=sync_after_session_change
09:18:48.764 [MainThread] DEBUG    >>> _load_current_image | current=SAP1020_H4F065HDF13_F6570_FUQ6801201_T_628.390080_471.286188_0194923_0245744_20260903_200711.jpg, previous=FRE1440_H4F045FWF01_F6570_FUY6801422_R_942.680449_-396.790624_0160189_0069094_20260827_073509.jpg
09:18:48.764 [MainThread] DEBUG        [_load_current_image] action=load, path=SAP1020_H4F065HDF13_F6570_FUQ6801201_T_628.390080_471.286188_0194923_0245744_20260903_200711.jpg
09:18:48.764 [MainThread] DEBUG    >>> _abort_hq | old_token=1526, active_hq=0
09:18:48.764 [MainThread] DEBUG    >>> load_image | token=235, path=SAP1020_H4F065HDF13_F6570_FUQ6801201_T_628.390080_471.286188_0194923_0245744_20260903_200711.jpg, has_image=True, active_threads=0, hq_threads=0
09:18:48.766 [Dummy-358 ] DEBUG        [Thread-235] ImageLoad.start | path=SAP1020_H4F065HDF13_F6570_FUQ6801201_T_628.390080_471.286188_0194923_0245744_20260903_200711.jpg
09:18:48.847 [Dummy-358 ] DEBUG        [Thread-235] ImageLoad.success | size=2447x2047
09:18:48.863 [MainThread] DEBUG    >>> _handle_image_loaded | token=235, current_token=235, path=SAP1020_H4F065HDF13_F6570_FUQ6801201_T_628.390080_471.286188_0194923_0245744_20260903_200711.jpg, has_error=False, image_valid=True
09:18:48.864 [MainThread] DEBUG    >>> _abort_hq | old_token=1527, active_hq=0
09:18:48.864 [MainThread] DEBUG        [_handle_image_loaded] action=create_pixmap, size=2447x2047
09:18:48.865 [MainThread] DEBUG        [_handle_image_loaded] action=fit_to_window
09:18:48.865 [MainThread] DEBUG    >>> _abort_hq | old_token=1528, active_hq=0
09:18:49.014 [MainThread] DEBUG    >>> _start_hq_resize | token=1530, target=1056x883, source=2447x2047
09:18:49.017 [Dummy-26  ] DEBUG        [Thread-1530] HqResize.start | target=1056x883
09:18:49.209 [Dummy-26  ] DEBUG        [Thread-1530] HqResize.success | scale=0.432
09:18:49.210 [Dummy-26  ] DEBUG    >>> _cleanup_hq_thread_early | token=1530
09:18:49.210 [MainThread] DEBUG    >>> _handle_hq_resized | token=1530, current_token=1530, has_error=False, image_valid=True, has_image=True
09:18:49.210 [MainThread] DEBUG        [_handle_hq_resized] action=swap_pixmap, scale=0.4315, size=1056x883
09:18:49.212 [MainThread] DEBUG    >>> _swap_pixmap_preserving_view | old_scale=1.0000, new_scale=0.4315, pixmap_size=1056x883
09:18:49.212 [MainThread] DEBUG        [_swap_pixmap] anchor=(1221.7, 1024.7)
09:18:49.212 [MainThread] DEBUG        [_swap_pixmap] status=success
09:18:50.057 [MainThread] DEBUG    >>> classify | key=G, enforce_focus=True, move_in_progress=False, has_session=True
09:18:50.058 [MainThread] DEBUG        [classify] action=start_move, current_image=SAP1020_H4F065HDF13_F6570_FUQ6801201_T_628.390080_471.286188_0194923_0245744_20260903_200711.jpg
09:18:50.065 [MainThread] DEBUG    >>> _handle_classify_finished | has_record=True, has_error=False, record_key=G, record_category=TP_GE
09:18:50.065 [MainThread] DEBUG        [_handle_classify_finished] action=sync_after_session_change
09:18:50.067 [MainThread] DEBUG    >>> _load_current_image | current=SAP1020_H4F065HDF13_F6570_FUQ6801414_T_735.764525_-165.716277_0194923_0245744_20260904_043427.jpg, previous=SAP1020_H4F065HDF13_F6570_FUQ6801201_T_628.390080_471.286188_0194923_0245744_20260903_200711.jpg
09:18:50.067 [MainThread] DEBUG        [_load_current_image] action=load, path=SAP1020_H4F065HDF13_F6570_FUQ6801414_T_735.764525_-165.716277_0194923_0245744_20260904_043427.jpg
09:18:50.067 [MainThread] DEBUG    >>> _abort_hq | old_token=1530, active_hq=0
09:18:50.067 [MainThread] DEBUG    >>> load_image | token=236, path=SAP1020_H4F065HDF13_F6570_FUQ6801414_T_735.764525_-165.716277_0194923_0245744_20260904_043427.jpg, has_image=True, active_threads=0, hq_threads=0
09:18:50.069 [Dummy-359 ] DEBUG        [Thread-236] ImageLoad.start | path=SAP1020_H4F065HDF13_F6570_FUQ6801414_T_735.764525_-165.716277_0194923_0245744_20260904_043427.jpg
09:18:50.153 [Dummy-359 ] DEBUG        [Thread-236] ImageLoad.success | size=2447x2047
09:18:50.167 [MainThread] DEBUG    >>> _handle_image_loaded | token=236, current_token=236, path=SAP1020_H4F065HDF13_F6570_FUQ6801414_T_735.764525_-165.716277_0194923_0245744_20260904_043427.jpg, has_error=False, image_valid=True
09:18:50.169 [MainThread] DEBUG    >>> _abort_hq | old_token=1531, active_hq=0
09:18:50.169 [MainThread] DEBUG        [_handle_image_loaded] action=create_pixmap, size=2447x2047
09:18:50.169 [MainThread] DEBUG        [_handle_image_loaded] action=fit_to_window
09:18:50.170 [MainThread] DEBUG    >>> _abort_hq | old_token=1532, active_hq=0
09:18:50.318 [MainThread] DEBUG    >>> _start_hq_resize | token=1534, target=1056x883, source=2447x2047
09:18:50.319 [Dummy-44  ] DEBUG        [Thread-1534] HqResize.start | target=1056x883
09:18:50.475 [Dummy-44  ] DEBUG        [Thread-1534] HqResize.success | scale=0.432
09:18:50.476 [MainThread] DEBUG    >>> _handle_hq_resized | token=1534, current_token=1534, has_error=False, image_valid=True, has_image=True
09:18:50.476 [Dummy-44  ] DEBUG    >>> _cleanup_hq_thread_early | token=1534
09:18:50.476 [MainThread] DEBUG        [_handle_hq_resized] action=swap_pixmap, scale=0.4315, size=1056x883
09:18:50.478 [MainThread] DEBUG    >>> _swap_pixmap_preserving_view | old_scale=1.0000, new_scale=0.4315, pixmap_size=1056x883
09:18:50.478 [MainThread] DEBUG        [_swap_pixmap] anchor=(1221.7, 1024.7)
09:18:50.479 [MainThread] DEBUG        [_swap_pixmap] status=success
09:18:51.769 [MainThread] DEBUG    >>> next_image | current=9, requested=10, total=22
09:18:51.770 [MainThread] DEBUG    >>> _load_current_image | current=SAP1020_H4F065HDF13_F6570_FUQ6802305_T_1058.879960_-179.670000_0194923_0245744_20260904_065709.jpg, previous=SAP1020_H4F065HDF13_F6570_FUQ6801414_T_735.764525_-165.716277_0194923_0245744_20260904_043427.jpg
09:18:51.770 [MainThread] DEBUG        [_load_current_image] action=load, path=SAP1020_H4F065HDF13_F6570_FUQ6802305_T_1058.879960_-179.670000_0194923_0245744_20260904_065709.jpg
09:18:51.770 [MainThread] DEBUG    >>> _abort_hq | old_token=1534, active_hq=0
09:18:51.770 [MainThread] DEBUG    >>> load_image | token=237, path=SAP1020_H4F065HDF13_F6570_FUQ6802305_T_1058.879960_-179.670000_0194923_0245744_20260904_065709.jpg, has_image=True, active_threads=0, hq_threads=0
09:18:51.772 [Dummy-360 ] DEBUG        [Thread-237] ImageLoad.start | path=SAP1020_H4F065HDF13_F6570_FUQ6802305_T_1058.879960_-179.670000_0194923_0245744_20260904_065709.jpg
09:18:51.859 [Dummy-360 ] DEBUG        [Thread-237] ImageLoad.success | size=2447x2047
09:18:51.865 [MainThread] DEBUG    >>> _handle_image_loaded | token=237, current_token=237, path=SAP1020_H4F065HDF13_F6570_FUQ6802305_T_1058.879960_-179.670000_0194923_0245744_20260904_065709.jpg, has_error=False, image_valid=True
09:18:51.867 [MainThread] DEBUG    >>> _abort_hq | old_token=1535, active_hq=0
09:18:51.867 [MainThread] DEBUG        [_handle_image_loaded] action=create_pixmap, size=2447x2047
09:18:51.868 [MainThread] DEBUG        [_handle_image_loaded] action=fit_to_window
09:18:51.868 [MainThread] DEBUG    >>> _abort_hq | old_token=1536, active_hq=0
09:18:52.033 [MainThread] DEBUG    >>> _start_hq_resize | token=1538, target=1056x883, source=2447x2047
09:18:52.037 [Dummy-361 ] DEBUG        [Thread-1538] HqResize.start | target=1056x883
09:18:52.202 [Dummy-361 ] DEBUG        [Thread-1538] HqResize.success | scale=0.432
09:18:52.202 [Dummy-361 ] DEBUG    >>> _cleanup_hq_thread_early | token=1538
09:18:52.202 [MainThread] DEBUG    >>> _handle_hq_resized | token=1538, current_token=1538, has_error=False, image_valid=True, has_image=True
09:18:52.202 [MainThread] DEBUG        [_handle_hq_resized] action=swap_pixmap, scale=0.4315, size=1056x883
09:18:52.204 [MainThread] DEBUG    >>> _swap_pixmap_preserving_view | old_scale=1.0000, new_scale=0.4315, pixmap_size=1056x883
09:18:52.204 [MainThread] DEBUG        [_swap_pixmap] anchor=(1221.7, 1024.7)
09:18:52.205 [MainThread] DEBUG        [_swap_pixmap] status=success
09:18:53.256 [MainThread] DEBUG    >>> classify | key=o, enforce_focus=True, move_in_progress=False, has_session=True
09:18:53.257 [MainThread] DEBUG        [classify] action=start_move, current_image=SAP1020_H4F065HDF13_F6570_FUQ6802305_T_1058.879960_-179.670000_0194923_0245744_20260904_065709.jpg
09:18:53.270 [MainThread] DEBUG    >>> _handle_classify_finished | has_record=True, has_error=False, record_key=o, record_category=OI
09:18:53.271 [MainThread] DEBUG        [_handle_classify_finished] action=sync_after_session_change
09:18:53.272 [MainThread] DEBUG    >>> _load_current_image | current=SAP1020_H4F065HDF13_F6570_FUQ6802305_T_432.776347_-1185.798604_0194923_0245744_20260904_065742.jpg, previous=SAP1020_H4F065HDF13_F6570_FUQ6802305_T_1058.879960_-179.670000_0194923_0245744_20260904_065709.jpg
09:18:53.272 [MainThread] DEBUG        [_load_current_image] action=load, path=SAP1020_H4F065HDF13_F6570_FUQ6802305_T_432.776347_-1185.798604_0194923_0245744_20260904_065742.jpg
09:18:53.272 [MainThread] DEBUG    >>> _abort_hq | old_token=1538, active_hq=0
09:18:53.272 [MainThread] DEBUG    >>> load_image | token=238, path=SAP1020_H4F065HDF13_F6570_FUQ6802305_T_432.776347_-1185.798604_0194923_0245744_20260904_065742.jpg, has_image=True, active_threads=0, hq_threads=0
09:18:53.274 [Dummy-362 ] DEBUG        [Thread-238] ImageLoad.start | path=SAP1020_H4F065HDF13_F6570_FUQ6802305_T_432.776347_-1185.798604_0194923_0245744_20260904_065742.jpg
09:18:53.349 [Dummy-362 ] DEBUG        [Thread-238] ImageLoad.success | size=2447x2047
09:18:53.364 [MainThread] DEBUG    >>> _handle_image_loaded | token=238, current_token=238, path=SAP1020_H4F065HDF13_F6570_FUQ6802305_T_432.776347_-1185.798604_0194923_0245744_20260904_065742.jpg, has_error=False, image_valid=True
09:18:53.366 [MainThread] DEBUG    >>> _abort_hq | old_token=1539, active_hq=0
09:18:53.366 [MainThread] DEBUG        [_handle_image_loaded] action=create_pixmap, size=2447x2047
09:18:53.367 [MainThread] DEBUG        [_handle_image_loaded] action=fit_to_window
09:18:53.367 [MainThread] DEBUG    >>> _abort_hq | old_token=1540, active_hq=0
09:18:53.516 [MainThread] DEBUG    >>> _start_hq_resize | token=1542, target=1056x883, source=2447x2047
09:18:53.518 [Dummy-363 ] DEBUG        [Thread-1542] HqResize.start | target=1056x883
09:18:53.691 [Dummy-363 ] DEBUG        [Thread-1542] HqResize.success | scale=0.432
09:18:53.691 [Dummy-363 ] DEBUG    >>> _cleanup_hq_thread_early | token=1542
09:18:53.691 [MainThread] DEBUG    >>> _handle_hq_resized | token=1542, current_token=1542, has_error=False, image_valid=True, has_image=True
09:18:53.691 [MainThread] DEBUG        [_handle_hq_resized] action=swap_pixmap, scale=0.4315, size=1056x883
09:18:53.693 [MainThread] DEBUG    >>> _swap_pixmap_preserving_view | old_scale=1.0000, new_scale=0.4315, pixmap_size=1056x883
09:18:53.693 [MainThread] DEBUG        [_swap_pixmap] anchor=(1221.7, 1024.7)
09:18:53.694 [MainThread] DEBUG        [_swap_pixmap] status=success
09:18:54.113 [MainThread] DEBUG    >>> classify | key=o, enforce_focus=True, move_in_progress=False, has_session=True
09:18:54.113 [MainThread] DEBUG        [classify] action=start_move, current_image=SAP1020_H4F065HDF13_F6570_FUQ6802305_T_432.776347_-1185.798604_0194923_0245744_20260904_065742.jpg
09:18:54.122 [MainThread] DEBUG    >>> _handle_classify_finished | has_record=True, has_error=False, record_key=o, record_category=OI
09:18:54.122 [MainThread] DEBUG        [_handle_classify_finished] action=sync_after_session_change
09:18:54.124 [MainThread] DEBUG    >>> _load_current_image | current=SAP1020_H4F065HDF13_F6570_FUQ6802442_T_-332.741716_-698.575115_0194923_0245744_20260904_063402.jpg, previous=SAP1020_H4F065HDF13_F6570_FUQ6802305_T_432.776347_-1185.798604_0194923_0245744_20260904_065742.jpg
09:18:54.124 [MainThread] DEBUG        [_load_current_image] action=load, path=SAP1020_H4F065HDF13_F6570_FUQ6802442_T_-332.741716_-698.575115_0194923_0245744_20260904_063402.jpg
09:18:54.124 [MainThread] DEBUG    >>> _abort_hq | old_token=1542, active_hq=0
09:18:54.125 [MainThread] DEBUG    >>> load_image | token=239, path=SAP1020_H4F065HDF13_F6570_FUQ6802442_T_-332.741716_-698.575115_0194923_0245744_20260904_063402.jpg, has_image=True, active_threads=0, hq_threads=0
09:18:54.127 [Dummy-48  ] DEBUG        [Thread-239] ImageLoad.start | path=SAP1020_H4F065HDF13_F6570_FUQ6802442_T_-332.741716_-698.575115_0194923_0245744_20260904_063402.jpg
09:18:54.222 [Dummy-48  ] DEBUG        [Thread-239] ImageLoad.success | size=2447x2047
09:18:54.237 [MainThread] DEBUG    >>> _handle_image_loaded | token=239, current_token=239, path=SAP1020_H4F065HDF13_F6570_FUQ6802442_T_-332.741716_-698.575115_0194923_0245744_20260904_063402.jpg, has_error=False, image_valid=True
09:18:54.239 [MainThread] DEBUG    >>> _abort_hq | old_token=1543, active_hq=0
09:18:54.239 [MainThread] DEBUG        [_handle_image_loaded] action=create_pixmap, size=2447x2047
09:18:54.240 [MainThread] DEBUG        [_handle_image_loaded] action=fit_to_window
09:18:54.240 [MainThread] DEBUG    >>> _abort_hq | old_token=1544, active_hq=0
09:18:54.382 [MainThread] DEBUG    >>> _start_hq_resize | token=1546, target=1056x883, source=2447x2047
09:18:54.385 [Dummy-364 ] DEBUG        [Thread-1546] HqResize.start | target=1056x883
09:18:54.557 [Dummy-364 ] DEBUG        [Thread-1546] HqResize.success | scale=0.432
09:18:54.557 [Dummy-364 ] DEBUG    >>> _cleanup_hq_thread_early | token=1546
09:18:54.557 [MainThread] DEBUG    >>> _handle_hq_resized | token=1546, current_token=1546, has_error=False, image_valid=True, has_image=True
09:18:54.557 [MainThread] DEBUG        [_handle_hq_resized] action=swap_pixmap, scale=0.4315, size=1056x883
09:18:54.559 [MainThread] DEBUG    >>> _swap_pixmap_preserving_view | old_scale=1.0000, new_scale=0.4315, pixmap_size=1056x883
09:18:54.559 [MainThread] DEBUG        [_swap_pixmap] anchor=(1221.7, 1024.7)
09:18:54.560 [MainThread] DEBUG        [_swap_pixmap] status=success
09:18:56.292 [MainThread] DEBUG    >>> next_image | current=10, requested=11, total=20
09:18:56.293 [MainThread] DEBUG    >>> _load_current_image | current=SAP1020_H4F065HDF13_F6570_FUQ6803249_R_-187.434150_-656.017850_0194923_0245744_20260904_040240.jpg, previous=SAP1020_H4F065HDF13_F6570_FUQ6802442_T_-332.741716_-698.575115_0194923_0245744_20260904_063402.jpg
09:18:56.294 [MainThread] DEBUG        [_load_current_image] action=load, path=SAP1020_H4F065HDF13_F6570_FUQ6803249_R_-187.434150_-656.017850_0194923_0245744_20260904_040240.jpg
09:18:56.294 [MainThread] DEBUG    >>> _abort_hq | old_token=1546, active_hq=0
09:18:56.294 [MainThread] DEBUG    >>> load_image | token=240, path=SAP1020_H4F065HDF13_F6570_FUQ6803249_R_-187.434150_-656.017850_0194923_0245744_20260904_040240.jpg, has_image=True, active_threads=0, hq_threads=0
09:18:56.298 [Dummy-365 ] DEBUG        [Thread-240] ImageLoad.start | path=SAP1020_H4F065HDF13_F6570_FUQ6803249_R_-187.434150_-656.017850_0194923_0245744_20260904_040240.jpg
09:18:56.400 [Dummy-365 ] DEBUG        [Thread-240] ImageLoad.success | size=2447x2047
09:18:56.405 [MainThread] DEBUG    >>> _handle_image_loaded | token=240, current_token=240, path=SAP1020_H4F065HDF13_F6570_FUQ6803249_R_-187.434150_-656.017850_0194923_0245744_20260904_040240.jpg, has_error=False, image_valid=True
09:18:56.408 [MainThread] DEBUG    >>> _abort_hq | old_token=1547, active_hq=0
09:18:56.408 [MainThread] DEBUG        [_handle_image_loaded] action=create_pixmap, size=2447x2047
09:18:56.408 [MainThread] DEBUG        [_handle_image_loaded] action=fit_to_window
09:18:56.408 [MainThread] DEBUG    >>> _abort_hq | old_token=1548, active_hq=0
09:18:56.551 [MainThread] DEBUG    >>> _start_hq_resize | token=1550, target=1056x883, source=2447x2047
09:18:56.554 [Dummy-54  ] DEBUG        [Thread-1550] HqResize.start | target=1056x883
09:18:56.736 [Dummy-54  ] DEBUG        [Thread-1550] HqResize.success | scale=0.432
09:18:56.736 [Dummy-54  ] DEBUG    >>> _cleanup_hq_thread_early | token=1550
09:18:56.736 [MainThread] DEBUG    >>> _handle_hq_resized | token=1550, current_token=1550, has_error=False, image_valid=True, has_image=True
09:18:56.736 [MainThread] DEBUG        [_handle_hq_resized] action=swap_pixmap, scale=0.4315, size=1056x883
09:18:56.738 [MainThread] DEBUG    >>> _swap_pixmap_preserving_view | old_scale=1.0000, new_scale=0.4315, pixmap_size=1056x883
09:18:56.738 [MainThread] DEBUG        [_swap_pixmap] anchor=(1221.7, 1024.7)
09:18:56.738 [MainThread] DEBUG        [_swap_pixmap] status=success
09:18:57.026 [MainThread] DEBUG    >>> _load_current_image | current=SAP1020_H4F065HDF13_F6570_FUQ6802442_T_-332.741716_-698.575115_0194923_0245744_20260904_063402.jpg, previous=SAP1020_H4F065HDF13_F6570_FUQ6803249_R_-187.434150_-656.017850_0194923_0245744_20260904_040240.jpg
09:18:57.027 [MainThread] DEBUG        [_load_current_image] action=load, path=SAP1020_H4F065HDF13_F6570_FUQ6802442_T_-332.741716_-698.575115_0194923_0245744_20260904_063402.jpg
09:18:57.027 [MainThread] DEBUG    >>> _abort_hq | old_token=1550, active_hq=0
09:18:57.027 [MainThread] DEBUG    >>> load_image | token=241, path=SAP1020_H4F065HDF13_F6570_FUQ6802442_T_-332.741716_-698.575115_0194923_0245744_20260904_063402.jpg, has_image=True, active_threads=0, hq_threads=0
09:18:57.031 [Dummy-366 ] DEBUG        [Thread-241] ImageLoad.start | path=SAP1020_H4F065HDF13_F6570_FUQ6802442_T_-332.741716_-698.575115_0194923_0245744_20260904_063402.jpg
09:18:57.128 [Dummy-366 ] DEBUG        [Thread-241] ImageLoad.success | size=2447x2047
09:18:57.135 [MainThread] DEBUG    >>> _handle_image_loaded | token=241, current_token=241, path=SAP1020_H4F065HDF13_F6570_FUQ6802442_T_-332.741716_-698.575115_0194923_0245744_20260904_063402.jpg, has_error=False, image_valid=True
09:18:57.137 [MainThread] DEBUG    >>> _abort_hq | old_token=1551, active_hq=0
09:18:57.137 [MainThread] DEBUG        [_handle_image_loaded] action=create_pixmap, size=2447x2047
09:18:57.138 [MainThread] DEBUG        [_handle_image_loaded] action=fit_to_window
09:18:57.138 [MainThread] DEBUG    >>> _abort_hq | old_token=1552, active_hq=0
09:18:57.293 [MainThread] DEBUG    >>> _start_hq_resize | token=1554, target=1056x883, source=2447x2047
09:18:57.298 [Dummy-367 ] DEBUG        [Thread-1554] HqResize.start | target=1056x883
09:18:57.463 [Dummy-367 ] DEBUG        [Thread-1554] HqResize.success | scale=0.432
09:18:57.463 [Dummy-367 ] DEBUG    >>> _cleanup_hq_thread_early | token=1554
09:18:57.463 [MainThread] DEBUG    >>> _handle_hq_resized | token=1554, current_token=1554, has_error=False, image_valid=True, has_image=True
09:18:57.464 [MainThread] DEBUG        [_handle_hq_resized] action=swap_pixmap, scale=0.4315, size=1056x883
09:18:57.466 [MainThread] DEBUG    >>> _swap_pixmap_preserving_view | old_scale=1.0000, new_scale=0.4315, pixmap_size=1056x883
09:18:57.466 [MainThread] DEBUG        [_swap_pixmap] anchor=(1221.7, 1024.7)
09:18:57.466 [MainThread] DEBUG        [_swap_pixmap] status=success
09:18:57.682 [MainThread] DEBUG    >>> next_image | current=10, requested=11, total=20
09:18:57.683 [MainThread] DEBUG    >>> _load_current_image | current=SAP1020_H4F065HDF13_F6570_FUQ6803249_R_-187.434150_-656.017850_0194923_0245744_20260904_040240.jpg, previous=SAP1020_H4F065HDF13_F6570_FUQ6802442_T_-332.741716_-698.575115_0194923_0245744_20260904_063402.jpg
09:18:57.683 [MainThread] DEBUG        [_load_current_image] action=load, path=SAP1020_H4F065HDF13_F6570_FUQ6803249_R_-187.434150_-656.017850_0194923_0245744_20260904_040240.jpg
09:18:57.684 [MainThread] DEBUG    >>> _abort_hq | old_token=1554, active_hq=0
09:18:57.685 [MainThread] DEBUG    >>> load_image | token=242, path=SAP1020_H4F065HDF13_F6570_FUQ6803249_R_-187.434150_-656.017850_0194923_0245744_20260904_040240.jpg, has_image=True, active_threads=0, hq_threads=0
09:18:57.688 [Dummy-368 ] DEBUG        [Thread-242] ImageLoad.start | path=SAP1020_H4F065HDF13_F6570_FUQ6803249_R_-187.434150_-656.017850_0194923_0245744_20260904_040240.jpg
09:18:57.784 [Dummy-368 ] DEBUG        [Thread-242] ImageLoad.success | size=2447x2047
09:18:57.790 [MainThread] DEBUG    >>> _handle_image_loaded | token=242, current_token=242, path=SAP1020_H4F065HDF13_F6570_FUQ6803249_R_-187.434150_-656.017850_0194923_0245744_20260904_040240.jpg, has_error=False, image_valid=True
09:18:57.793 [MainThread] DEBUG    >>> _abort_hq | old_token=1555, active_hq=0
09:18:57.793 [MainThread] DEBUG        [_handle_image_loaded] action=create_pixmap, size=2447x2047
09:18:57.793 [MainThread] DEBUG        [_handle_image_loaded] action=fit_to_window
09:18:57.793 [MainThread] DEBUG    >>> _abort_hq | old_token=1556, active_hq=0
09:18:57.938 [MainThread] DEBUG    >>> _start_hq_resize | token=1558, target=1056x883, source=2447x2047
09:18:57.939 [Dummy-136 ] DEBUG        [Thread-1558] HqResize.start | target=1056x883
09:18:58.091 [Dummy-136 ] DEBUG        [Thread-1558] HqResize.success | scale=0.432
09:18:58.092 [Dummy-136 ] DEBUG    >>> _cleanup_hq_thread_early | token=1558
09:18:58.092 [MainThread] DEBUG    >>> _handle_hq_resized | token=1558, current_token=1558, has_error=False, image_valid=True, has_image=True
09:18:58.092 [MainThread] DEBUG        [_handle_hq_resized] action=swap_pixmap, scale=0.4315, size=1056x883
09:18:58.094 [MainThread] DEBUG    >>> _swap_pixmap_preserving_view | old_scale=1.0000, new_scale=0.4315, pixmap_size=1056x883
09:18:58.094 [MainThread] DEBUG        [_swap_pixmap] anchor=(1221.7, 1024.7)
09:18:58.094 [MainThread] DEBUG        [_swap_pixmap] status=success
09:18:58.112 [MainThread] DEBUG    >>> next_image | current=11, requested=12, total=20
09:18:58.113 [MainThread] DEBUG    >>> _load_current_image | current=SAP1030_H4F065HDF13_F6570_FUQ6800340_R_580.296386_-433.297155_0160189_0245744_20260903_154048.jpg, previous=SAP1020_H4F065HDF13_F6570_FUQ6803249_R_-187.434150_-656.017850_0194923_0245744_20260904_040240.jpg
09:18:58.113 [MainThread] DEBUG        [_load_current_image] action=load, path=SAP1030_H4F065HDF13_F6570_FUQ6800340_R_580.296386_-433.297155_0160189_0245744_20260903_154048.jpg
09:18:58.113 [MainThread] DEBUG    >>> _abort_hq | old_token=1558, active_hq=0
09:18:58.113 [MainThread] DEBUG    >>> load_image | token=243, path=SAP1030_H4F065HDF13_F6570_FUQ6800340_R_580.296386_-433.297155_0160189_0245744_20260903_154048.jpg, has_image=True, active_threads=0, hq_threads=0
09:18:58.115 [Dummy-369 ] DEBUG        [Thread-243] ImageLoad.start | path=SAP1030_H4F065HDF13_F6570_FUQ6800340_R_580.296386_-433.297155_0160189_0245744_20260903_154048.jpg
09:18:58.215 [Dummy-369 ] DEBUG        [Thread-243] ImageLoad.success | size=2447x2047
09:18:58.222 [MainThread] DEBUG    >>> _handle_image_loaded | token=243, current_token=243, path=SAP1030_H4F065HDF13_F6570_FUQ6800340_R_580.296386_-433.297155_0160189_0245744_20260903_154048.jpg, has_error=False, image_valid=True
09:18:58.224 [MainThread] DEBUG    >>> _abort_hq | old_token=1559, active_hq=0
09:18:58.224 [MainThread] DEBUG        [_handle_image_loaded] action=create_pixmap, size=2447x2047
09:18:58.225 [MainThread] DEBUG        [_handle_image_loaded] action=fit_to_window
09:18:58.225 [MainThread] DEBUG    >>> _abort_hq | old_token=1560, active_hq=0
09:18:58.370 [MainThread] DEBUG    >>> _start_hq_resize | token=1562, target=1056x883, source=2447x2047
09:18:58.373 [Dummy-370 ] DEBUG        [Thread-1562] HqResize.start | target=1056x883
09:18:58.536 [Dummy-370 ] DEBUG        [Thread-1562] HqResize.success | scale=0.432
09:18:58.536 [Dummy-370 ] DEBUG    >>> _cleanup_hq_thread_early | token=1562
09:18:58.536 [MainThread] DEBUG    >>> _handle_hq_resized | token=1562, current_token=1562, has_error=False, image_valid=True, has_image=True
09:18:58.536 [MainThread] DEBUG        [_handle_hq_resized] action=swap_pixmap, scale=0.4315, size=1056x883
09:18:58.538 [MainThread] DEBUG    >>> _swap_pixmap_preserving_view | old_scale=1.0000, new_scale=0.4315, pixmap_size=1056x883
09:18:58.538 [MainThread] DEBUG        [_swap_pixmap] anchor=(1221.7, 1024.7)
09:18:58.538 [MainThread] DEBUG        [_swap_pixmap] status=success
09:19:00.145 [MainThread] DEBUG    >>> classify | key=o, enforce_focus=True, move_in_progress=False, has_session=True
09:19:00.146 [MainThread] DEBUG        [classify] action=start_move, current_image=SAP1030_H4F065HDF13_F6570_FUQ6800340_R_580.296386_-433.297155_0160189_0245744_20260903_154048.jpg
09:19:00.166 [MainThread] DEBUG    >>> _handle_classify_finished | has_record=True, has_error=False, record_key=o, record_category=OI
09:19:00.167 [MainThread] DEBUG        [_handle_classify_finished] action=sync_after_session_change
09:19:00.170 [MainThread] DEBUG    >>> _load_current_image | current=SAP1040_H4F065HDF13_F6570_FUQ6801003_T_831.680455_-761.537936_0194923_0245744_20260904_023957.jpg, previous=SAP1030_H4F065HDF13_F6570_FUQ6800340_R_580.296386_-433.297155_0160189_0245744_20260903_154048.jpg
09:19:00.170 [MainThread] DEBUG        [_load_current_image] action=load, path=SAP1040_H4F065HDF13_F6570_FUQ6801003_T_831.680455_-761.537936_0194923_0245744_20260904_023957.jpg
09:19:00.171 [MainThread] DEBUG    >>> _abort_hq | old_token=1562, active_hq=0
09:19:00.171 [MainThread] DEBUG    >>> load_image | token=244, path=SAP1040_H4F065HDF13_F6570_FUQ6801003_T_831.680455_-761.537936_0194923_0245744_20260904_023957.jpg, has_image=True, active_threads=0, hq_threads=0
09:19:00.175 [Dummy-270 ] DEBUG        [Thread-244] ImageLoad.start | path=SAP1040_H4F065HDF13_F6570_FUQ6801003_T_831.680455_-761.537936_0194923_0245744_20260904_023957.jpg
09:19:00.277 [Dummy-270 ] DEBUG        [Thread-244] ImageLoad.success | size=2447x2047
09:19:00.293 [MainThread] DEBUG    >>> _handle_image_loaded | token=244, current_token=244, path=SAP1040_H4F065HDF13_F6570_FUQ6801003_T_831.680455_-761.537936_0194923_0245744_20260904_023957.jpg, has_error=False, image_valid=True
09:19:00.295 [MainThread] DEBUG    >>> _abort_hq | old_token=1563, active_hq=0
09:19:00.295 [MainThread] DEBUG        [_handle_image_loaded] action=create_pixmap, size=2447x2047
09:19:00.295 [MainThread] DEBUG        [_handle_image_loaded] action=fit_to_window
09:19:00.295 [MainThread] DEBUG    >>> _abort_hq | old_token=1564, active_hq=0
09:19:00.456 [MainThread] DEBUG    >>> _start_hq_resize | token=1566, target=1056x883, source=2447x2047
09:19:00.459 [Dummy-371 ] DEBUG        [Thread-1566] HqResize.start | target=1056x883
09:19:00.628 [Dummy-371 ] DEBUG        [Thread-1566] HqResize.success | scale=0.432
09:19:00.628 [Dummy-371 ] DEBUG    >>> _cleanup_hq_thread_early | token=1566
09:19:00.628 [MainThread] DEBUG    >>> _handle_hq_resized | token=1566, current_token=1566, has_error=False, image_valid=True, has_image=True
09:19:00.628 [MainThread] DEBUG        [_handle_hq_resized] action=swap_pixmap, scale=0.4315, size=1056x883
09:19:00.631 [MainThread] DEBUG    >>> _swap_pixmap_preserving_view | old_scale=1.0000, new_scale=0.4315, pixmap_size=1056x883
09:19:00.631 [MainThread] DEBUG        [_swap_pixmap] anchor=(1221.7, 1024.7)
09:19:00.631 [MainThread] DEBUG        [_swap_pixmap] status=success
09:19:01.203 [MainThread] DEBUG    >>> classify | key=o, enforce_focus=True, move_in_progress=False, has_session=True
09:19:01.203 [MainThread] DEBUG        [classify] action=start_move, current_image=SAP1040_H4F065HDF13_F6570_FUQ6801003_T_831.680455_-761.537936_0194923_0245744_20260904_023957.jpg
09:19:01.217 [MainThread] DEBUG    >>> _handle_classify_finished | has_record=True, has_error=False, record_key=o, record_category=OI
09:19:01.218 [MainThread] DEBUG        [_handle_classify_finished] action=sync_after_session_change
09:19:01.221 [MainThread] DEBUG    >>> _load_current_image | current=SAP1040_H4F065HDF13_F6570_FUQ6801444_R_-44.304863_720.407114_0160189_0245744_20260903_135334.jpg, previous=SAP1040_H4F065HDF13_F6570_FUQ6801003_T_831.680455_-761.537936_0194923_0245744_20260904_023957.jpg
09:19:01.221 [MainThread] DEBUG        [_load_current_image] action=load, path=SAP1040_H4F065HDF13_F6570_FUQ6801444_R_-44.304863_720.407114_0160189_0245744_20260903_135334.jpg
09:19:01.222 [MainThread] DEBUG    >>> _abort_hq | old_token=1566, active_hq=0
09:19:01.222 [MainThread] DEBUG    >>> load_image | token=245, path=SAP1040_H4F065HDF13_F6570_FUQ6801444_R_-44.304863_720.407114_0160189_0245744_20260903_135334.jpg, has_image=True, active_threads=0, hq_threads=0
09:19:01.225 [Dummy-372 ] DEBUG        [Thread-245] ImageLoad.start | path=SAP1040_H4F065HDF13_F6570_FUQ6801444_R_-44.304863_720.407114_0160189_0245744_20260903_135334.jpg
09:19:01.310 [Dummy-372 ] DEBUG        [Thread-245] ImageLoad.success | size=2447x2047
09:19:01.324 [MainThread] DEBUG    >>> _handle_image_loaded | token=245, current_token=245, path=SAP1040_H4F065HDF13_F6570_FUQ6801444_R_-44.304863_720.407114_0160189_0245744_20260903_135334.jpg, has_error=False, image_valid=True
09:19:01.326 [MainThread] DEBUG    >>> _abort_hq | old_token=1567, active_hq=0
09:19:01.326 [MainThread] DEBUG        [_handle_image_loaded] action=create_pixmap, size=2447x2047
09:19:01.326 [MainThread] DEBUG        [_handle_image_loaded] action=fit_to_window
09:19:01.326 [MainThread] DEBUG    >>> _abort_hq | old_token=1568, active_hq=0
09:19:01.484 [MainThread] DEBUG    >>> _start_hq_resize | token=1570, target=1056x883, source=2447x2047
09:19:01.486 [Dummy-373 ] DEBUG        [Thread-1570] HqResize.start | target=1056x883
09:19:01.660 [Dummy-373 ] DEBUG        [Thread-1570] HqResize.success | scale=0.432
09:19:01.660 [Dummy-373 ] DEBUG    >>> _cleanup_hq_thread_early | token=1570
09:19:01.660 [MainThread] DEBUG    >>> _handle_hq_resized | token=1570, current_token=1570, has_error=False, image_valid=True, has_image=True
09:19:01.660 [MainThread] DEBUG        [_handle_hq_resized] action=swap_pixmap, scale=0.4315, size=1056x883
09:19:01.663 [MainThread] DEBUG    >>> _swap_pixmap_preserving_view | old_scale=1.0000, new_scale=0.4315, pixmap_size=1056x883
09:19:01.663 [MainThread] DEBUG        [_swap_pixmap] anchor=(1221.7, 1024.7)
09:19:01.664 [MainThread] DEBUG        [_swap_pixmap] status=success
09:19:04.028 [MainThread] DEBUG    >>> classify | key=G, enforce_focus=True, move_in_progress=False, has_session=True
09:19:04.028 [MainThread] DEBUG        [classify] action=start_move, current_image=SAP1040_H4F065HDF13_F6570_FUQ6801444_R_-44.304863_720.407114_0160189_0245744_20260903_135334.jpg
09:19:04.047 [MainThread] DEBUG    >>> _handle_classify_finished | has_record=True, has_error=False, record_key=G, record_category=TP_GE
09:19:04.047 [MainThread] DEBUG        [_handle_classify_finished] action=sync_after_session_change
09:19:04.049 [MainThread] DEBUG    >>> _load_current_image | current=SAP1110_H4F065HDF09_F6570_FVJ6802604_T_-64.869007_1157.456929_0245744_0160189_20260828_220820.jpg, previous=SAP1040_H4F065HDF13_F6570_FUQ6801444_R_-44.304863_720.407114_0160189_0245744_20260903_135334.jpg
09:19:04.049 [MainThread] DEBUG        [_load_current_image] action=load, path=SAP1110_H4F065HDF09_F6570_FVJ6802604_T_-64.869007_1157.456929_0245744_0160189_20260828_220820.jpg
09:19:04.050 [MainThread] DEBUG    >>> _abort_hq | old_token=1570, active_hq=0
09:19:04.050 [MainThread] DEBUG    >>> load_image | token=246, path=SAP1110_H4F065HDF09_F6570_FVJ6802604_T_-64.869007_1157.456929_0245744_0160189_20260828_220820.jpg, has_image=True, active_threads=0, hq_threads=0
09:19:04.053 [Dummy-374 ] DEBUG        [Thread-246] ImageLoad.start | path=SAP1110_H4F065HDF09_F6570_FVJ6802604_T_-64.869007_1157.456929_0245744_0160189_20260828_220820.jpg
09:19:04.136 [Dummy-374 ] DEBUG        [Thread-246] ImageLoad.success | size=2447x2047
09:19:04.151 [MainThread] DEBUG    >>> _handle_image_loaded | token=246, current_token=246, path=SAP1110_H4F065HDF09_F6570_FVJ6802604_T_-64.869007_1157.456929_0245744_0160189_20260828_220820.jpg, has_error=False, image_valid=True
09:19:04.153 [MainThread] DEBUG    >>> _abort_hq | old_token=1571, active_hq=0
09:19:04.153 [MainThread] DEBUG        [_handle_image_loaded] action=create_pixmap, size=2447x2047
09:19:04.153 [MainThread] DEBUG        [_handle_image_loaded] action=fit_to_window
09:19:04.153 [MainThread] DEBUG    >>> _abort_hq | old_token=1572, active_hq=0
09:19:04.304 [MainThread] DEBUG    >>> _start_hq_resize | token=1574, target=1056x883, source=2447x2047
09:19:04.306 [Dummy-375 ] DEBUG        [Thread-1574] HqResize.start | target=1056x883
09:19:04.466 [Dummy-375 ] DEBUG        [Thread-1574] HqResize.success | scale=0.432
09:19:04.466 [Dummy-375 ] DEBUG    >>> _cleanup_hq_thread_early | token=1574
09:19:04.466 [MainThread] DEBUG    >>> _handle_hq_resized | token=1574, current_token=1574, has_error=False, image_valid=True, has_image=True
09:19:04.466 [MainThread] DEBUG        [_handle_hq_resized] action=swap_pixmap, scale=0.4315, size=1056x883
09:19:04.468 [MainThread] DEBUG    >>> _swap_pixmap_preserving_view | old_scale=1.0000, new_scale=0.4315, pixmap_size=1056x883
09:19:04.468 [MainThread] DEBUG        [_swap_pixmap] anchor=(1221.7, 1024.7)
09:19:04.469 [MainThread] DEBUG        [_swap_pixmap] status=success
09:19:12.744 [MainThread] DEBUG    >>> classify | key=t, enforce_focus=True, move_in_progress=False, has_session=True
09:19:12.745 [MainThread] DEBUG        [classify] action=start_move, current_image=SAP1110_H4F065HDF09_F6570_FVJ6802604_T_-64.869007_1157.456929_0245744_0160189_20260828_220820.jpg
09:19:12.752 [MainThread] DEBUG    >>> _handle_classify_finished | has_record=True, has_error=False, record_key=t, record_category=PT
09:19:12.753 [MainThread] DEBUG        [_handle_classify_finished] action=sync_after_session_change
09:19:12.754 [MainThread] DEBUG    >>> _load_current_image | current=SAP1120_H4F069HDF04_F6570_FUJ6810417_R_-819.265635_599.101119_0245744_0269834_20260905_144514.jpg, previous=SAP1110_H4F065HDF09_F6570_FVJ6802604_T_-64.869007_1157.456929_0245744_0160189_20260828_220820.jpg
09:19:12.754 [MainThread] DEBUG        [_load_current_image] action=load, path=SAP1120_H4F069HDF04_F6570_FUJ6810417_R_-819.265635_599.101119_0245744_0269834_20260905_144514.jpg
09:19:12.754 [MainThread] DEBUG    >>> _abort_hq | old_token=1574, active_hq=0
09:19:12.754 [MainThread] DEBUG    >>> load_image | token=247, path=SAP1120_H4F069HDF04_F6570_FUJ6810417_R_-819.265635_599.101119_0245744_0269834_20260905_144514.jpg, has_image=True, active_threads=0, hq_threads=0
09:19:12.756 [Dummy-376 ] DEBUG        [Thread-247] ImageLoad.start | path=SAP1120_H4F069HDF04_F6570_FUJ6810417_R_-819.265635_599.101119_0245744_0269834_20260905_144514.jpg
09:19:12.849 [Dummy-376 ] DEBUG        [Thread-247] ImageLoad.success | size=2447x2047
09:19:12.861 [MainThread] DEBUG    >>> _handle_image_loaded | token=247, current_token=247, path=SAP1120_H4F069HDF04_F6570_FUJ6810417_R_-819.265635_599.101119_0245744_0269834_20260905_144514.jpg, has_error=False, image_valid=True
09:19:12.862 [MainThread] DEBUG    >>> _abort_hq | old_token=1575, active_hq=0
09:19:12.863 [MainThread] DEBUG        [_handle_image_loaded] action=create_pixmap, size=2447x2047
09:19:12.863 [MainThread] DEBUG        [_handle_image_loaded] action=fit_to_window
09:19:12.863 [MainThread] DEBUG    >>> _abort_hq | old_token=1576, active_hq=0
09:19:13.009 [MainThread] DEBUG    >>> _start_hq_resize | token=1578, target=1056x883, source=2447x2047
09:19:13.010 [Dummy-272 ] DEBUG        [Thread-1578] HqResize.start | target=1056x883
09:19:13.171 [Dummy-272 ] DEBUG        [Thread-1578] HqResize.success | scale=0.432
09:19:13.172 [Dummy-272 ] DEBUG    >>> _cleanup_hq_thread_early | token=1578
09:19:13.172 [MainThread] DEBUG    >>> _handle_hq_resized | token=1578, current_token=1578, has_error=False, image_valid=True, has_image=True
09:19:13.172 [MainThread] DEBUG        [_handle_hq_resized] action=swap_pixmap, scale=0.4315, size=1056x883
09:19:13.174 [MainThread] DEBUG    >>> _swap_pixmap_preserving_view | old_scale=1.0000, new_scale=0.4315, pixmap_size=1056x883
09:19:13.174 [MainThread] DEBUG        [_swap_pixmap] anchor=(1221.7, 1024.7)
09:19:13.174 [MainThread] DEBUG        [_swap_pixmap] status=success
09:19:14.585 [MainThread] DEBUG    >>> classify | key=c, enforce_focus=True, move_in_progress=False, has_session=True
09:19:14.585 [MainThread] DEBUG        [classify] action=start_move, current_image=SAP1120_H4F069HDF04_F6570_FUJ6810417_R_-819.265635_599.101119_0245744_0269834_20260905_144514.jpg
09:19:14.591 [MainThread] DEBUG    >>> _handle_classify_finished | has_record=True, has_error=False, record_key=c, record_category=BC
09:19:14.592 [MainThread] DEBUG        [_handle_classify_finished] action=sync_after_session_change
09:19:14.593 [MainThread] DEBUG    >>> _load_current_image | current=SAP1130_H4F069HDF04_F6570_FUJ6806528_R_-515.219425_-651.511775_0245744_0269834_20260905_131938.jpg, previous=SAP1120_H4F069HDF04_F6570_FUJ6810417_R_-819.265635_599.101119_0245744_0269834_20260905_144514.jpg
09:19:14.593 [MainThread] DEBUG        [_load_current_image] action=load, path=SAP1130_H4F069HDF04_F6570_FUJ6806528_R_-515.219425_-651.511775_0245744_0269834_20260905_131938.jpg
09:19:14.593 [MainThread] DEBUG    >>> _abort_hq | old_token=1578, active_hq=0
09:19:14.593 [MainThread] DEBUG    >>> load_image | token=248, path=SAP1130_H4F069HDF04_F6570_FUJ6806528_R_-515.219425_-651.511775_0245744_0269834_20260905_131938.jpg, has_image=True, active_threads=0, hq_threads=0
09:19:14.596 [Dummy-377 ] DEBUG        [Thread-248] ImageLoad.start | path=SAP1130_H4F069HDF04_F6570_FUJ6806528_R_-515.219425_-651.511775_0245744_0269834_20260905_131938.jpg
09:19:14.679 [Dummy-377 ] DEBUG        [Thread-248] ImageLoad.success | size=2447x2047
09:19:14.689 [MainThread] DEBUG    >>> _handle_image_loaded | token=248, current_token=248, path=SAP1130_H4F069HDF04_F6570_FUJ6806528_R_-515.219425_-651.511775_0245744_0269834_20260905_131938.jpg, has_error=False, image_valid=True
09:19:14.691 [MainThread] DEBUG    >>> _abort_hq | old_token=1579, active_hq=0
09:19:14.691 [MainThread] DEBUG        [_handle_image_loaded] action=create_pixmap, size=2447x2047
09:19:14.691 [MainThread] DEBUG        [_handle_image_loaded] action=fit_to_window
09:19:14.691 [MainThread] DEBUG    >>> _abort_hq | old_token=1580, active_hq=0
09:19:14.843 [MainThread] DEBUG    >>> _start_hq_resize | token=1582, target=1056x883, source=2447x2047
09:19:14.845 [Dummy-378 ] DEBUG        [Thread-1582] HqResize.start | target=1056x883
09:19:15.010 [Dummy-378 ] DEBUG        [Thread-1582] HqResize.success | scale=0.432
09:19:15.010 [Dummy-378 ] DEBUG    >>> _cleanup_hq_thread_early | token=1582
09:19:15.010 [MainThread] DEBUG    >>> _handle_hq_resized | token=1582, current_token=1582, has_error=False, image_valid=True, has_image=True
09:19:15.010 [MainThread] DEBUG        [_handle_hq_resized] action=swap_pixmap, scale=0.4315, size=1056x883
09:19:15.012 [MainThread] DEBUG    >>> _swap_pixmap_preserving_view | old_scale=1.0000, new_scale=0.4315, pixmap_size=1056x883
09:19:15.012 [MainThread] DEBUG        [_swap_pixmap] anchor=(1221.7, 1024.7)
09:19:15.012 [MainThread] DEBUG        [_swap_pixmap] status=success
09:19:16.385 [MainThread] DEBUG    >>> classify | key=G, enforce_focus=True, move_in_progress=False, has_session=True
09:19:16.385 [MainThread] DEBUG        [classify] action=start_move, current_image=SAP1130_H4F069HDF04_F6570_FUJ6806528_R_-515.219425_-651.511775_0245744_0269834_20260905_131938.jpg
09:19:16.390 [MainThread] DEBUG    >>> _handle_classify_finished | has_record=True, has_error=False, record_key=G, record_category=TP_GE
09:19:16.391 [MainThread] DEBUG        [_handle_classify_finished] action=sync_after_session_change
09:19:16.392 [MainThread] DEBUG    >>> _load_current_image | current=SAP1140_H4F065HDF09_F6570_FVJ6800631_R_-556.209962_1032.305069_0189957_0068403_20260828_181142.jpg, previous=SAP1130_H4F069HDF04_F6570_FUJ6806528_R_-515.219425_-651.511775_0245744_0269834_20260905_131938.jpg
09:19:16.392 [MainThread] DEBUG        [_load_current_image] action=load, path=SAP1140_H4F065HDF09_F6570_FVJ6800631_R_-556.209962_1032.305069_0189957_0068403_20260828_181142.jpg
09:19:16.392 [MainThread] DEBUG    >>> _abort_hq | old_token=1582, active_hq=0
09:19:16.392 [MainThread] DEBUG    >>> load_image | token=249, path=SAP1140_H4F065HDF09_F6570_FVJ6800631_R_-556.209962_1032.305069_0189957_0068403_20260828_181142.jpg, has_image=True, active_threads=0, hq_threads=0
09:19:16.394 [Dummy-379 ] DEBUG        [Thread-249] ImageLoad.start | path=SAP1140_H4F065HDF09_F6570_FVJ6800631_R_-556.209962_1032.305069_0189957_0068403_20260828_181142.jpg
09:19:16.474 [Dummy-379 ] DEBUG        [Thread-249] ImageLoad.success | size=2447x2047
09:19:16.483 [MainThread] DEBUG    >>> _handle_image_loaded | token=249, current_token=249, path=SAP1140_H4F065HDF09_F6570_FVJ6800631_R_-556.209962_1032.305069_0189957_0068403_20260828_181142.jpg, has_error=False, image_valid=True
09:19:16.485 [MainThread] DEBUG    >>> _abort_hq | old_token=1583, active_hq=0
09:19:16.485 [MainThread] DEBUG        [_handle_image_loaded] action=create_pixmap, size=2447x2047
09:19:16.486 [MainThread] DEBUG        [_handle_image_loaded] action=fit_to_window
09:19:16.486 [MainThread] DEBUG    >>> _abort_hq | old_token=1584, active_hq=0
09:19:16.643 [MainThread] DEBUG    >>> _start_hq_resize | token=1586, target=1056x883, source=2447x2047
09:19:16.649 [Dummy-380 ] DEBUG        [Thread-1586] HqResize.start | target=1056x883
09:19:16.828 [Dummy-380 ] DEBUG        [Thread-1586] HqResize.success | scale=0.432
09:19:16.828 [Dummy-380 ] DEBUG    >>> _cleanup_hq_thread_early | token=1586
09:19:16.828 [MainThread] DEBUG    >>> _handle_hq_resized | token=1586, current_token=1586, has_error=False, image_valid=True, has_image=True
09:19:16.828 [MainThread] DEBUG        [_handle_hq_resized] action=swap_pixmap, scale=0.4315, size=1056x883
09:19:16.830 [MainThread] DEBUG    >>> _swap_pixmap_preserving_view | old_scale=1.0000, new_scale=0.4315, pixmap_size=1056x883
09:19:16.830 [MainThread] DEBUG        [_swap_pixmap] anchor=(1221.7, 1024.7)
09:19:16.831 [MainThread] DEBUG        [_swap_pixmap] status=success
09:19:17.713 [MainThread] DEBUG    >>> classify | key=G, enforce_focus=True, move_in_progress=False, has_session=True
09:19:17.713 [MainThread] DEBUG        [classify] action=start_move, current_image=SAP1140_H4F065HDF09_F6570_FVJ6800631_R_-556.209962_1032.305069_0189957_0068403_20260828_181142.jpg
09:19:17.723 [MainThread] DEBUG    >>> _handle_classify_finished | has_record=True, has_error=False, record_key=G, record_category=TP_GE
09:19:17.723 [MainThread] DEBUG        [_handle_classify_finished] action=sync_after_session_change
09:19:17.724 [MainThread] DEBUG    >>> _load_current_image | current=SAP1310_H4F066HDF06_F6570_FUN6631640_T_-758.521747_249.546229_0083300_0160189_20260824_071936.jpg, previous=SAP1140_H4F065HDF09_F6570_FVJ6800631_R_-556.209962_1032.305069_0189957_0068403_20260828_181142.jpg
09:19:17.724 [MainThread] DEBUG        [_load_current_image] action=load, path=SAP1310_H4F066HDF06_F6570_FUN6631640_T_-758.521747_249.546229_0083300_0160189_20260824_071936.jpg
09:19:17.725 [MainThread] DEBUG    >>> _abort_hq | old_token=1586, active_hq=0
09:19:17.725 [MainThread] DEBUG    >>> load_image | token=250, path=SAP1310_H4F066HDF06_F6570_FUN6631640_T_-758.521747_249.546229_0083300_0160189_20260824_071936.jpg, has_image=True, active_threads=0, hq_threads=0
09:19:17.727 [Dummy-381 ] DEBUG        [Thread-250] ImageLoad.start | path=SAP1310_H4F066HDF06_F6570_FUN6631640_T_-758.521747_249.546229_0083300_0160189_20260824_071936.jpg
09:19:17.808 [Dummy-381 ] DEBUG        [Thread-250] ImageLoad.success | size=2447x2047
09:19:17.818 [MainThread] DEBUG    >>> _handle_image_loaded | token=250, current_token=250, path=SAP1310_H4F066HDF06_F6570_FUN6631640_T_-758.521747_249.546229_0083300_0160189_20260824_071936.jpg, has_error=False, image_valid=True
09:19:17.819 [MainThread] DEBUG    >>> _abort_hq | old_token=1587, active_hq=0
09:19:17.819 [MainThread] DEBUG        [_handle_image_loaded] action=create_pixmap, size=2447x2047
09:19:17.820 [MainThread] DEBUG        [_handle_image_loaded] action=fit_to_window
09:19:17.820 [MainThread] DEBUG    >>> _abort_hq | old_token=1588, active_hq=0
09:19:17.963 [MainThread] DEBUG    >>> _start_hq_resize | token=1590, target=1056x883, source=2447x2047
09:19:17.964 [Dummy-382 ] DEBUG        [Thread-1590] HqResize.start | target=1056x883
09:19:18.118 [Dummy-382 ] DEBUG        [Thread-1590] HqResize.success | scale=0.432
09:19:18.118 [Dummy-382 ] DEBUG    >>> _cleanup_hq_thread_early | token=1590
09:19:18.118 [MainThread] DEBUG    >>> _handle_hq_resized | token=1590, current_token=1590, has_error=False, image_valid=True, has_image=True
09:19:18.118 [MainThread] DEBUG        [_handle_hq_resized] action=swap_pixmap, scale=0.4315, size=1056x883
09:19:18.120 [MainThread] DEBUG    >>> _swap_pixmap_preserving_view | old_scale=1.0000, new_scale=0.4315, pixmap_size=1056x883
09:19:18.120 [MainThread] DEBUG        [_swap_pixmap] anchor=(1221.7, 1024.7)
09:19:18.121 [MainThread] DEBUG        [_swap_pixmap] status=success
09:19:18.521 [MainThread] DEBUG    >>> classify | key=G, enforce_focus=True, move_in_progress=False, has_session=True
09:19:18.521 [MainThread] DEBUG        [classify] action=start_move, current_image=SAP1310_H4F066HDF06_F6570_FUN6631640_T_-758.521747_249.546229_0083300_0160189_20260824_071936.jpg
09:19:18.531 [MainThread] DEBUG    >>> _handle_classify_finished | has_record=True, has_error=False, record_key=G, record_category=TP_GE
09:19:18.531 [MainThread] DEBUG        [_handle_classify_finished] action=sync_after_session_change
09:19:18.532 [MainThread] DEBUG    >>> _load_current_image | current=SAP1020_H4F065HDF13_F6570_FUQ6803249_R_-187.434150_-656.017850_0194923_0245744_20260904_040240.jpg, previous=SAP1310_H4F066HDF06_F6570_FUN6631640_T_-758.521747_249.546229_0083300_0160189_20260824_071936.jpg
09:19:18.532 [MainThread] DEBUG        [_load_current_image] action=load, path=SAP1020_H4F065HDF13_F6570_FUQ6803249_R_-187.434150_-656.017850_0194923_0245744_20260904_040240.jpg
09:19:18.532 [MainThread] DEBUG    >>> _abort_hq | old_token=1590, active_hq=0
09:19:18.532 [MainThread] DEBUG    >>> load_image | token=251, path=SAP1020_H4F065HDF13_F6570_FUQ6803249_R_-187.434150_-656.017850_0194923_0245744_20260904_040240.jpg, has_image=True, active_threads=0, hq_threads=0
09:19:18.533 [Dummy-383 ] DEBUG        [Thread-251] ImageLoad.start | path=SAP1020_H4F065HDF13_F6570_FUQ6803249_R_-187.434150_-656.017850_0194923_0245744_20260904_040240.jpg
09:19:18.610 [Dummy-383 ] DEBUG        [Thread-251] ImageLoad.success | size=2447x2047
09:19:18.625 [MainThread] DEBUG    >>> _handle_image_loaded | token=251, current_token=251, path=SAP1020_H4F065HDF13_F6570_FUQ6803249_R_-187.434150_-656.017850_0194923_0245744_20260904_040240.jpg, has_error=False, image_valid=True
09:19:18.626 [MainThread] DEBUG    >>> _abort_hq | old_token=1591, active_hq=0
09:19:18.626 [MainThread] DEBUG        [_handle_image_loaded] action=create_pixmap, size=2447x2047
09:19:18.627 [MainThread] DEBUG        [_handle_image_loaded] action=fit_to_window
09:19:18.627 [MainThread] DEBUG    >>> _abort_hq | old_token=1592, active_hq=0
09:19:18.790 [MainThread] DEBUG    >>> _start_hq_resize | token=1594, target=1056x883, source=2447x2047
09:19:18.793 [Dummy-17  ] DEBUG        [Thread-1594] HqResize.start | target=1056x883
09:19:18.962 [Dummy-17  ] DEBUG        [Thread-1594] HqResize.success | scale=0.432
09:19:18.962 [Dummy-17  ] DEBUG    >>> _cleanup_hq_thread_early | token=1594
09:19:18.962 [MainThread] DEBUG    >>> _handle_hq_resized | token=1594, current_token=1594, has_error=False, image_valid=True, has_image=True
09:19:18.962 [MainThread] DEBUG        [_handle_hq_resized] action=swap_pixmap, scale=0.4315, size=1056x883
09:19:18.965 [MainThread] DEBUG    >>> _swap_pixmap_preserving_view | old_scale=1.0000, new_scale=0.4315, pixmap_size=1056x883
09:19:18.965 [MainThread] DEBUG        [_swap_pixmap] anchor=(1221.7, 1024.7)
09:19:18.965 [MainThread] DEBUG        [_swap_pixmap] status=success
09:19:19.520 [MainThread] DEBUG    >>> next_image | current=11, requested=11, total=12
09:19:19.520 [MainThread] DEBUG    >>> _load_current_image | current=SAP1020_H4F065HDF13_F6570_FUQ6803249_R_-187.434150_-656.017850_0194923_0245744_20260904_040240.jpg, previous=SAP1020_H4F065HDF13_F6570_FUQ6803249_R_-187.434150_-656.017850_0194923_0245744_20260904_040240.jpg
09:19:19.521 [MainThread] DEBUG        [_load_current_image] action=skip, reason=already_loaded
09:19:20.091 [MainThread] DEBUG    >>> _load_current_image | current=SAP1020_H4F065HDF13_F6570_FUQ6802442_T_-332.741716_-698.575115_0194923_0245744_20260904_063402.jpg, previous=SAP1020_H4F065HDF13_F6570_FUQ6803249_R_-187.434150_-656.017850_0194923_0245744_20260904_040240.jpg
09:19:20.091 [MainThread] DEBUG        [_load_current_image] action=load, path=SAP1020_H4F065HDF13_F6570_FUQ6802442_T_-332.741716_-698.575115_0194923_0245744_20260904_063402.jpg
09:19:20.092 [MainThread] DEBUG    >>> _abort_hq | old_token=1594, active_hq=0
09:19:20.092 [MainThread] DEBUG    >>> load_image | token=252, path=SAP1020_H4F065HDF13_F6570_FUQ6802442_T_-332.741716_-698.575115_0194923_0245744_20260904_063402.jpg, has_image=True, active_threads=0, hq_threads=0
09:19:20.095 [Dummy-384 ] DEBUG        [Thread-252] ImageLoad.start | path=SAP1020_H4F065HDF13_F6570_FUQ6802442_T_-332.741716_-698.575115_0194923_0245744_20260904_063402.jpg
09:19:20.196 [Dummy-384 ] DEBUG        [Thread-252] ImageLoad.success | size=2447x2047
09:19:20.202 [MainThread] DEBUG    >>> _handle_image_loaded | token=252, current_token=252, path=SAP1020_H4F065HDF13_F6570_FUQ6802442_T_-332.741716_-698.575115_0194923_0245744_20260904_063402.jpg, has_error=False, image_valid=True
09:19:20.204 [MainThread] DEBUG    >>> _abort_hq | old_token=1595, active_hq=0
09:19:20.205 [MainThread] DEBUG        [_handle_image_loaded] action=create_pixmap, size=2447x2047
09:19:20.205 [MainThread] DEBUG        [_handle_image_loaded] action=fit_to_window
09:19:20.205 [MainThread] DEBUG    >>> _abort_hq | old_token=1596, active_hq=0
09:19:20.298 [MainThread] DEBUG    >>> _load_current_image | current=SAP1020_H4F065HDF13_F6570_FUQ6801414_T_735.764525_-165.716277_0194923_0245744_20260904_043427.jpg, previous=SAP1020_H4F065HDF13_F6570_FUQ6802442_T_-332.741716_-698.575115_0194923_0245744_20260904_063402.jpg
09:19:20.298 [MainThread] DEBUG        [_load_current_image] action=load, path=SAP1020_H4F065HDF13_F6570_FUQ6801414_T_735.764525_-165.716277_0194923_0245744_20260904_043427.jpg
09:19:20.298 [MainThread] DEBUG    >>> _abort_hq | old_token=1597, active_hq=0
09:19:20.299 [MainThread] DEBUG    >>> load_image | token=253, path=SAP1020_H4F065HDF13_F6570_FUQ6801414_T_735.764525_-165.716277_0194923_0245744_20260904_043427.jpg, has_image=True, active_threads=0, hq_threads=0
09:19:20.302 [Dummy-385 ] DEBUG        [Thread-253] ImageLoad.start | path=SAP1020_H4F065HDF13_F6570_FUQ6801414_T_735.764525_-165.716277_0194923_0245744_20260904_043427.jpg
09:19:20.394 [Dummy-385 ] DEBUG        [Thread-253] ImageLoad.success | size=2447x2047
09:19:20.401 [MainThread] DEBUG    >>> _handle_image_loaded | token=253, current_token=253, path=SAP1020_H4F065HDF13_F6570_FUQ6801414_T_735.764525_-165.716277_0194923_0245744_20260904_043427.jpg, has_error=False, image_valid=True
09:19:20.401 [MainThread] DEBUG    >>> _abort_hq | old_token=1598, active_hq=0
09:19:20.401 [MainThread] DEBUG        [_handle_image_loaded] action=create_pixmap, size=2447x2047
09:19:20.403 [MainThread] DEBUG        [_handle_image_loaded] action=fit_to_window
09:19:20.403 [MainThread] DEBUG    >>> _abort_hq | old_token=1599, active_hq=0
09:19:20.458 [MainThread] DEBUG    >>> _load_current_image | current=FRE0920_H4F238FDF10_F6570_FNK6816002_T_1050.049148_-872.714463_0160189_0245744_20260831_031437.jpg, previous=SAP1020_H4F065HDF13_F6570_FUQ6801414_T_735.764525_-165.716277_0194923_0245744_20260904_043427.jpg
09:19:20.458 [MainThread] DEBUG        [_load_current_image] action=load, path=FRE0920_H4F238FDF10_F6570_FNK6816002_T_1050.049148_-872.714463_0160189_0245744_20260831_031437.jpg
09:19:20.459 [MainThread] DEBUG    >>> _abort_hq | old_token=1600, active_hq=0
09:19:20.459 [MainThread] DEBUG    >>> load_image | token=254, path=FRE0920_H4F238FDF10_F6570_FNK6816002_T_1050.049148_-872.714463_0160189_0245744_20260831_031437.jpg, has_image=True, active_threads=0, hq_threads=0
09:19:20.462 [Dummy-386 ] DEBUG        [Thread-254] ImageLoad.start | path=FRE0920_H4F238FDF10_F6570_FNK6816002_T_1050.049148_-872.714463_0160189_0245744_20260831_031437.jpg
09:19:20.564 [Dummy-386 ] DEBUG        [Thread-254] ImageLoad.success | size=2447x2047
09:19:20.569 [MainThread] DEBUG    >>> _handle_image_loaded | token=254, current_token=254, path=FRE0920_H4F238FDF10_F6570_FNK6816002_T_1050.049148_-872.714463_0160189_0245744_20260831_031437.jpg, has_error=False, image_valid=True
09:19:20.569 [MainThread] DEBUG    >>> _abort_hq | old_token=1601, active_hq=0
09:19:20.569 [MainThread] DEBUG        [_handle_image_loaded] action=create_pixmap, size=2447x2047
09:19:20.571 [MainThread] DEBUG        [_handle_image_loaded] action=fit_to_window
09:19:20.571 [MainThread] DEBUG    >>> _abort_hq | old_token=1602, active_hq=0
09:19:20.657 [MainThread] DEBUG    >>> _load_current_image | current=FRE0610_H4F067HDF11_F6570_FFE6801346_T_716.998856_1232.590954_0068176_0153560_20260826_141206.jpg, previous=FRE0920_H4F238FDF10_F6570_FNK6816002_T_1050.049148_-872.714463_0160189_0245744_20260831_031437.jpg
09:19:20.657 [MainThread] DEBUG        [_load_current_image] action=load, path=FRE0610_H4F067HDF11_F6570_FFE6801346_T_716.998856_1232.590954_0068176_0153560_20260826_141206.jpg
09:19:20.657 [MainThread] DEBUG    >>> _abort_hq | old_token=1603, active_hq=0
09:19:20.657 [MainThread] DEBUG    >>> load_image | token=255, path=FRE0610_H4F067HDF11_F6570_FFE6801346_T_716.998856_1232.590954_0068176_0153560_20260826_141206.jpg, has_image=True, active_threads=0, hq_threads=0
09:19:20.658 [Dummy-387 ] DEBUG        [Thread-255] ImageLoad.start | path=FRE0610_H4F067HDF11_F6570_FFE6801346_T_716.998856_1232.590954_0068176_0153560_20260826_141206.jpg
09:19:20.727 [Dummy-387 ] DEBUG        [Thread-255] ImageLoad.success | size=2447x2047
09:19:20.733 [MainThread] DEBUG    >>> _handle_image_loaded | token=255, current_token=255, path=FRE0610_H4F067HDF11_F6570_FFE6801346_T_716.998856_1232.590954_0068176_0153560_20260826_141206.jpg, has_error=False, image_valid=True
09:19:20.733 [MainThread] DEBUG    >>> _abort_hq | old_token=1604, active_hq=0
09:19:20.733 [MainThread] DEBUG        [_handle_image_loaded] action=create_pixmap, size=2447x2047
09:19:20.735 [MainThread] DEBUG        [_handle_image_loaded] action=fit_to_window
09:19:20.735 [MainThread] DEBUG    >>> _abort_hq | old_token=1605, active_hq=0
09:19:20.827 [MainThread] DEBUG    >>> _load_current_image | current=FRE0210_H4F270FDF14_F6570_FBE6802612_T_-672.603399_-956.456302_0069094_0083300_20260824_203415.jpg, previous=FRE0610_H4F067HDF11_F6570_FFE6801346_T_716.998856_1232.590954_0068176_0153560_20260826_141206.jpg
09:19:20.828 [MainThread] DEBUG        [_load_current_image] action=load, path=FRE0210_H4F270FDF14_F6570_FBE6802612_T_-672.603399_-956.456302_0069094_0083300_20260824_203415.jpg
09:19:20.828 [MainThread] DEBUG    >>> _abort_hq | old_token=1606, active_hq=0
09:19:20.828 [MainThread] DEBUG    >>> load_image | token=256, path=FRE0210_H4F270FDF14_F6570_FBE6802612_T_-672.603399_-956.456302_0069094_0083300_20260824_203415.jpg, has_image=True, active_threads=0, hq_threads=0
09:19:20.832 [Dummy-388 ] DEBUG        [Thread-256] ImageLoad.start | path=FRE0210_H4F270FDF14_F6570_FBE6802612_T_-672.603399_-956.456302_0069094_0083300_20260824_203415.jpg
09:19:20.931 [Dummy-388 ] DEBUG        [Thread-256] ImageLoad.success | size=2447x2047
09:19:20.938 [MainThread] DEBUG    >>> _handle_image_loaded | token=256, current_token=256, path=FRE0210_H4F270FDF14_F6570_FBE6802612_T_-672.603399_-956.456302_0069094_0083300_20260824_203415.jpg, has_error=False, image_valid=True
09:19:20.938 [MainThread] DEBUG    >>> _abort_hq | old_token=1607, active_hq=0
09:19:20.938 [MainThread] DEBUG        [_handle_image_loaded] action=create_pixmap, size=2447x2047
09:19:20.941 [MainThread] DEBUG        [_handle_image_loaded] action=fit_to_window
09:19:20.941 [MainThread] DEBUG    >>> _abort_hq | old_token=1608, active_hq=0
09:19:21.011 [MainThread] DEBUG    >>> _load_current_image | current=FRE0210_H4F270FDF14_F6570_FBE6801709_T_-599.796393_-698.507288_0270003_0189957_20260824_182359.jpg, previous=FRE0210_H4F270FDF14_F6570_FBE6802612_T_-672.603399_-956.456302_0069094_0083300_20260824_203415.jpg
09:19:21.011 [MainThread] DEBUG        [_load_current_image] action=load, path=FRE0210_H4F270FDF14_F6570_FBE6801709_T_-599.796393_-698.507288_0270003_0189957_20260824_182359.jpg
09:19:21.011 [MainThread] DEBUG    >>> _abort_hq | old_token=1609, active_hq=0
09:19:21.012 [MainThread] DEBUG    >>> load_image | token=257, path=FRE0210_H4F270FDF14_F6570_FBE6801709_T_-599.796393_-698.507288_0270003_0189957_20260824_182359.jpg, has_image=True, active_threads=0, hq_threads=0
09:19:21.015 [Dummy-99  ] DEBUG        [Thread-257] ImageLoad.start | path=FRE0210_H4F270FDF14_F6570_FBE6801709_T_-599.796393_-698.507288_0270003_0189957_20260824_182359.jpg
09:19:21.113 [Dummy-99  ] DEBUG        [Thread-257] ImageLoad.success | size=2447x2047
09:19:21.124 [MainThread] DEBUG    >>> _handle_image_loaded | token=257, current_token=257, path=FRE0210_H4F270FDF14_F6570_FBE6801709_T_-599.796393_-698.507288_0270003_0189957_20260824_182359.jpg, has_error=False, image_valid=True
09:19:21.124 [MainThread] DEBUG    >>> _abort_hq | old_token=1610, active_hq=0
09:19:21.124 [MainThread] DEBUG        [_handle_image_loaded] action=create_pixmap, size=2447x2047
09:19:21.126 [MainThread] DEBUG        [_handle_image_loaded] action=fit_to_window
09:19:21.126 [MainThread] DEBUG    >>> _abort_hq | old_token=1611, active_hq=0
09:19:21.270 [MainThread] DEBUG    >>> _start_hq_resize | token=1613, target=1056x883, source=2447x2047
09:19:21.272 [Dummy-389 ] DEBUG        [Thread-1613] HqResize.start | target=1056x883
09:19:21.290 [MainThread] DEBUG    >>> next_image | current=5, requested=6, total=12
09:19:21.298 [MainThread] DEBUG    >>> _load_current_image | current=FRE0210_H4F270FDF14_F6570_FBE6802612_T_-672.603399_-956.456302_0069094_0083300_20260824_203415.jpg, previous=FRE0210_H4F270FDF14_F6570_FBE6801709_T_-599.796393_-698.507288_0270003_0189957_20260824_182359.jpg
09:19:21.298 [MainThread] DEBUG        [_load_current_image] action=load, path=FRE0210_H4F270FDF14_F6570_FBE6802612_T_-672.603399_-956.456302_0069094_0083300_20260824_203415.jpg
09:19:21.298 [MainThread] DEBUG    >>> _abort_hq | old_token=1613, active_hq=1
09:19:21.299 [MainThread] DEBUG    >>> load_image | token=258, path=FRE0210_H4F270FDF14_F6570_FBE6802612_T_-672.603399_-956.456302_0069094_0083300_20260824_203415.jpg, has_image=True, active_threads=0, hq_threads=1
09:19:21.301 [Dummy-390 ] DEBUG        [Thread-258] ImageLoad.start | path=FRE0210_H4F270FDF14_F6570_FBE6802612_T_-672.603399_-956.456302_0069094_0083300_20260824_203415.jpg
09:19:21.398 [Dummy-390 ] DEBUG        [Thread-258] ImageLoad.success | size=2447x2047
09:19:21.409 [MainThread] DEBUG    >>> _handle_image_loaded | token=258, current_token=258, path=FRE0210_H4F270FDF14_F6570_FBE6802612_T_-672.603399_-956.456302_0069094_0083300_20260824_203415.jpg, has_error=False, image_valid=True
09:19:21.409 [MainThread] DEBUG    >>> _abort_hq | old_token=1614, active_hq=1
09:19:21.410 [MainThread] DEBUG        [_handle_image_loaded] action=create_pixmap, size=2447x2047
09:19:21.412 [MainThread] DEBUG        [_handle_image_loaded] action=fit_to_window
09:19:21.412 [MainThread] DEBUG    >>> _abort_hq | old_token=1615, active_hq=1
09:19:21.542 [Dummy-389 ] DEBUG        [Thread-1613] HqResize.cancelled_late | 
09:19:21.542 [MainThread] DEBUG    >>> _handle_hq_resized | token=1613, current_token=1616, has_error=True, image_valid=False, has_image=True
09:19:21.542 [MainThread] DEBUG        [_handle_hq_resized] action=ignore, reason=token_mismatch
09:19:21.543 [MainThread] WARNING  ⚠️  Found deleted C++ QObject in _hq_threads (cleaned up) | token=1613
09:19:21.549 [MainThread] DEBUG    >>> _start_hq_resize | token=1617, target=1056x883, source=2447x2047
09:19:21.550 [Dummy-391 ] DEBUG        [Thread-1617] HqResize.start | target=1056x883
09:19:21.716 [Dummy-391 ] DEBUG        [Thread-1617] HqResize.success | scale=0.432
09:19:21.716 [Dummy-391 ] DEBUG    >>> _cleanup_hq_thread_early | token=1617
09:19:21.716 [MainThread] DEBUG    >>> _handle_hq_resized | token=1617, current_token=1617, has_error=False, image_valid=True, has_image=True
09:19:21.716 [MainThread] DEBUG        [_handle_hq_resized] action=swap_pixmap, scale=0.4315, size=1056x883
09:19:21.718 [MainThread] DEBUG    >>> _swap_pixmap_preserving_view | old_scale=1.0000, new_scale=0.4315, pixmap_size=1056x883
09:19:21.719 [MainThread] DEBUG        [_swap_pixmap] anchor=(1221.7, 1024.7)
09:19:21.719 [MainThread] DEBUG        [_swap_pixmap] status=success
09:19:24.049 [MainThread] DEBUG    >>> classify | key=s, enforce_focus=True, move_in_progress=False, has_session=True
09:19:24.050 [MainThread] DEBUG        [classify] action=start_move, current_image=FRE0210_H4F270FDF14_F6570_FBE6802612_T_-672.603399_-956.456302_0069094_0083300_20260824_203415.jpg
09:19:24.066 [MainThread] DEBUG    >>> _handle_classify_finished | has_record=True, has_error=False, record_key=s, record_category=SP
09:19:24.066 [MainThread] DEBUG        [_handle_classify_finished] action=sync_after_session_change
09:19:24.069 [MainThread] DEBUG    >>> _load_current_image | current=FRE0610_H4F067HDF11_F6570_FFE6801346_T_716.998856_1232.590954_0068176_0153560_20260826_141206.jpg, previous=FRE0210_H4F270FDF14_F6570_FBE6802612_T_-672.603399_-956.456302_0069094_0083300_20260824_203415.jpg
09:19:24.069 [MainThread] DEBUG        [_load_current_image] action=load, path=FRE0610_H4F067HDF11_F6570_FFE6801346_T_716.998856_1232.590954_0068176_0153560_20260826_141206.jpg
09:19:24.069 [MainThread] DEBUG    >>> _abort_hq | old_token=1617, active_hq=0
09:19:24.069 [MainThread] DEBUG    >>> load_image | token=259, path=FRE0610_H4F067HDF11_F6570_FFE6801346_T_716.998856_1232.590954_0068176_0153560_20260826_141206.jpg, has_image=True, active_threads=0, hq_threads=0
09:19:24.074 [Dummy-392 ] DEBUG        [Thread-259] ImageLoad.start | path=FRE0610_H4F067HDF11_F6570_FFE6801346_T_716.998856_1232.590954_0068176_0153560_20260826_141206.jpg
09:19:24.166 [Dummy-392 ] DEBUG        [Thread-259] ImageLoad.success | size=2447x2047
09:19:24.178 [MainThread] DEBUG    >>> _handle_image_loaded | token=259, current_token=259, path=FRE0610_H4F067HDF11_F6570_FFE6801346_T_716.998856_1232.590954_0068176_0153560_20260826_141206.jpg, has_error=False, image_valid=True
09:19:24.180 [MainThread] DEBUG    >>> _abort_hq | old_token=1618, active_hq=0
09:19:24.180 [MainThread] DEBUG        [_handle_image_loaded] action=create_pixmap, size=2447x2047
09:19:24.180 [MainThread] DEBUG        [_handle_image_loaded] action=fit_to_window
09:19:24.180 [MainThread] DEBUG    >>> _abort_hq | old_token=1619, active_hq=0
09:19:24.323 [MainThread] DEBUG    >>> _start_hq_resize | token=1621, target=1056x883, source=2447x2047
09:19:24.324 [Dummy-393 ] DEBUG        [Thread-1621] HqResize.start | target=1056x883
09:19:24.484 [Dummy-393 ] DEBUG        [Thread-1621] HqResize.success | scale=0.432
09:19:24.485 [Dummy-393 ] DEBUG    >>> _cleanup_hq_thread_early | token=1621
09:19:24.485 [MainThread] DEBUG    >>> _handle_hq_resized | token=1621, current_token=1621, has_error=False, image_valid=True, has_image=True
09:19:24.485 [MainThread] DEBUG        [_handle_hq_resized] action=swap_pixmap, scale=0.4315, size=1056x883
09:19:24.487 [MainThread] DEBUG    >>> _swap_pixmap_preserving_view | old_scale=1.0000, new_scale=0.4315, pixmap_size=1056x883
09:19:24.488 [MainThread] DEBUG        [_swap_pixmap] anchor=(1221.7, 1024.7)
09:19:24.488 [MainThread] DEBUG        [_swap_pixmap] status=success
09:19:24.954 [MainThread] DEBUG    >>> _load_current_image | current=FRE0210_H4F270FDF14_F6570_FBE6801709_T_-599.796393_-698.507288_0270003_0189957_20260824_182359.jpg, previous=FRE0610_H4F067HDF11_F6570_FFE6801346_T_716.998856_1232.590954_0068176_0153560_20260826_141206.jpg
09:19:24.954 [MainThread] DEBUG        [_load_current_image] action=load, path=FRE0210_H4F270FDF14_F6570_FBE6801709_T_-599.796393_-698.507288_0270003_0189957_20260824_182359.jpg
09:19:24.955 [MainThread] DEBUG    >>> _abort_hq | old_token=1621, active_hq=0
09:19:24.955 [MainThread] DEBUG    >>> load_image | token=260, path=FRE0210_H4F270FDF14_F6570_FBE6801709_T_-599.796393_-698.507288_0270003_0189957_20260824_182359.jpg, has_image=True, active_threads=0, hq_threads=0
09:19:24.957 [Dummy-394 ] DEBUG        [Thread-260] ImageLoad.start | path=FRE0210_H4F270FDF14_F6570_FBE6801709_T_-599.796393_-698.507288_0270003_0189957_20260824_182359.jpg
09:19:25.032 [Dummy-394 ] DEBUG        [Thread-260] ImageLoad.success | size=2447x2047
09:19:25.039 [MainThread] DEBUG    >>> _handle_image_loaded | token=260, current_token=260, path=FRE0210_H4F270FDF14_F6570_FBE6801709_T_-599.796393_-698.507288_0270003_0189957_20260824_182359.jpg, has_error=False, image_valid=True
09:19:25.041 [MainThread] DEBUG    >>> _abort_hq | old_token=1622, active_hq=0
09:19:25.041 [MainThread] DEBUG        [_handle_image_loaded] action=create_pixmap, size=2447x2047
09:19:25.042 [MainThread] DEBUG        [_handle_image_loaded] action=fit_to_window
09:19:25.042 [MainThread] DEBUG    >>> _abort_hq | old_token=1623, active_hq=0
09:19:25.200 [MainThread] DEBUG    >>> _start_hq_resize | token=1625, target=1056x883, source=2447x2047
09:19:25.203 [Dummy-395 ] DEBUG        [Thread-1625] HqResize.start | target=1056x883
09:19:25.354 [Dummy-395 ] DEBUG        [Thread-1625] HqResize.success | scale=0.432
09:19:25.354 [Dummy-395 ] DEBUG    >>> _cleanup_hq_thread_early | token=1625
09:19:25.354 [MainThread] DEBUG    >>> _handle_hq_resized | token=1625, current_token=1625, has_error=False, image_valid=True, has_image=True
09:19:25.354 [MainThread] DEBUG        [_handle_hq_resized] action=swap_pixmap, scale=0.4315, size=1056x883
09:19:25.357 [MainThread] DEBUG    >>> _swap_pixmap_preserving_view | old_scale=1.0000, new_scale=0.4315, pixmap_size=1056x883
09:19:25.357 [MainThread] DEBUG        [_swap_pixmap] anchor=(1221.7, 1024.7)
09:19:25.357 [MainThread] DEBUG        [_swap_pixmap] status=success
09:19:25.937 [MainThread] DEBUG    >>> classify | key=s, enforce_focus=True, move_in_progress=False, has_session=True
09:19:25.937 [MainThread] DEBUG        [classify] action=start_move, current_image=FRE0210_H4F270FDF14_F6570_FBE6801709_T_-599.796393_-698.507288_0270003_0189957_20260824_182359.jpg
09:19:25.951 [MainThread] DEBUG    >>> _handle_classify_finished | has_record=True, has_error=False, record_key=s, record_category=SP
09:19:25.951 [MainThread] DEBUG        [_handle_classify_finished] action=sync_after_session_change
09:19:25.954 [MainThread] DEBUG    >>> _load_current_image | current=FRE0610_H4F067HDF11_F6570_FFE6801346_T_716.998856_1232.590954_0068176_0153560_20260826_141206.jpg, previous=FRE0210_H4F270FDF14_F6570_FBE6801709_T_-599.796393_-698.507288_0270003_0189957_20260824_182359.jpg
09:19:25.954 [MainThread] DEBUG        [_load_current_image] action=load, path=FRE0610_H4F067HDF11_F6570_FFE6801346_T_716.998856_1232.590954_0068176_0153560_20260826_141206.jpg
09:19:25.955 [MainThread] DEBUG    >>> _abort_hq | old_token=1625, active_hq=0
09:19:25.955 [MainThread] DEBUG    >>> load_image | token=261, path=FRE0610_H4F067HDF11_F6570_FFE6801346_T_716.998856_1232.590954_0068176_0153560_20260826_141206.jpg, has_image=True, active_threads=0, hq_threads=0
09:19:25.959 [Dummy-396 ] DEBUG        [Thread-261] ImageLoad.start | path=FRE0610_H4F067HDF11_F6570_FFE6801346_T_716.998856_1232.590954_0068176_0153560_20260826_141206.jpg
09:19:26.067 [Dummy-396 ] DEBUG        [Thread-261] ImageLoad.success | size=2447x2047
09:19:26.079 [MainThread] DEBUG    >>> _handle_image_loaded | token=261, current_token=261, path=FRE0610_H4F067HDF11_F6570_FFE6801346_T_716.998856_1232.590954_0068176_0153560_20260826_141206.jpg, has_error=False, image_valid=True
09:19:26.080 [MainThread] DEBUG    >>> _abort_hq | old_token=1626, active_hq=0
09:19:26.080 [MainThread] DEBUG        [_handle_image_loaded] action=create_pixmap, size=2447x2047
09:19:26.081 [MainThread] DEBUG        [_handle_image_loaded] action=fit_to_window
09:19:26.081 [MainThread] DEBUG    >>> _abort_hq | old_token=1627, active_hq=0
09:19:26.222 [MainThread] DEBUG    >>> _start_hq_resize | token=1629, target=1056x883, source=2447x2047
09:19:26.225 [Dummy-397 ] DEBUG        [Thread-1629] HqResize.start | target=1056x883
09:19:26.400 [Dummy-397 ] DEBUG        [Thread-1629] HqResize.success | scale=0.432
09:19:26.400 [Dummy-397 ] DEBUG    >>> _cleanup_hq_thread_early | token=1629
09:19:26.400 [MainThread] DEBUG    >>> _handle_hq_resized | token=1629, current_token=1629, has_error=False, image_valid=True, has_image=True
09:19:26.401 [MainThread] DEBUG        [_handle_hq_resized] action=swap_pixmap, scale=0.4315, size=1056x883
09:19:26.403 [MainThread] DEBUG    >>> _swap_pixmap_preserving_view | old_scale=1.0000, new_scale=0.4315, pixmap_size=1056x883
09:19:26.403 [MainThread] DEBUG        [_swap_pixmap] anchor=(1221.7, 1024.7)
09:19:26.403 [MainThread] DEBUG        [_swap_pixmap] status=success
09:19:27.162 [MainThread] DEBUG    >>> _load_current_image | current=FRE0210_H4F270FDF10_F6570_FLV6806508_T_-132.191229_886.249284_0152745_0069094_20260826_212006.jpg, previous=FRE0610_H4F067HDF11_F6570_FFE6801346_T_716.998856_1232.590954_0068176_0153560_20260826_141206.jpg
09:19:27.162 [MainThread] DEBUG        [_load_current_image] action=load, path=FRE0210_H4F270FDF10_F6570_FLV6806508_T_-132.191229_886.249284_0152745_0069094_20260826_212006.jpg
09:19:27.163 [MainThread] DEBUG    >>> _abort_hq | old_token=1629, active_hq=0
09:19:27.163 [MainThread] DEBUG    >>> load_image | token=262, path=FRE0210_H4F270FDF10_F6570_FLV6806508_T_-132.191229_886.249284_0152745_0069094_20260826_212006.jpg, has_image=True, active_threads=0, hq_threads=0
09:19:27.167 [Dummy-398 ] DEBUG        [Thread-262] ImageLoad.start | path=FRE0210_H4F270FDF10_F6570_FLV6806508_T_-132.191229_886.249284_0152745_0069094_20260826_212006.jpg
09:19:27.272 [Dummy-398 ] DEBUG        [Thread-262] ImageLoad.success | size=2447x2047
09:19:27.278 [MainThread] DEBUG    >>> _handle_image_loaded | token=262, current_token=262, path=FRE0210_H4F270FDF10_F6570_FLV6806508_T_-132.191229_886.249284_0152745_0069094_20260826_212006.jpg, has_error=False, image_valid=True
09:19:27.280 [MainThread] DEBUG    >>> _abort_hq | old_token=1630, active_hq=0
09:19:27.280 [MainThread] DEBUG        [_handle_image_loaded] action=create_pixmap, size=2447x2047
09:19:27.281 [MainThread] DEBUG        [_handle_image_loaded] action=fit_to_window
09:19:27.281 [MainThread] DEBUG    >>> _abort_hq | old_token=1631, active_hq=0
09:19:27.430 [MainThread] DEBUG    >>> _start_hq_resize | token=1633, target=1056x883, source=2447x2047
09:19:27.432 [Dummy-399 ] DEBUG        [Thread-1633] HqResize.start | target=1056x883
09:19:27.599 [Dummy-399 ] DEBUG        [Thread-1633] HqResize.success | scale=0.432
09:19:27.599 [Dummy-399 ] DEBUG    >>> _cleanup_hq_thread_early | token=1633
09:19:27.599 [MainThread] DEBUG    >>> _handle_hq_resized | token=1633, current_token=1633, has_error=False, image_valid=True, has_image=True
09:19:27.600 [MainThread] DEBUG        [_handle_hq_resized] action=swap_pixmap, scale=0.4315, size=1056x883
09:19:27.601 [MainThread] DEBUG    >>> _swap_pixmap_preserving_view | old_scale=1.0000, new_scale=0.4315, pixmap_size=1056x883
09:19:27.602 [MainThread] DEBUG        [_swap_pixmap] anchor=(1221.7, 1024.7)
09:19:27.602 [MainThread] DEBUG        [_swap_pixmap] status=success
09:19:28.042 [MainThread] DEBUG    >>> classify | key=s, enforce_focus=True, move_in_progress=False, has_session=True
09:19:28.042 [MainThread] DEBUG        [classify] action=start_move, current_image=FRE0210_H4F270FDF10_F6570_FLV6806508_T_-132.191229_886.249284_0152745_0069094_20260826_212006.jpg
09:19:28.061 [MainThread] DEBUG    >>> _handle_classify_finished | has_record=True, has_error=False, record_key=s, record_category=SP
09:19:28.061 [MainThread] DEBUG        [_handle_classify_finished] action=sync_after_session_change
09:19:28.064 [MainThread] DEBUG    >>> _load_current_image | current=FRE0610_H4F067HDF11_F6570_FFE6801346_T_716.998856_1232.590954_0068176_0153560_20260826_141206.jpg, previous=FRE0210_H4F270FDF10_F6570_FLV6806508_T_-132.191229_886.249284_0152745_0069094_20260826_212006.jpg
09:19:28.065 [MainThread] DEBUG        [_load_current_image] action=load, path=FRE0610_H4F067HDF11_F6570_FFE6801346_T_716.998856_1232.590954_0068176_0153560_20260826_141206.jpg
09:19:28.065 [MainThread] DEBUG    >>> _abort_hq | old_token=1633, active_hq=0
09:19:28.065 [MainThread] DEBUG    >>> load_image | token=263, path=FRE0610_H4F067HDF11_F6570_FFE6801346_T_716.998856_1232.590954_0068176_0153560_20260826_141206.jpg, has_image=True, active_threads=0, hq_threads=0
09:19:28.070 [Dummy-157 ] DEBUG        [Thread-263] ImageLoad.start | path=FRE0610_H4F067HDF11_F6570_FFE6801346_T_716.998856_1232.590954_0068176_0153560_20260826_141206.jpg
09:19:28.154 [Dummy-157 ] DEBUG        [Thread-263] ImageLoad.success | size=2447x2047
09:19:28.168 [MainThread] DEBUG    >>> _handle_image_loaded | token=263, current_token=263, path=FRE0610_H4F067HDF11_F6570_FFE6801346_T_716.998856_1232.590954_0068176_0153560_20260826_141206.jpg, has_error=False, image_valid=True
09:19:28.169 [MainThread] DEBUG    >>> _abort_hq | old_token=1634, active_hq=0
09:19:28.169 [MainThread] DEBUG        [_handle_image_loaded] action=create_pixmap, size=2447x2047
09:19:28.170 [MainThread] DEBUG        [_handle_image_loaded] action=fit_to_window
09:19:28.170 [MainThread] DEBUG    >>> _abort_hq | old_token=1635, active_hq=0
09:19:28.320 [MainThread] DEBUG    >>> _start_hq_resize | token=1637, target=1056x883, source=2447x2047
09:19:28.321 [Dummy-400 ] DEBUG        [Thread-1637] HqResize.start | target=1056x883
09:19:28.481 [Dummy-400 ] DEBUG        [Thread-1637] HqResize.success | scale=0.432
09:19:28.481 [Dummy-400 ] DEBUG    >>> _cleanup_hq_thread_early | token=1637
09:19:28.481 [MainThread] DEBUG    >>> _handle_hq_resized | token=1637, current_token=1637, has_error=False, image_valid=True, has_image=True
09:19:28.481 [MainThread] DEBUG        [_handle_hq_resized] action=swap_pixmap, scale=0.4315, size=1056x883
09:19:28.484 [MainThread] DEBUG    >>> _swap_pixmap_preserving_view | old_scale=1.0000, new_scale=0.4315, pixmap_size=1056x883
09:19:28.484 [MainThread] DEBUG        [_swap_pixmap] anchor=(1221.7, 1024.7)
09:19:28.484 [MainThread] DEBUG        [_swap_pixmap] status=success
09:19:28.680 [MainThread] DEBUG    >>> _load_current_image | current=FRE0210_H4F270FDF10_F6570_FLV6806508_T_-132.191229_886.249284_0152745_0069094_20260826_212006.jpg, previous=FRE0610_H4F067HDF11_F6570_FFE6801346_T_716.998856_1232.590954_0068176_0153560_20260826_141206.jpg
09:19:28.680 [MainThread] DEBUG        [_load_current_image] action=load, path=FRE0210_H4F270FDF10_F6570_FLV6806508_T_-132.191229_886.249284_0152745_0069094_20260826_212006.jpg
09:19:28.680 [MainThread] DEBUG    >>> _abort_hq | old_token=1637, active_hq=0
09:19:28.680 [MainThread] DEBUG    >>> load_image | token=264, path=FRE0210_H4F270FDF10_F6570_FLV6806508_T_-132.191229_886.249284_0152745_0069094_20260826_212006.jpg, has_image=True, active_threads=0, hq_threads=0
09:19:28.682 [Dummy-15  ] DEBUG        [Thread-264] ImageLoad.start | path=FRE0210_H4F270FDF10_F6570_FLV6806508_T_-132.191229_886.249284_0152745_0069094_20260826_212006.jpg
09:19:28.749 [Dummy-15  ] DEBUG        [Thread-264] ImageLoad.success | size=2447x2047
09:19:28.762 [MainThread] DEBUG    >>> _handle_image_loaded | token=264, current_token=264, path=FRE0210_H4F270FDF10_F6570_FLV6806508_T_-132.191229_886.249284_0152745_0069094_20260826_212006.jpg, has_error=False, image_valid=True
09:19:28.763 [MainThread] DEBUG    >>> _abort_hq | old_token=1638, active_hq=0
09:19:28.763 [MainThread] DEBUG        [_handle_image_loaded] action=create_pixmap, size=2447x2047
09:19:28.764 [MainThread] DEBUG        [_handle_image_loaded] action=fit_to_window
09:19:28.764 [MainThread] DEBUG    >>> _abort_hq | old_token=1639, active_hq=0
09:19:28.917 [MainThread] DEBUG    >>> _start_hq_resize | token=1641, target=1056x883, source=2447x2047
09:19:28.918 [Dummy-274 ] DEBUG        [Thread-1641] HqResize.start | target=1056x883
09:19:29.064 [Dummy-274 ] DEBUG        [Thread-1641] HqResize.success | scale=0.432
09:19:29.064 [Dummy-274 ] DEBUG    >>> _cleanup_hq_thread_early | token=1641
09:19:29.065 [MainThread] DEBUG    >>> _handle_hq_resized | token=1641, current_token=1641, has_error=False, image_valid=True, has_image=True
09:19:29.065 [MainThread] DEBUG        [_handle_hq_resized] action=swap_pixmap, scale=0.4315, size=1056x883
09:19:29.067 [MainThread] DEBUG    >>> _swap_pixmap_preserving_view | old_scale=1.0000, new_scale=0.4315, pixmap_size=1056x883
09:19:29.067 [MainThread] DEBUG        [_swap_pixmap] anchor=(1221.7, 1024.7)
09:19:29.067 [MainThread] DEBUG        [_swap_pixmap] status=success
09:19:29.185 [MainThread] DEBUG    >>> _load_current_image | current=FRE0210_H4F270FDF14_F6570_FBE6801709_T_-599.796393_-698.507288_0270003_0189957_20260824_182359.jpg, previous=FRE0210_H4F270FDF10_F6570_FLV6806508_T_-132.191229_886.249284_0152745_0069094_20260826_212006.jpg
09:19:29.186 [MainThread] DEBUG        [_load_current_image] action=load, path=FRE0210_H4F270FDF14_F6570_FBE6801709_T_-599.796393_-698.507288_0270003_0189957_20260824_182359.jpg
09:19:29.186 [MainThread] DEBUG    >>> _abort_hq | old_token=1641, active_hq=0
09:19:29.186 [MainThread] DEBUG    >>> load_image | token=265, path=FRE0210_H4F270FDF14_F6570_FBE6801709_T_-599.796393_-698.507288_0270003_0189957_20260824_182359.jpg, has_image=True, active_threads=0, hq_threads=0
09:19:29.190 [Dummy-401 ] DEBUG        [Thread-265] ImageLoad.start | path=FRE0210_H4F270FDF14_F6570_FBE6801709_T_-599.796393_-698.507288_0270003_0189957_20260824_182359.jpg
09:19:29.283 [Dummy-401 ] DEBUG        [Thread-265] ImageLoad.success | size=2447x2047
09:19:29.298 [MainThread] DEBUG    >>> _handle_image_loaded | token=265, current_token=265, path=FRE0210_H4F270FDF14_F6570_FBE6801709_T_-599.796393_-698.507288_0270003_0189957_20260824_182359.jpg, has_error=False, image_valid=True
09:19:29.300 [MainThread] DEBUG    >>> _abort_hq | old_token=1642, active_hq=0
09:19:29.300 [MainThread] DEBUG        [_handle_image_loaded] action=create_pixmap, size=2447x2047
09:19:29.301 [MainThread] DEBUG        [_handle_image_loaded] action=fit_to_window
09:19:29.301 [MainThread] DEBUG    >>> _abort_hq | old_token=1643, active_hq=0
09:19:29.440 [MainThread] DEBUG    >>> _start_hq_resize | token=1645, target=1056x883, source=2447x2047
09:19:29.441 [Dummy-402 ] DEBUG        [Thread-1645] HqResize.start | target=1056x883
09:19:29.590 [Dummy-402 ] DEBUG        [Thread-1645] HqResize.success | scale=0.432
09:19:29.591 [Dummy-402 ] DEBUG    >>> _cleanup_hq_thread_early | token=1645
09:19:29.591 [MainThread] DEBUG    >>> _handle_hq_resized | token=1645, current_token=1645, has_error=False, image_valid=True, has_image=True
09:19:29.591 [MainThread] DEBUG        [_handle_hq_resized] action=swap_pixmap, scale=0.4315, size=1056x883
09:19:29.593 [MainThread] DEBUG    >>> _swap_pixmap_preserving_view | old_scale=1.0000, new_scale=0.4315, pixmap_size=1056x883
09:19:29.593 [MainThread] DEBUG        [_swap_pixmap] anchor=(1221.7, 1024.7)
09:19:29.593 [MainThread] DEBUG        [_swap_pixmap] status=success
09:19:30.113 [MainThread] DEBUG    >>> classify | key=s, enforce_focus=True, move_in_progress=False, has_session=True
09:19:30.114 [MainThread] DEBUG        [classify] action=start_move, current_image=FRE0210_H4F270FDF14_F6570_FBE6801709_T_-599.796393_-698.507288_0270003_0189957_20260824_182359.jpg
09:19:30.132 [MainThread] DEBUG    >>> _handle_classify_finished | has_record=True, has_error=False, record_key=s, record_category=SP
09:19:30.133 [MainThread] DEBUG        [_handle_classify_finished] action=sync_after_session_change
09:19:30.136 [MainThread] DEBUG    >>> _load_current_image | current=FRE0210_H4F270FDF10_F6570_FLV6806508_T_-132.191229_886.249284_0152745_0069094_20260826_212006.jpg, previous=FRE0210_H4F270FDF14_F6570_FBE6801709_T_-599.796393_-698.507288_0270003_0189957_20260824_182359.jpg
09:19:30.137 [MainThread] DEBUG        [_load_current_image] action=load, path=FRE0210_H4F270FDF10_F6570_FLV6806508_T_-132.191229_886.249284_0152745_0069094_20260826_212006.jpg
09:19:30.137 [MainThread] DEBUG    >>> _abort_hq | old_token=1645, active_hq=0
09:19:30.137 [MainThread] DEBUG    >>> load_image | token=266, path=FRE0210_H4F270FDF10_F6570_FLV6806508_T_-132.191229_886.249284_0152745_0069094_20260826_212006.jpg, has_image=True, active_threads=0, hq_threads=0
09:19:30.143 [Dummy-276 ] DEBUG        [Thread-266] ImageLoad.start | path=FRE0210_H4F270FDF10_F6570_FLV6806508_T_-132.191229_886.249284_0152745_0069094_20260826_212006.jpg
09:19:30.222 [Dummy-276 ] DEBUG        [Thread-266] ImageLoad.success | size=2447x2047
09:19:30.235 [MainThread] DEBUG    >>> _handle_image_loaded | token=266, current_token=266, path=FRE0210_H4F270FDF10_F6570_FLV6806508_T_-132.191229_886.249284_0152745_0069094_20260826_212006.jpg, has_error=False, image_valid=True
09:19:30.237 [MainThread] DEBUG    >>> _abort_hq | old_token=1646, active_hq=0
09:19:30.237 [MainThread] DEBUG        [_handle_image_loaded] action=create_pixmap, size=2447x2047
09:19:30.237 [MainThread] DEBUG        [_handle_image_loaded] action=fit_to_window
09:19:30.237 [MainThread] DEBUG    >>> _abort_hq | old_token=1647, active_hq=0
09:19:30.375 [MainThread] DEBUG    >>> _start_hq_resize | token=1649, target=1056x883, source=2447x2047
09:19:30.376 [Dummy-277 ] DEBUG        [Thread-1649] HqResize.start | target=1056x883
09:19:30.525 [Dummy-277 ] DEBUG        [Thread-1649] HqResize.success | scale=0.432
09:19:30.525 [Dummy-277 ] DEBUG    >>> _cleanup_hq_thread_early | token=1649
09:19:30.525 [MainThread] DEBUG    >>> _handle_hq_resized | token=1649, current_token=1649, has_error=False, image_valid=True, has_image=True
09:19:30.525 [MainThread] DEBUG        [_handle_hq_resized] action=swap_pixmap, scale=0.4315, size=1056x883
09:19:30.527 [MainThread] DEBUG    >>> _swap_pixmap_preserving_view | old_scale=1.0000, new_scale=0.4315, pixmap_size=1056x883
09:19:30.528 [MainThread] DEBUG        [_swap_pixmap] anchor=(1221.7, 1024.7)
09:19:30.528 [MainThread] DEBUG        [_swap_pixmap] status=success
09:19:31.034 [MainThread] DEBUG    >>> classify | key=s, enforce_focus=True, move_in_progress=False, has_session=True
09:19:31.034 [MainThread] DEBUG        [classify] action=start_move, current_image=FRE0210_H4F270FDF10_F6570_FLV6806508_T_-132.191229_886.249284_0152745_0069094_20260826_212006.jpg
09:19:31.048 [MainThread] DEBUG    >>> _handle_classify_finished | has_record=True, has_error=False, record_key=s, record_category=SP
09:19:31.049 [MainThread] DEBUG        [_handle_classify_finished] action=sync_after_session_change
09:19:31.050 [MainThread] DEBUG    >>> _load_current_image | current=FRE0610_H4F067HDF11_F6570_FFE6801346_T_716.998856_1232.590954_0068176_0153560_20260826_141206.jpg, previous=FRE0210_H4F270FDF10_F6570_FLV6806508_T_-132.191229_886.249284_0152745_0069094_20260826_212006.jpg
09:19:31.050 [MainThread] DEBUG        [_load_current_image] action=load, path=FRE0610_H4F067HDF11_F6570_FFE6801346_T_716.998856_1232.590954_0068176_0153560_20260826_141206.jpg
09:19:31.050 [MainThread] DEBUG    >>> _abort_hq | old_token=1649, active_hq=0
09:19:31.050 [MainThread] DEBUG    >>> load_image | token=267, path=FRE0610_H4F067HDF11_F6570_FFE6801346_T_716.998856_1232.590954_0068176_0153560_20260826_141206.jpg, has_image=True, active_threads=0, hq_threads=0
09:19:31.053 [Dummy-403 ] DEBUG        [Thread-267] ImageLoad.start | path=FRE0610_H4F067HDF11_F6570_FFE6801346_T_716.998856_1232.590954_0068176_0153560_20260826_141206.jpg
09:19:31.130 [Dummy-403 ] DEBUG        [Thread-267] ImageLoad.success | size=2447x2047
09:19:31.144 [MainThread] DEBUG    >>> _handle_image_loaded | token=267, current_token=267, path=FRE0610_H4F067HDF11_F6570_FFE6801346_T_716.998856_1232.590954_0068176_0153560_20260826_141206.jpg, has_error=False, image_valid=True
09:19:31.145 [MainThread] DEBUG    >>> _abort_hq | old_token=1650, active_hq=0
09:19:31.145 [MainThread] DEBUG        [_handle_image_loaded] action=create_pixmap, size=2447x2047
09:19:31.146 [MainThread] DEBUG        [_handle_image_loaded] action=fit_to_window
09:19:31.146 [MainThread] DEBUG    >>> _abort_hq | old_token=1651, active_hq=0
09:19:31.285 [MainThread] DEBUG    >>> _start_hq_resize | token=1653, target=1056x883, source=2447x2047
09:19:31.286 [Dummy-404 ] DEBUG        [Thread-1653] HqResize.start | target=1056x883
09:19:31.436 [Dummy-404 ] DEBUG        [Thread-1653] HqResize.success | scale=0.432
09:19:31.436 [Dummy-404 ] DEBUG    >>> _cleanup_hq_thread_early | token=1653
09:19:31.436 [MainThread] DEBUG    >>> _handle_hq_resized | token=1653, current_token=1653, has_error=False, image_valid=True, has_image=True
09:19:31.436 [MainThread] DEBUG        [_handle_hq_resized] action=swap_pixmap, scale=0.4315, size=1056x883
09:19:31.438 [MainThread] DEBUG    >>> _swap_pixmap_preserving_view | old_scale=1.0000, new_scale=0.4315, pixmap_size=1056x883
09:19:31.439 [MainThread] DEBUG        [_swap_pixmap] anchor=(1221.7, 1024.7)
09:19:31.439 [MainThread] DEBUG        [_swap_pixmap] status=success
09:19:31.929 [MainThread] DEBUG    >>> _load_current_image | current=FRE0140_H4F069HDF04_F6570_FUJ6810536_R_-3.218506_-799.988395_0068403_0185734_20260905_071627.jpg, previous=FRE0610_H4F067HDF11_F6570_FFE6801346_T_716.998856_1232.590954_0068176_0153560_20260826_141206.jpg
09:19:31.929 [MainThread] DEBUG        [_load_current_image] action=load, path=FRE0140_H4F069HDF04_F6570_FUJ6810536_R_-3.218506_-799.988395_0068403_0185734_20260905_071627.jpg
09:19:31.929 [MainThread] DEBUG    >>> _abort_hq | old_token=1653, active_hq=0
09:19:31.929 [MainThread] DEBUG    >>> load_image | token=268, path=FRE0140_H4F069HDF04_F6570_FUJ6810536_R_-3.218506_-799.988395_0068403_0185734_20260905_071627.jpg, has_image=True, active_threads=0, hq_threads=0
09:19:31.931 [Dummy-405 ] DEBUG        [Thread-268] ImageLoad.start | path=FRE0140_H4F069HDF04_F6570_FUJ6810536_R_-3.218506_-799.988395_0068403_0185734_20260905_071627.jpg
09:19:32.013 [Dummy-405 ] DEBUG        [Thread-268] ImageLoad.success | size=2447x2047
09:19:32.021 [MainThread] DEBUG    >>> _handle_image_loaded | token=268, current_token=268, path=FRE0140_H4F069HDF04_F6570_FUJ6810536_R_-3.218506_-799.988395_0068403_0185734_20260905_071627.jpg, has_error=False, image_valid=True
09:19:32.023 [MainThread] DEBUG    >>> _abort_hq | old_token=1654, active_hq=0
09:19:32.023 [MainThread] DEBUG        [_handle_image_loaded] action=create_pixmap, size=2447x2047
09:19:32.024 [MainThread] DEBUG        [_handle_image_loaded] action=fit_to_window
09:19:32.024 [MainThread] DEBUG    >>> _abort_hq | old_token=1655, active_hq=0
09:19:32.181 [MainThread] DEBUG    >>> _start_hq_resize | token=1657, target=1056x883, source=2447x2047
09:19:32.183 [Dummy-11  ] DEBUG        [Thread-1657] HqResize.start | target=1056x883
09:19:32.352 [Dummy-11  ] DEBUG        [Thread-1657] HqResize.success | scale=0.432
09:19:32.353 [Dummy-11  ] DEBUG    >>> _cleanup_hq_thread_early | token=1657
09:19:32.353 [MainThread] DEBUG    >>> _handle_hq_resized | token=1657, current_token=1657, has_error=False, image_valid=True, has_image=True
09:19:32.353 [MainThread] DEBUG        [_handle_hq_resized] action=swap_pixmap, scale=0.4315, size=1056x883
09:19:32.355 [MainThread] DEBUG    >>> _swap_pixmap_preserving_view | old_scale=1.0000, new_scale=0.4315, pixmap_size=1056x883
09:19:32.355 [MainThread] DEBUG        [_swap_pixmap] anchor=(1221.7, 1024.7)
09:19:32.355 [MainThread] DEBUG        [_swap_pixmap] status=success
09:19:32.425 [MainThread] DEBUG    >>> _load_current_image | current=FRE0130_H4F065HDF09_F6570_FVJ6803037_R_-873.558635_-267.507590_0194923_0160189_20260829_073454.jpg, previous=FRE0140_H4F069HDF04_F6570_FUJ6810536_R_-3.218506_-799.988395_0068403_0185734_20260905_071627.jpg
09:19:32.425 [MainThread] DEBUG        [_load_current_image] action=load, path=FRE0130_H4F065HDF09_F6570_FVJ6803037_R_-873.558635_-267.507590_0194923_0160189_20260829_073454.jpg
09:19:32.425 [MainThread] DEBUG    >>> _abort_hq | old_token=1657, active_hq=0
09:19:32.425 [MainThread] DEBUG    >>> load_image | token=269, path=FRE0130_H4F065HDF09_F6570_FVJ6803037_R_-873.558635_-267.507590_0194923_0160189_20260829_073454.jpg, has_image=True, active_threads=0, hq_threads=0
09:19:32.426 [Dummy-406 ] DEBUG        [Thread-269] ImageLoad.start | path=FRE0130_H4F065HDF09_F6570_FVJ6803037_R_-873.558635_-267.507590_0194923_0160189_20260829_073454.jpg
09:19:32.497 [Dummy-406 ] DEBUG        [Thread-269] ImageLoad.success | size=2447x2047
09:19:32.504 [MainThread] DEBUG    >>> _handle_image_loaded | token=269, current_token=269, path=FRE0130_H4F065HDF09_F6570_FVJ6803037_R_-873.558635_-267.507590_0194923_0160189_20260829_073454.jpg, has_error=False, image_valid=True
09:19:32.506 [MainThread] DEBUG    >>> _abort_hq | old_token=1658, active_hq=0
09:19:32.506 [MainThread] DEBUG        [_handle_image_loaded] action=create_pixmap, size=2447x2047
09:19:32.507 [MainThread] DEBUG        [_handle_image_loaded] action=fit_to_window
09:19:32.507 [MainThread] DEBUG    >>> _abort_hq | old_token=1659, active_hq=0
09:19:32.655 [MainThread] DEBUG    >>> _start_hq_resize | token=1661, target=1056x883, source=2447x2047
09:19:32.659 [Dummy-83  ] DEBUG        [Thread-1661] HqResize.start | target=1056x883
09:19:32.822 [Dummy-83  ] DEBUG        [Thread-1661] HqResize.success | scale=0.432
09:19:32.823 [Dummy-83  ] DEBUG    >>> _cleanup_hq_thread_early | token=1661
09:19:32.823 [MainThread] DEBUG    >>> _handle_hq_resized | token=1661, current_token=1661, has_error=False, image_valid=True, has_image=True
09:19:32.823 [MainThread] DEBUG        [_handle_hq_resized] action=swap_pixmap, scale=0.4315, size=1056x883
09:19:32.825 [MainThread] DEBUG    >>> _swap_pixmap_preserving_view | old_scale=1.0000, new_scale=0.4315, pixmap_size=1056x883
09:19:32.825 [MainThread] DEBUG        [_swap_pixmap] anchor=(1221.7, 1024.7)
09:19:32.825 [MainThread] DEBUG        [_swap_pixmap] status=success
09:19:32.841 [MainThread] DEBUG    >>> _load_current_image | current=FRE0130_H4F065HDF09_F6570_FVJ6800702_R_-940.042055_724.437380_0213203_0068403_20260828_164330.jpg, previous=FRE0130_H4F065HDF09_F6570_FVJ6803037_R_-873.558635_-267.507590_0194923_0160189_20260829_073454.jpg
09:19:32.841 [MainThread] DEBUG        [_load_current_image] action=load, path=FRE0130_H4F065HDF09_F6570_FVJ6800702_R_-940.042055_724.437380_0213203_0068403_20260828_164330.jpg
09:19:32.841 [MainThread] DEBUG    >>> _abort_hq | old_token=1661, active_hq=0
09:19:32.841 [MainThread] DEBUG    >>> load_image | token=270, path=FRE0130_H4F065HDF09_F6570_FVJ6800702_R_-940.042055_724.437380_0213203_0068403_20260828_164330.jpg, has_image=True, active_threads=0, hq_threads=0
09:19:32.842 [Dummy-407 ] DEBUG        [Thread-270] ImageLoad.start | path=FRE0130_H4F065HDF09_F6570_FVJ6800702_R_-940.042055_724.437380_0213203_0068403_20260828_164330.jpg
09:19:32.913 [Dummy-407 ] DEBUG        [Thread-270] ImageLoad.success | size=2447x2047
09:19:32.919 [MainThread] DEBUG    >>> _handle_image_loaded | token=270, current_token=270, path=FRE0130_H4F065HDF09_F6570_FVJ6800702_R_-940.042055_724.437380_0213203_0068403_20260828_164330.jpg, has_error=False, image_valid=True
09:19:32.922 [MainThread] DEBUG    >>> _abort_hq | old_token=1662, active_hq=0
09:19:32.922 [MainThread] DEBUG        [_handle_image_loaded] action=create_pixmap, size=2447x2047
09:19:32.922 [MainThread] DEBUG        [_handle_image_loaded] action=fit_to_window
09:19:32.922 [MainThread] DEBUG    >>> _abort_hq | old_token=1663, active_hq=0
09:19:33.077 [MainThread] DEBUG    >>> _start_hq_resize | token=1665, target=1056x883, source=2447x2047
09:19:33.080 [Dummy-408 ] DEBUG        [Thread-1665] HqResize.start | target=1056x883
09:19:33.243 [Dummy-408 ] DEBUG        [Thread-1665] HqResize.success | scale=0.432
09:19:33.244 [Dummy-408 ] DEBUG    >>> _cleanup_hq_thread_early | token=1665
09:19:33.244 [MainThread] DEBUG    >>> _handle_hq_resized | token=1665, current_token=1665, has_error=False, image_valid=True, has_image=True
09:19:33.244 [MainThread] DEBUG        [_handle_hq_resized] action=swap_pixmap, scale=0.4315, size=1056x883
09:19:33.246 [MainThread] DEBUG    >>> _swap_pixmap_preserving_view | old_scale=1.0000, new_scale=0.4315, pixmap_size=1056x883
09:19:33.246 [MainThread] DEBUG        [_swap_pixmap] anchor=(1221.7, 1024.7)
09:19:33.246 [MainThread] DEBUG        [_swap_pixmap] status=success
09:19:33.288 [MainThread] DEBUG    >>> next_image | current=1, requested=2, total=9
09:19:33.288 [MainThread] DEBUG    >>> _load_current_image | current=FRE0130_H4F065HDF09_F6570_FVJ6803037_R_-873.558635_-267.507590_0194923_0160189_20260829_073454.jpg, previous=FRE0130_H4F065HDF09_F6570_FVJ6800702_R_-940.042055_724.437380_0213203_0068403_20260828_164330.jpg
09:19:33.288 [MainThread] DEBUG        [_load_current_image] action=load, path=FRE0130_H4F065HDF09_F6570_FVJ6803037_R_-873.558635_-267.507590_0194923_0160189_20260829_073454.jpg
09:19:33.289 [MainThread] DEBUG    >>> _abort_hq | old_token=1665, active_hq=0
09:19:33.289 [MainThread] DEBUG    >>> load_image | token=271, path=FRE0130_H4F065HDF09_F6570_FVJ6803037_R_-873.558635_-267.507590_0194923_0160189_20260829_073454.jpg, has_image=True, active_threads=0, hq_threads=0
09:19:33.290 [Dummy-409 ] DEBUG        [Thread-271] ImageLoad.start | path=FRE0130_H4F065HDF09_F6570_FVJ6803037_R_-873.558635_-267.507590_0194923_0160189_20260829_073454.jpg
09:19:33.383 [Dummy-409 ] DEBUG        [Thread-271] ImageLoad.success | size=2447x2047
09:19:33.390 [MainThread] DEBUG    >>> _handle_image_loaded | token=271, current_token=271, path=FRE0130_H4F065HDF09_F6570_FVJ6803037_R_-873.558635_-267.507590_0194923_0160189_20260829_073454.jpg, has_error=False, image_valid=True
09:19:33.392 [MainThread] DEBUG    >>> _abort_hq | old_token=1666, active_hq=0
09:19:33.392 [MainThread] DEBUG        [_handle_image_loaded] action=create_pixmap, size=2447x2047
09:19:33.393 [MainThread] DEBUG        [_handle_image_loaded] action=fit_to_window
09:19:33.393 [MainThread] DEBUG    >>> _abort_hq | old_token=1667, active_hq=0
09:19:33.521 [MainThread] DEBUG    >>> next_image | current=2, requested=3, total=9
09:19:33.521 [MainThread] DEBUG    >>> _load_current_image | current=FRE0140_H4F069HDF04_F6570_FUJ6810536_R_-3.218506_-799.988395_0068403_0185734_20260905_071627.jpg, previous=FRE0130_H4F065HDF09_F6570_FVJ6803037_R_-873.558635_-267.507590_0194923_0160189_20260829_073454.jpg
09:19:33.521 [MainThread] DEBUG        [_load_current_image] action=load, path=FRE0140_H4F069HDF04_F6570_FUJ6810536_R_-3.218506_-799.988395_0068403_0185734_20260905_071627.jpg
09:19:33.522 [MainThread] DEBUG    >>> _abort_hq | old_token=1668, active_hq=0
09:19:33.522 [MainThread] DEBUG    >>> load_image | token=272, path=FRE0140_H4F069HDF04_F6570_FUJ6810536_R_-3.218506_-799.988395_0068403_0185734_20260905_071627.jpg, has_image=True, active_threads=0, hq_threads=0
09:19:33.524 [Dummy-410 ] DEBUG        [Thread-272] ImageLoad.start | path=FRE0140_H4F069HDF04_F6570_FUJ6810536_R_-3.218506_-799.988395_0068403_0185734_20260905_071627.jpg
09:19:33.599 [Dummy-410 ] DEBUG        [Thread-272] ImageLoad.success | size=2447x2047
09:19:33.606 [MainThread] DEBUG    >>> _handle_image_loaded | token=272, current_token=272, path=FRE0140_H4F069HDF04_F6570_FUJ6810536_R_-3.218506_-799.988395_0068403_0185734_20260905_071627.jpg, has_error=False, image_valid=True
09:19:33.606 [MainThread] DEBUG    >>> _abort_hq | old_token=1669, active_hq=0
09:19:33.606 [MainThread] DEBUG        [_handle_image_loaded] action=create_pixmap, size=2447x2047
09:19:33.608 [MainThread] DEBUG        [_handle_image_loaded] action=fit_to_window
09:19:33.608 [MainThread] DEBUG    >>> _abort_hq | old_token=1670, active_hq=0
